curve,observable,ensemble_group,embedding_dimension,n_points_used,steps_used,coordinate_step,threshold_trimmed,quality_status,Exp1,Exp2,LLE,sum_exponents,positive_count,KS_entropy_proxy,Kaplan_Yorke_dim,Exp3,Exp4,Exp5,Exp6,Exp7,Exp8,Exp9,Exp10
1,transmission_proxy,transmission_proxy_samples,2,3499,180,0.003943188978335899,False,valid,287.899483921413,-80.03137093838482,287.899483921413,207.86811298302814,1,287.899483921413,2.0,,,,,,,,
1,transmission_proxy,transmission_proxy_samples,3,3498,180,0.003943188978335899,False,valid,162.70183098448427,11.65778351189107,162.70183098448427,11.43903909498772,2,174.35961449637534,3.0,-162.92057540138762,,,,,,,
1,transmission_proxy,transmission_proxy_samples,4,3497,180,0.003943188978335899,False,valid,112.10759591770496,32.478008921391,112.10759591770496,-108.00498784108635,2,144.58560483909596,3.4905102635219554,-40.60401059965975,-211.98658208052257,,,,,,
1,transmission_proxy,transmission_proxy_samples,5,3496,180,0.003943188978335899,False,valid,95.39158375155114,29.29874049758893,95.39158375155114,-80.42561689241788,3,126.25191021105246,4.484462615374238,1.5615859619123842,-50.674064908772586,-156.00346219469776,,,,,
1,transmission_proxy,transmission_proxy_samples,6,3495,180,0.003943188978335899,False,valid,105.70894332746448,60.2974783204811,105.70894332746448,-70.92163303902768,3,183.00276351966846,5.584282575540282,16.996341871722883,-17.8188039657041,-65.50501425254691,-170.60057834044514,,,,
1,transmission_proxy,transmission_proxy_samples,7,3494,180,0.003943188978335899,False,valid,73.02453146910706,53.211200425182554,73.02453146910706,-132.47694766434387,3,146.02876493850655,6.183322550161028,19.793033044216937,-18.52910874645125,-19.48700639267915,-78.27506871621368,-162.21452874750636,,,
1,transmission_proxy,transmission_proxy_samples,8,3493,180,0.003943188978335899,False,valid,77.53540451495444,58.22562942222609,77.53540451495444,-109.70160846067768,4,159.6524536235175,7.227976080397651,23.116235129274035,0.7751845570629504,-16.129364433631558,-36.96579753699222,-74.1627737174066,-142.0961263961648,,
1,transmission_proxy,transmission_proxy_samples,9,3492,180,0.003943188978335899,False,valid,77.18172429494015,52.12402665069788,77.18172429494015,-141.6305161064912,4,158.17638531883915,8.160250167782237,24.71102498703279,4.159609386168316,-3.714119725877441,-14.873215009068478,-33.794619941402146,-78.76695996207445,-168.65798678690783,
1,transmission_proxy,transmission_proxy_samples,10,3491,180,0.003943188978335899,False,valid,72.13183460800495,42.251216188529085,72.13183460800495,-208.6647248995627,4,159.32109945993534,8.924733004638114,26.22216835345412,18.715880309947195,-3.2471263987093053,-8.619536515807807,-31.311568795759495,-40.261912759572425,-82.0571501281937,-202.4885297614553
2,transmission_proxy,transmission_proxy_samples,2,3499,180,0.0039471882891817245,False,valid,280.12938709497905,-64.1821289889017,280.12938709497905,215.94725810607736,1,280.12938709497905,2.0,,,,,,,,
2,transmission_proxy,transmission_proxy_samples,3,3498,180,0.0039471882891817245,False,valid,159.89455411505014,39.6864932283507,159.89455411505014,23.68181801640202,2,199.58104734340083,3.0,-175.8992293269988,,,,,,,
2,transmission_proxy,transmission_proxy_samples,4,3497,180,0.0039471882891817245,False,valid,128.49264703517588,34.72031325593707,128.49264703517588,-62.32072062673576,2,163.21296029111295,3.627436689991953,-58.25816303233752,-167.2755178855112,,,,,,
2,transmission_proxy,transmission_proxy_samples,5,3496,180,0.0039471882891817245,False,valid,108.61128489989824,44.973345265053204,108.61128489989824,-83.83412567584733,3,154.47426774679923,4.50691372612507,0.8896375818477806,-68.28920992959286,-170.0191834930537,,,,,
2,transmission_proxy,transmission_proxy_samples,6,3495,180,0.0039471882891817245,False,valid,100.69236904787205,55.623896554294205,100.69236904787205,-69.8360354438837,3,184.867930077929,5.582862687800517,28.551664475762752,-21.986954074860098,-65.29963256120212,-167.41737888575048,,,,
2,transmission_proxy,transmission_proxy_samples,7,3494,180,0.0039471882891817245,False,valid,98.86881950021298,42.351190716632935,98.86881950021298,-153.40110732991326,3,161.2600644872674,6.163166835981352,20.040054270421514,-15.054871388089975,-44.16795541547093,-72.12688709619076,-183.31145791742904,,,
2,transmission_proxy,transmission_proxy_samples,8,3493,180,0.0039471882891817245,False,valid,81.72041873093964,50.792576171291536,81.72041873093964,-130.18845472301186,4,161.16547378336014,7.238738639120096,18.06181703546796,10.590661845661018,-14.248829018522349,-35.50834005813661,-70.57999513139936,-171.01676429831372,,
2,transmission_proxy,transmission_proxy_samples,9,3492,180,0.0039471882891817245,False,valid,71.59599209916195,51.28937985672208,71.59599209916195,-155.7763762678935,4,169.09158386608678,8.203880474044249,37.13314227801574,9.073069632187014,-0.8318202507193645,-26.697880156143924,-34.91249469983569,-66.75618126612135,-195.66958376115997,
2,transmission_proxy,transmission_proxy_samples,10,3491,180,0.0039471882891817245,False,valid,71.76444316413362,48.32843510534685,71.76444316413362,-205.3159070895312,5,162.25106658309585,8.90252333433598,24.441998017381977,14.56347834328198,3.1527119529514014,-19.357487803517614,-25.451926120143845,-48.453032103646194,-76.43970846088408,-197.8648191844353
3M,transmission_proxy,transmission_proxy_samples,2,3499,180,0.0039471882891817245,False,valid,294.37711700499796,-100.77562449993675,294.37711700499796,193.6014925050612,1,294.37711700499796,2.0,,,,,,,,
3M,transmission_proxy,transmission_proxy_samples,3,3498,180,0.0039471882891817245,False,valid,154.60615072975264,31.144293327940574,154.60615072975264,19.146340316842327,2,185.75044405769322,3.0,-166.6041037408509,,,,,,,
3M,transmission_proxy,transmission_proxy_samples,4,3497,180,0.0039471882891817245,False,valid,123.20474971879665,41.38893117640008,123.20474971879665,-23.09746144527267,2,164.5936808951967,3.8579529597615503,-25.086828963009545,-162.60431337745985,,,,,,
3M,transmission_proxy,transmission_proxy_samples,5,3496,180,0.0039471882891817245,False,valid,100.03047938324814,55.71527713650349,100.03047938324814,-75.46664283537686,2,155.74575651975164,4.514772495546855,-5.6009558375193915,-70.0830735410785,-155.5283699765306,,,,,
3M,transmission_proxy,transmission_proxy_samples,6,3495,180,0.0039471882891817245,False,valid,116.12564159858181,58.23322915194058,116.12564159858181,-135.22511395084805,3,182.91744365763742,5.397638155111263,8.558572907115026,-23.059515036685735,-70.59154282246547,-224.49149974933428,,,,
3M,transmission_proxy,transmission_proxy_samples,7,3494,180,0.0039471882891817245,False,valid,111.36437652807308,50.089758326800315,111.36437652807308,-97.61026890709687,3,181.08700952658862,6.389386092250623,19.632874671715236,-9.811962160925143,-30.035405140031717,-78.99395687372265,-159.85595425900598,,,
3M,transmission_proxy,transmission_proxy_samples,8,3493,180,0.0039471882891817245,False,valid,88.34824480398426,42.77255450686437,88.34824480398426,-140.6923659064318,4,168.11827556504244,7.2399546828336305,30.917995495733518,6.07948075846032,-7.278528105513127,-41.703091466538645,-74.71852555301153,-185.1104963464109,,
3M,transmission_proxy,transmission_proxy_samples,9,3492,180,0.0039471882891817245,False,valid,85.32528744398324,46.767030181890505,85.32528744398324,-163.88442207252953,4,173.40673305356893,8.143257317460044,31.312333909574907,10.00208151812027,-10.327229815809398,-16.83280967198304,-39.15980878573049,-79.6835078291078,-191.28779902346773,
3M,transmission_proxy,transmission_proxy_samples,10,3491,180,0.0039471882891817245,False,valid,82.04805979190219,49.12159836945192,82.04805979190219,-156.56990487400157,5,169.84789020361458,8.923387494990408,27.43029595275547,8.190940231194553,3.0569958583104446,-5.352247193267878,-30.59416616237791,-42.46189379566789,-99.02623064356088,-148.9832572827416
4M,transmission_proxy,transmission_proxy_samples,2,3499,180,0.003946616924808133,False,valid,297.6523243477814,-28.14246989589854,297.6523243477814,269.50985445188286,1,297.6523243477814,2.0,,,,,,,,
4M,transmission_proxy,transmission_proxy_samples,3,3498,180,0.003946616924808133,False,valid,179.43521879325206,29.399331794396453,179.43521879325206,49.47521287003255,2,208.83455058764852,3.0,-159.35933771761597,,,,,,,
4M,transmission_proxy,transmission_proxy_samples,4,3497,180,0.003946616924808133,False,valid,133.15549513656188,30.08108993937232,133.15549513656188,-68.78974041222014,2,163.23658507593422,3.591716396439259,-63.541135751685346,-168.485189736469,,,,,,
4M,transmission_proxy,transmission_proxy_samples,5,3496,180,0.003946616924808133,False,valid,96.58737300649742,33.41391638090362,96.58737300649742,-139.75634631231298,3,132.68787856053657,4.263655590675742,2.6865891731355216,-82.64670004263128,-189.7975248302183,,,,,
4M,transmission_proxy,transmission_proxy_samples,6,3495,180,0.003946616924808133,False,valid,102.36898118765073,53.214096672416204,102.36898118765073,-102.33803735121937,3,164.02767213354505,5.4570724208235895,8.444594273478117,-27.782111498286305,-50.090617934772766,-188.49298005170536,,,,
4M,transmission_proxy,transmission_proxy_samples,7,3494,180,0.003946616924808133,False,valid,84.39834369156748,62.88526303624106,84.39834369156748,-99.26887318821302,3,174.0464525219841,6.39300538244988,26.76284579417555,-8.966368730862992,-25.37550647660925,-75.43184680799901,-163.54160369472586,,,
4M,transmission_proxy,transmission_proxy_samples,8,3493,180,0.003946616924808133,False,valid,96.5643692956186,53.29441785076118,96.5643692956186,-88.32814673117946,4,188.33810139630145,7.434270135671795,24.735520355990438,13.743793893931237,-11.652755466457013,-40.44316438222557,-68.43901490705656,-156.13131337174178,,
4M,transmission_proxy,transmission_proxy_samples,9,3492,180,0.003946616924808133,False,valid,93.82965524047542,61.020699284872215,93.82965524047542,-143.6391552982801,4,187.65555220372246,8.173314926423446,21.774807442254186,11.030390236120667,-6.750345352084552,-16.032497487879873,-51.97812446478602,-82.78056635942954,-173.7531738378226,
4M,transmission_proxy,transmission_proxy_samples,10,3491,180,0.003946616924808133,False,valid,70.94427118872441,55.54215769843026,70.94427118872441,-167.76285997195708,5,175.82628563401374,9.094324246792254,29.78732241930936,18.034074479395528,1.5184598481541818,-10.42792766695906,-30.454470643095394,-47.018986466076065,-70.45274777161252,-185.2350130582278
5I,transmission_proxy,transmission_proxy_samples,2,3499,180,0.003946045570844436,False,valid,303.7424648853165,-35.52975699037415,303.7424648853165,268.21270789494235,1,303.7424648853165,2.0,,,,,,,,
5I,transmission_proxy,transmission_proxy_samples,3,3498,180,0.003946045570844436,False,valid,161.47705773735595,21.135126838094582,161.47705773735595,47.71481108402628,2,182.61218457545053,3.0,-134.89737349142425,,,,,,,
5I,transmission_proxy,transmission_proxy_samples,4,3497,180,0.003946045570844436,False,valid,115.08296022419837,41.70316262755366,115.08296022419837,-58.56033631146752,2,156.78612285175203,3.6659183356004057,-40.05896945105045,-175.2874897121691,,,,,,
5I,transmission_proxy,transmission_proxy_samples,5,3496,180,0.003946045570844436,False,valid,97.53486216660576,42.495237163374945,97.53486216660576,-69.02176649915943,3,152.80181615184586,4.5519259783760235,12.77171682186515,-67.78259127863997,-154.0409913723653,,,,,
5I,transmission_proxy,transmission_proxy_samples,6,3495,180,0.003946045570844436,False,valid,95.70889041827164,37.966254897200585,95.70889041827164,-132.3544404843626,3,145.4791567377909,5.351532432207189,11.804011422318688,-23.65703755938421,-50.0731517855523,-204.103407877217,,,,
5I,transmission_proxy,transmission_proxy_samples,7,3494,180,0.003946045570844436,False,valid,104.90913781492286,47.13308398591172,104.90913781492286,-131.7770449882965,4,171.27414644998427,6.2720036740498895,15.477895642951083,3.754029006198639,-42.00408593466381,-80.03376753612919,-181.0133379674878,,,
5I,transmission_proxy,transmission_proxy_samples,8,3493,180,0.003946045570844436,False,valid,90.78058621481772,46.588211372172715,90.78058621481772,-135.01992918852517,4,169.8135327079072,7.201934347954822,27.599167952908612,4.845567168008149,-16.09880541286942,-40.615597471049995,-78.93507165193189,-169.18398736058106,,
5I,transmission_proxy,transmission_proxy_samples,9,3492,180,0.003946045570844436,False,valid,98.27729180666275,46.754180334397525,98.27729180666275,-114.68823597709013,4,188.62011270429872,8.230433063858415,34.7022939048331,8.886346658405321,-8.38484544467593,-24.104079671554928,-35.241040873093134,-86.54880437869764,-149.02957831336718,
5I,transmission_proxy,transmission_proxy_samples,10,3491,180,0.003946045570844436,False,valid,81.34584401792914,48.65748578397222,81.34584401792914,-141.72957206683824,5,192.36135497749623,9.182674108845502,38.252982634553675,21.719969682307212,2.385072858733976,-12.585767539655592,-32.1386783648888,-40.927290892103436,-75.03275151779263,-173.406438729894
6I,transmission_proxy,transmission_proxy_samples,2,3499,180,0.003946616924808133,False,valid,261.5348178726159,-110.27121629136249,261.5348178726159,151.26360158125343,1,261.5348178726159,2.0,,,,,,,,
6I,transmission_proxy,transmission_proxy_samples,3,3498,180,0.003946616924808133,False,valid,135.88628006637916,7.9128517716908755,135.88628006637916,-29.305975298009542,2,143.79913183807002,2.830704155510717,-173.10510713607957,,,,,,,
6I,transmission_proxy,transmission_proxy_samples,4,3497,180,0.003946616924808133,False,valid,117.96820554203262,27.409263748221683,117.96820554203262,-68.2304036752972,2,145.3774692902543,3.582790195073883,-50.06808346472564,-163.53978950082586,,,,,,
6I,transmission_proxy,transmission_proxy_samples,5,3496,180,0.003946616924808133,False,valid,95.33820721505893,45.64044291304627,95.33820721505893,-110.49677800011955,2,140.9786501281052,4.317515876468159,-12.969053309785656,-76.6025675499252,-161.90380726851387,,,,,
6I,transmission_proxy,transmission_proxy_samples,6,3495,180,0.003946616924808133,False,valid,115.21648671800297,45.51934509668327,115.21648671800297,-88.52531423234561,3,180.8612466653781,5.458698266978188,20.125414850691858,-31.157008177037394,-74.68802157103664,-163.54153114964967,,,,
6I,transmission_proxy,transmission_proxy_samples,7,3494,180,0.003946616924808133,False,valid,99.94682685572752,49.43929966974239,99.94682685572752,-155.3583641855829,4,168.91857254427535,6.193777244131839,18.660522010764815,0.8719240080406261,-36.47921484760789,-95.0986656291316,-192.69905625311875,,,
6I,transmission_proxy,transmission_proxy_samples,8,3493,180,0.003946616924808133,False,valid,90.7460526928332,45.40176874369455,90.7460526928332,-189.34848674158155,3,164.27186746193772,7.058284399537986,28.124046025409967,-5.143333369721195,-25.51640454325407,-48.89068579548817,-73.00233997336805,-201.06759052168775,,
6I,transmission_proxy,transmission_proxy_samples,9,3492,180,0.003946616924808133,False,valid,85.51425808929017,40.391654494541214,85.51425808929017,-200.9759230692039,4,161.43358835369168,8.047799746878182,30.636847462445797,4.890828307414504,-5.710652778180449,-21.308977014129958,-42.23357164970631,-82.09154454913487,-211.06476543174398,
6I,transmission_proxy,transmission_proxy_samples,10,3491,180,0.003946616924808133,False,valid,76.26590463224402,43.39040130764479,76.26590463224402,-194.733921198821,5,160.11524433331536,8.918569862334582,21.992775583309523,14.013307658036004,4.452855152081003,-9.884504475529567,-33.5250522583974,-47.750001426710554,-75.06852663054207,-188.62108074095673
