run_id,off_axis_cm,energy_lower_MeV,energy_upper_MeV,mc_lethargy_flux_n_cm2_per_uC,mc_sigma_lethargy_flux_n_cm2_per_uC,geometry_id,source_normalization_id,shield_thickness_cm
N002_JAERI_TIARA_68MEV__TRANS__JAERI_68MEV_BC501A_T025_FE080,0,6,7,699.842924387924,12.836923021045855,JAERI_68MEV_BC501A_T025_FE080,JAERI_68MEV_PEAK_4.77E9_N_SR_UC,25.0
N002_JAERI_TIARA_68MEV__TRANS__JAERI_68MEV_BC501A_T025_FE080,0,7,8,663.5743993818171,13.489960920570322,JAERI_68MEV_BC501A_T025_FE080,JAERI_68MEV_PEAK_4.77E9_N_SR_UC,25.0
N002_JAERI_TIARA_68MEV__TRANS__JAERI_68MEV_BC501A_T025_FE080,0,8,9,766.7042637800951,15.855178305644502,JAERI_68MEV_BC501A_T025_FE080,JAERI_68MEV_PEAK_4.77E9_N_SR_UC,25.0
N002_JAERI_TIARA_68MEV__TRANS__JAERI_68MEV_BC501A_T025_FE080,0,9,10,789.810963008865,17.037859084089494,JAERI_68MEV_BC501A_T025_FE080,JAERI_68MEV_PEAK_4.77E9_N_SR_UC,25.0
N002_JAERI_TIARA_68MEV__TRANS__JAERI_68MEV_BC501A_T025_FE080,0,10,11,833.6848021188464,18.542643931232995,JAERI_68MEV_BC501A_T025_FE080,JAERI_68MEV_PEAK_4.77E9_N_SR_UC,25.0
N002_JAERI_TIARA_68MEV__TRANS__JAERI_68MEV_BC501A_T025_FE080,0,11,12,789.6322124710404,19.04629422571052,JAERI_68MEV_BC501A_T025_FE080,JAERI_68MEV_PEAK_4.77E9_N_SR_UC,25.0
N002_JAERI_TIARA_68MEV__TRANS__JAERI_68MEV_BC501A_T025_FE080,0,12,13,902.9229856190813,21.56116177374609,JAERI_68MEV_BC501A_T025_FE080,JAERI_68MEV_PEAK_4.77E9_N_SR_UC,25.0
N002_JAERI_TIARA_68MEV__TRANS__JAERI_68MEV_BC501A_T025_FE080,0,13,14,925.8154050700148,22.730759192433208,JAERI_68MEV_BC501A_T025_FE080,JAERI_68MEV_PEAK_4.77E9_N_SR_UC,25.0
N002_JAERI_TIARA_68MEV__TRANS__JAERI_68MEV_BC501A_T025_FE080,0,14,15,973.6147049503965,23.79242064306227,JAERI_68MEV_BC501A_T025_FE080,JAERI_68MEV_PEAK_4.77E9_N_SR_UC,25.0
N002_JAERI_TIARA_68MEV__TRANS__JAERI_68MEV_BC501A_T025_FE080,0,15,16,1078.575632034766,26.35447274999481,JAERI_68MEV_BC501A_T025_FE080,JAERI_68MEV_PEAK_4.77E9_N_SR_UC,25.0
N002_JAERI_TIARA_68MEV__TRANS__JAERI_68MEV_BC501A_T025_FE080,0,16,17,1249.8972443008313,29.476144809836512,JAERI_68MEV_BC501A_T025_FE080,JAERI_68MEV_PEAK_4.77E9_N_SR_UC,25.0
N002_JAERI_TIARA_68MEV__TRANS__JAERI_68MEV_BC501A_T025_FE080,0,17,18,1316.5383886747743,31.353905145575705,JAERI_68MEV_BC501A_T025_FE080,JAERI_68MEV_PEAK_4.77E9_N_SR_UC,25.0
N002_JAERI_TIARA_68MEV__TRANS__JAERI_68MEV_BC501A_T025_FE080,0,18,19,1415.881565274968,33.6157402657891,JAERI_68MEV_BC501A_T025_FE080,JAERI_68MEV_PEAK_4.77E9_N_SR_UC,25.0
N002_JAERI_TIARA_68MEV__TRANS__JAERI_68MEV_BC501A_T025_FE080,0,19,20,1453.2906935393487,34.97585360114102,JAERI_68MEV_BC501A_T025_FE080,JAERI_68MEV_PEAK_4.77E9_N_SR_UC,25.0
N002_JAERI_TIARA_68MEV__TRANS__JAERI_68MEV_BC501A_T025_FE080,0,20,21,1474.2058645368409,36.40057485972584,JAERI_68MEV_BC501A_T025_FE080,JAERI_68MEV_PEAK_4.77E9_N_SR_UC,25.0
N002_JAERI_TIARA_68MEV__TRANS__JAERI_68MEV_BC501A_T025_FE080,0,21,22,1646.0240925068713,39.777500220111534,JAERI_68MEV_BC501A_T025_FE080,JAERI_68MEV_PEAK_4.77E9_N_SR_UC,25.0
N002_JAERI_TIARA_68MEV__TRANS__JAERI_68MEV_BC501A_T025_FE080,0,22,23,1733.025237435985,41.85356124344006,JAERI_68MEV_BC501A_T025_FE080,JAERI_68MEV_PEAK_4.77E9_N_SR_UC,25.0
N002_JAERI_TIARA_68MEV__TRANS__JAERI_68MEV_BC501A_T025_FE080,0,23,24,1985.967042883443,45.93494352099232,JAERI_68MEV_BC501A_T025_FE080,JAERI_68MEV_PEAK_4.77E9_N_SR_UC,25.0
N002_JAERI_TIARA_68MEV__TRANS__JAERI_68MEV_BC501A_T025_FE080,0,24,25,2111.362111504549,48.74753304442674,JAERI_68MEV_BC501A_T025_FE080,JAERI_68MEV_PEAK_4.77E9_N_SR_UC,25.0
N002_JAERI_TIARA_68MEV__TRANS__JAERI_68MEV_BC501A_T025_FE080,0,25,26,2153.4356296911324,50.13681686973341,JAERI_68MEV_BC501A_T025_FE080,JAERI_68MEV_PEAK_4.77E9_N_SR_UC,25.0
N002_JAERI_TIARA_68MEV__TRANS__JAERI_68MEV_BC501A_T025_FE080,0,26,27,2332.0422954437017,53.16874451227491,JAERI_68MEV_BC501A_T025_FE080,JAERI_68MEV_PEAK_4.77E9_N_SR_UC,25.0
N002_JAERI_TIARA_68MEV__TRANS__JAERI_68MEV_BC501A_T025_FE080,0,27,28,2526.7918444579877,56.79842265568544,JAERI_68MEV_BC501A_T025_FE080,JAERI_68MEV_PEAK_4.77E9_N_SR_UC,25.0
N002_JAERI_TIARA_68MEV__TRANS__JAERI_68MEV_BC501A_T025_FE080,0,28,29,2651.8232262425217,59.491117894668974,JAERI_68MEV_BC501A_T025_FE080,JAERI_68MEV_PEAK_4.77E9_N_SR_UC,25.0
N002_JAERI_TIARA_68MEV__TRANS__JAERI_68MEV_BC501A_T025_FE080,0,29,30,2853.451719149504,62.71645065021923,JAERI_68MEV_BC501A_T025_FE080,JAERI_68MEV_PEAK_4.77E9_N_SR_UC,25.0
N002_JAERI_TIARA_68MEV__TRANS__JAERI_68MEV_BC501A_T025_FE080,0,30,31,3020.836549863226,66.13346476377876,JAERI_68MEV_BC501A_T025_FE080,JAERI_68MEV_PEAK_4.77E9_N_SR_UC,25.0
N002_JAERI_TIARA_68MEV__TRANS__JAERI_68MEV_BC501A_T025_FE080,0,31,32,3089.5585726166914,67.72378463752311,JAERI_68MEV_BC501A_T025_FE080,JAERI_68MEV_PEAK_4.77E9_N_SR_UC,25.0
N002_JAERI_TIARA_68MEV__TRANS__JAERI_68MEV_BC501A_T025_FE080,0,32,33,3230.7108192678984,70.51093316180364,JAERI_68MEV_BC501A_T025_FE080,JAERI_68MEV_PEAK_4.77E9_N_SR_UC,25.0
N002_JAERI_TIARA_68MEV__TRANS__JAERI_68MEV_BC501A_T025_FE080,0,33,34,3422.662818170287,73.36622487950734,JAERI_68MEV_BC501A_T025_FE080,JAERI_68MEV_PEAK_4.77E9_N_SR_UC,25.0
N002_JAERI_TIARA_68MEV__TRANS__JAERI_68MEV_BC501A_T025_FE080,0,34,35,3533.742315267877,76.30059799555211,JAERI_68MEV_BC501A_T025_FE080,JAERI_68MEV_PEAK_4.77E9_N_SR_UC,25.0
N002_JAERI_TIARA_68MEV__TRANS__JAERI_68MEV_BC501A_T025_FE080,0,35,36,3762.832818996987,80.61161978853738,JAERI_68MEV_BC501A_T025_FE080,JAERI_68MEV_PEAK_4.77E9_N_SR_UC,25.0
N002_JAERI_TIARA_68MEV__TRANS__JAERI_68MEV_BC501A_T025_FE080,0,36,37,3871.0628249280535,83.05346592044806,JAERI_68MEV_BC501A_T025_FE080,JAERI_68MEV_PEAK_4.77E9_N_SR_UC,25.0
N002_JAERI_TIARA_68MEV__TRANS__JAERI_68MEV_BC501A_T025_FE080,0,37,38,4035.937519803536,85.56965609355491,JAERI_68MEV_BC501A_T025_FE080,JAERI_68MEV_PEAK_4.77E9_N_SR_UC,25.0
N002_JAERI_TIARA_68MEV__TRANS__JAERI_68MEV_BC501A_T025_FE080,0,38,39,4170.371578592933,88.65706187244476,JAERI_68MEV_BC501A_T025_FE080,JAERI_68MEV_PEAK_4.77E9_N_SR_UC,25.0
N002_JAERI_TIARA_68MEV__TRANS__JAERI_68MEV_BC501A_T025_FE080,0,39,40,4290.87818224376,91.0181856761007,JAERI_68MEV_BC501A_T025_FE080,JAERI_68MEV_PEAK_4.77E9_N_SR_UC,25.0
N002_JAERI_TIARA_68MEV__TRANS__JAERI_68MEV_BC501A_T025_FE080,0,40,41,4272.583987394948,92.15861566224416,JAERI_68MEV_BC501A_T025_FE080,JAERI_68MEV_PEAK_4.77E9_N_SR_UC,25.0
N002_JAERI_TIARA_68MEV__TRANS__JAERI_68MEV_BC501A_T025_FE080,0,41,42,4588.910201953505,96.73409093160899,JAERI_68MEV_BC501A_T025_FE080,JAERI_68MEV_PEAK_4.77E9_N_SR_UC,25.0
N002_JAERI_TIARA_68MEV__TRANS__JAERI_68MEV_BC501A_T025_FE080,0,42,43,4710.969904130488,99.78314531338604,JAERI_68MEV_BC501A_T025_FE080,JAERI_68MEV_PEAK_4.77E9_N_SR_UC,25.0
N002_JAERI_TIARA_68MEV__TRANS__JAERI_68MEV_BC501A_T025_FE080,0,43,44,4886.425222514161,102.48107151104855,JAERI_68MEV_BC501A_T025_FE080,JAERI_68MEV_PEAK_4.77E9_N_SR_UC,25.0
N002_JAERI_TIARA_68MEV__TRANS__JAERI_68MEV_BC501A_T025_FE080,0,44,46,5198.706925375967,77.04604768038179,JAERI_68MEV_BC501A_T025_FE080,JAERI_68MEV_PEAK_4.77E9_N_SR_UC,25.0
N002_JAERI_TIARA_68MEV__TRANS__JAERI_68MEV_BC501A_T025_FE080,0,46,48,5515.004758078662,81.39287113967931,JAERI_68MEV_BC501A_T025_FE080,JAERI_68MEV_PEAK_4.77E9_N_SR_UC,25.0
N002_JAERI_TIARA_68MEV__TRANS__JAERI_68MEV_BC501A_T025_FE080,0,48,50,5630.94955002808,84.2201363209536,JAERI_68MEV_BC501A_T025_FE080,JAERI_68MEV_PEAK_4.77E9_N_SR_UC,25.0
N002_JAERI_TIARA_68MEV__TRANS__JAERI_68MEV_BC501A_T025_FE080,0,50,52,5685.687155684356,86.58697590768081,JAERI_68MEV_BC501A_T025_FE080,JAERI_68MEV_PEAK_4.77E9_N_SR_UC,25.0
N002_JAERI_TIARA_68MEV__TRANS__JAERI_68MEV_BC501A_T025_FE080,0,52,54,5593.21102834211,87.54392203393309,JAERI_68MEV_BC501A_T025_FE080,JAERI_68MEV_PEAK_4.77E9_N_SR_UC,25.0
N002_JAERI_TIARA_68MEV__TRANS__JAERI_68MEV_BC501A_T025_FE080,0,54,56,5436.057028053489,88.23462469128144,JAERI_68MEV_BC501A_T025_FE080,JAERI_68MEV_PEAK_4.77E9_N_SR_UC,25.0
N002_JAERI_TIARA_68MEV__TRANS__JAERI_68MEV_BC501A_T025_FE080,0,56,58,4516.02361640586,81.5531411522686,JAERI_68MEV_BC501A_T025_FE080,JAERI_68MEV_PEAK_4.77E9_N_SR_UC,25.0
N002_JAERI_TIARA_68MEV__TRANS__JAERI_68MEV_BC501A_T025_FE080,0,58,60,3563.269245436495,73.78848955109518,JAERI_68MEV_BC501A_T025_FE080,JAERI_68MEV_PEAK_4.77E9_N_SR_UC,25.0
N002_JAERI_TIARA_68MEV__TRANS__JAERI_68MEV_BC501A_T025_FE080,0,60,62,3639.586724403212,74.58167619912872,JAERI_68MEV_BC501A_T025_FE080,JAERI_68MEV_PEAK_4.77E9_N_SR_UC,25.0
N002_JAERI_TIARA_68MEV__TRANS__JAERI_68MEV_BC501A_T025_FE080,0,62,64,28384.322476041725,217.0946696448291,JAERI_68MEV_BC501A_T025_FE080,JAERI_68MEV_PEAK_4.77E9_N_SR_UC,25.0
N002_JAERI_TIARA_68MEV__TRANS__JAERI_68MEV_BC501A_T025_FE080,0,64,66,84348.34117879669,379.791711052375,JAERI_68MEV_BC501A_T025_FE080,JAERI_68MEV_PEAK_4.77E9_N_SR_UC,25.0
N002_JAERI_TIARA_68MEV__TRANS__JAERI_68MEV_BC501A_T025_FE080,0,66,68,26818.095777224997,222.03261064198983,JAERI_68MEV_BC501A_T025_FE080,JAERI_68MEV_PEAK_4.77E9_N_SR_UC,25.0
N002_JAERI_TIARA_68MEV__TRANS__JAERI_68MEV_BC501A_T025_FE080,0,68,70,690.0195345696314,36.54028407334253,JAERI_68MEV_BC501A_T025_FE080,JAERI_68MEV_PEAK_4.77E9_N_SR_UC,25.0
N002_JAERI_TIARA_68MEV__TRANS__JAERI_68MEV_BC501A_T025_FE080,20,6,7,120.84514392061932,5.522558847912289,JAERI_68MEV_BC501A_T025_FE080,JAERI_68MEV_PEAK_4.77E9_N_SR_UC,25.0
N002_JAERI_TIARA_68MEV__TRANS__JAERI_68MEV_BC501A_T025_FE080,20,7,8,91.80738377142929,5.169124048375202,JAERI_68MEV_BC501A_T025_FE080,JAERI_68MEV_PEAK_4.77E9_N_SR_UC,25.0
N002_JAERI_TIARA_68MEV__TRANS__JAERI_68MEV_BC501A_T025_FE080,20,8,9,100.9523467039304,5.761835556106076,JAERI_68MEV_BC501A_T025_FE080,JAERI_68MEV_PEAK_4.77E9_N_SR_UC,25.0
N002_JAERI_TIARA_68MEV__TRANS__JAERI_68MEV_BC501A_T025_FE080,20,9,10,95.48946038730675,6.004182071848097,JAERI_68MEV_BC501A_T025_FE080,JAERI_68MEV_PEAK_4.77E9_N_SR_UC,25.0
N002_JAERI_TIARA_68MEV__TRANS__JAERI_68MEV_BC501A_T025_FE080,20,10,11,107.05500550633823,6.670507475707053,JAERI_68MEV_BC501A_T025_FE080,JAERI_68MEV_PEAK_4.77E9_N_SR_UC,25.0
N002_JAERI_TIARA_68MEV__TRANS__JAERI_68MEV_BC501A_T025_FE080,20,11,12,99.6873939750424,6.766963321010768,JAERI_68MEV_BC501A_T025_FE080,JAERI_68MEV_PEAK_4.77E9_N_SR_UC,25.0
N002_JAERI_TIARA_68MEV__TRANS__JAERI_68MEV_BC501A_T025_FE080,20,12,13,103.78264890527711,7.416777564849549,JAERI_68MEV_BC501A_T025_FE080,JAERI_68MEV_PEAK_4.77E9_N_SR_UC,25.0
N002_JAERI_TIARA_68MEV__TRANS__JAERI_68MEV_BC501A_T025_FE080,20,13,14,104.6161417213402,7.649628056503635,JAERI_68MEV_BC501A_T025_FE080,JAERI_68MEV_PEAK_4.77E9_N_SR_UC,25.0
N002_JAERI_TIARA_68MEV__TRANS__JAERI_68MEV_BC501A_T025_FE080,20,14,15,99.99731215444355,7.463502066913469,JAERI_68MEV_BC501A_T025_FE080,JAERI_68MEV_PEAK_4.77E9_N_SR_UC,25.0
N002_JAERI_TIARA_68MEV__TRANS__JAERI_68MEV_BC501A_T025_FE080,20,15,16,105.88747982475172,8.089184203327985,JAERI_68MEV_BC501A_T025_FE080,JAERI_68MEV_PEAK_4.77E9_N_SR_UC,25.0
N002_JAERI_TIARA_68MEV__TRANS__JAERI_68MEV_BC501A_T025_FE080,20,16,17,119.9018449647059,9.093258204636275,JAERI_68MEV_BC501A_T025_FE080,JAERI_68MEV_PEAK_4.77E9_N_SR_UC,25.0
N002_JAERI_TIARA_68MEV__TRANS__JAERI_68MEV_BC501A_T025_FE080,20,17,18,108.54966216801272,8.772976051997198,JAERI_68MEV_BC501A_T025_FE080,JAERI_68MEV_PEAK_4.77E9_N_SR_UC,25.0
N002_JAERI_TIARA_68MEV__TRANS__JAERI_68MEV_BC501A_T025_FE080,20,18,19,143.32007673711735,10.49327471247286,JAERI_68MEV_BC501A_T025_FE080,JAERI_68MEV_PEAK_4.77E9_N_SR_UC,25.0
N002_JAERI_TIARA_68MEV__TRANS__JAERI_68MEV_BC501A_T025_FE080,20,19,20,133.1895425089058,10.164843355242864,JAERI_68MEV_BC501A_T025_FE080,JAERI_68MEV_PEAK_4.77E9_N_SR_UC,25.0
N002_JAERI_TIARA_68MEV__TRANS__JAERI_68MEV_BC501A_T025_FE080,20,20,21,155.63337734560565,11.647847033190496,JAERI_68MEV_BC501A_T025_FE080,JAERI_68MEV_PEAK_4.77E9_N_SR_UC,25.0
N002_JAERI_TIARA_68MEV__TRANS__JAERI_68MEV_BC501A_T025_FE080,20,21,22,145.39431571277467,11.660591923601404,JAERI_68MEV_BC501A_T025_FE080,JAERI_68MEV_PEAK_4.77E9_N_SR_UC,25.0
N002_JAERI_TIARA_68MEV__TRANS__JAERI_68MEV_BC501A_T025_FE080,20,22,23,142.7019022242636,12.046461242677218,JAERI_68MEV_BC501A_T025_FE080,JAERI_68MEV_PEAK_4.77E9_N_SR_UC,25.0
N002_JAERI_TIARA_68MEV__TRANS__JAERI_68MEV_BC501A_T025_FE080,20,23,24,168.4909461555379,13.23189462026088,JAERI_68MEV_BC501A_T025_FE080,JAERI_68MEV_PEAK_4.77E9_N_SR_UC,25.0
N002_JAERI_TIARA_68MEV__TRANS__JAERI_68MEV_BC501A_T025_FE080,20,24,25,181.5280863046188,13.979943395885025,JAERI_68MEV_BC501A_T025_FE080,JAERI_68MEV_PEAK_4.77E9_N_SR_UC,25.0
N002_JAERI_TIARA_68MEV__TRANS__JAERI_68MEV_BC501A_T025_FE080,20,25,26,189.64084546825865,14.873893594943462,JAERI_68MEV_BC501A_T025_FE080,JAERI_68MEV_PEAK_4.77E9_N_SR_UC,25.0
N002_JAERI_TIARA_68MEV__TRANS__JAERI_68MEV_BC501A_T025_FE080,20,26,27,207.12323594474933,15.972975524799152,JAERI_68MEV_BC501A_T025_FE080,JAERI_68MEV_PEAK_4.77E9_N_SR_UC,25.0
N002_JAERI_TIARA_68MEV__TRANS__JAERI_68MEV_BC501A_T025_FE080,20,27,28,190.10465260808283,15.123695062875129,JAERI_68MEV_BC501A_T025_FE080,JAERI_68MEV_PEAK_4.77E9_N_SR_UC,25.0
N002_JAERI_TIARA_68MEV__TRANS__JAERI_68MEV_BC501A_T025_FE080,20,28,29,190.11494924277795,15.60813869769917,JAERI_68MEV_BC501A_T025_FE080,JAERI_68MEV_PEAK_4.77E9_N_SR_UC,25.0
N002_JAERI_TIARA_68MEV__TRANS__JAERI_68MEV_BC501A_T025_FE080,20,29,30,214.87265083784672,16.393645846903244,JAERI_68MEV_BC501A_T025_FE080,JAERI_68MEV_PEAK_4.77E9_N_SR_UC,25.0
N002_JAERI_TIARA_68MEV__TRANS__JAERI_68MEV_BC501A_T025_FE080,20,30,31,243.59742078884747,18.131825450654315,JAERI_68MEV_BC501A_T025_FE080,JAERI_68MEV_PEAK_4.77E9_N_SR_UC,25.0
N002_JAERI_TIARA_68MEV__TRANS__JAERI_68MEV_BC501A_T025_FE080,20,31,32,216.38484887150855,17.196159793097475,JAERI_68MEV_BC501A_T025_FE080,JAERI_68MEV_PEAK_4.77E9_N_SR_UC,25.0
N002_JAERI_TIARA_68MEV__TRANS__JAERI_68MEV_BC501A_T025_FE080,20,32,33,275.0497928938858,19.912586964626232,JAERI_68MEV_BC501A_T025_FE080,JAERI_68MEV_PEAK_4.77E9_N_SR_UC,25.0
N002_JAERI_TIARA_68MEV__TRANS__JAERI_68MEV_BC501A_T025_FE080,20,33,34,238.36862442462555,18.903128818481296,JAERI_68MEV_BC501A_T025_FE080,JAERI_68MEV_PEAK_4.77E9_N_SR_UC,25.0
N002_JAERI_TIARA_68MEV__TRANS__JAERI_68MEV_BC501A_T025_FE080,20,34,35,227.16111808781977,18.563095816348888,JAERI_68MEV_BC501A_T025_FE080,JAERI_68MEV_PEAK_4.77E9_N_SR_UC,25.0
N002_JAERI_TIARA_68MEV__TRANS__JAERI_68MEV_BC501A_T025_FE080,20,35,36,242.2682954660289,19.8803886384759,JAERI_68MEV_BC501A_T025_FE080,JAERI_68MEV_PEAK_4.77E9_N_SR_UC,25.0
N002_JAERI_TIARA_68MEV__TRANS__JAERI_68MEV_BC501A_T025_FE080,20,36,37,226.4645285420173,18.52599550563313,JAERI_68MEV_BC501A_T025_FE080,JAERI_68MEV_PEAK_4.77E9_N_SR_UC,25.0
N002_JAERI_TIARA_68MEV__TRANS__JAERI_68MEV_BC501A_T025_FE080,20,37,38,236.58057855650296,20.17198461556266,JAERI_68MEV_BC501A_T025_FE080,JAERI_68MEV_PEAK_4.77E9_N_SR_UC,25.0
N002_JAERI_TIARA_68MEV__TRANS__JAERI_68MEV_BC501A_T025_FE080,20,38,39,215.5132382957987,18.615281458230672,JAERI_68MEV_BC501A_T025_FE080,JAERI_68MEV_PEAK_4.77E9_N_SR_UC,25.0
N002_JAERI_TIARA_68MEV__TRANS__JAERI_68MEV_BC501A_T025_FE080,20,39,40,252.56934269248413,21.57595364630488,JAERI_68MEV_BC501A_T025_FE080,JAERI_68MEV_PEAK_4.77E9_N_SR_UC,25.0
N002_JAERI_TIARA_68MEV__TRANS__JAERI_68MEV_BC501A_T025_FE080,20,40,41,263.9657562955327,22.103905873695847,JAERI_68MEV_BC501A_T025_FE080,JAERI_68MEV_PEAK_4.77E9_N_SR_UC,25.0
N002_JAERI_TIARA_68MEV__TRANS__JAERI_68MEV_BC501A_T025_FE080,20,41,42,241.1337939281321,21.454555942858867,JAERI_68MEV_BC501A_T025_FE080,JAERI_68MEV_PEAK_4.77E9_N_SR_UC,25.0
N002_JAERI_TIARA_68MEV__TRANS__JAERI_68MEV_BC501A_T025_FE080,20,42,43,222.06759782853996,20.50763320030322,JAERI_68MEV_BC501A_T025_FE080,JAERI_68MEV_PEAK_4.77E9_N_SR_UC,25.0
N002_JAERI_TIARA_68MEV__TRANS__JAERI_68MEV_BC501A_T025_FE080,20,43,44,251.48107285826697,22.66541784225528,JAERI_68MEV_BC501A_T025_FE080,JAERI_68MEV_PEAK_4.77E9_N_SR_UC,25.0
N002_JAERI_TIARA_68MEV__TRANS__JAERI_68MEV_BC501A_T025_FE080,20,44,46,234.60551105360148,15.386807911363125,JAERI_68MEV_BC501A_T025_FE080,JAERI_68MEV_PEAK_4.77E9_N_SR_UC,25.0
N002_JAERI_TIARA_68MEV__TRANS__JAERI_68MEV_BC501A_T025_FE080,20,46,48,210.1925797495491,15.25361999611607,JAERI_68MEV_BC501A_T025_FE080,JAERI_68MEV_PEAK_4.77E9_N_SR_UC,25.0
N002_JAERI_TIARA_68MEV__TRANS__JAERI_68MEV_BC501A_T025_FE080,20,48,50,244.5097460995826,16.977042989206215,JAERI_68MEV_BC501A_T025_FE080,JAERI_68MEV_PEAK_4.77E9_N_SR_UC,25.0
N002_JAERI_TIARA_68MEV__TRANS__JAERI_68MEV_BC501A_T025_FE080,20,50,52,254.4687479445884,17.548441472242658,JAERI_68MEV_BC501A_T025_FE080,JAERI_68MEV_PEAK_4.77E9_N_SR_UC,25.0
N002_JAERI_TIARA_68MEV__TRANS__JAERI_68MEV_BC501A_T025_FE080,20,52,54,260.73925535106247,18.25338614372129,JAERI_68MEV_BC501A_T025_FE080,JAERI_68MEV_PEAK_4.77E9_N_SR_UC,25.0
N002_JAERI_TIARA_68MEV__TRANS__JAERI_68MEV_BC501A_T025_FE080,20,54,56,190.9151192064088,16.015831761671393,JAERI_68MEV_BC501A_T025_FE080,JAERI_68MEV_PEAK_4.77E9_N_SR_UC,25.0
N002_JAERI_TIARA_68MEV__TRANS__JAERI_68MEV_BC501A_T025_FE080,20,56,58,173.61214123988873,15.450459917531363,JAERI_68MEV_BC501A_T025_FE080,JAERI_68MEV_PEAK_4.77E9_N_SR_UC,25.0
N002_JAERI_TIARA_68MEV__TRANS__JAERI_68MEV_BC501A_T025_FE080,20,58,60,187.54489784566087,16.285310043299024,JAERI_68MEV_BC501A_T025_FE080,JAERI_68MEV_PEAK_4.77E9_N_SR_UC,25.0
N002_JAERI_TIARA_68MEV__TRANS__JAERI_68MEV_BC501A_T025_FE080,20,60,62,215.66218374056385,17.9089169505166,JAERI_68MEV_BC501A_T025_FE080,JAERI_68MEV_PEAK_4.77E9_N_SR_UC,25.0
N002_JAERI_TIARA_68MEV__TRANS__JAERI_68MEV_BC501A_T025_FE080,20,62,64,782.9547114563387,33.961109341224166,JAERI_68MEV_BC501A_T025_FE080,JAERI_68MEV_PEAK_4.77E9_N_SR_UC,25.0
N002_JAERI_TIARA_68MEV__TRANS__JAERI_68MEV_BC501A_T025_FE080,20,64,66,939.1713861510121,37.44595447701143,JAERI_68MEV_BC501A_T025_FE080,JAERI_68MEV_PEAK_4.77E9_N_SR_UC,25.0
N002_JAERI_TIARA_68MEV__TRANS__JAERI_68MEV_BC501A_T025_FE080,20,66,68,141.17293203746874,14.63585118032496,JAERI_68MEV_BC501A_T025_FE080,JAERI_68MEV_PEAK_4.77E9_N_SR_UC,25.0
N002_JAERI_TIARA_68MEV__TRANS__JAERI_68MEV_BC501A_T025_FE080,20,68,70,6.973676931366265,3.578674035015252,JAERI_68MEV_BC501A_T025_FE080,JAERI_68MEV_PEAK_4.77E9_N_SR_UC,25.0
N002_JAERI_TIARA_68MEV__TRANS__JAERI_68MEV_BC501A_T025_FE080,40,6,7,20.415911587405535,2.3333160465096454,JAERI_68MEV_BC501A_T025_FE080,JAERI_68MEV_PEAK_4.77E9_N_SR_UC,25.0
N002_JAERI_TIARA_68MEV__TRANS__JAERI_68MEV_BC501A_T025_FE080,40,7,8,13.591163733663816,1.880474795271826,JAERI_68MEV_BC501A_T025_FE080,JAERI_68MEV_PEAK_4.77E9_N_SR_UC,25.0
N002_JAERI_TIARA_68MEV__TRANS__JAERI_68MEV_BC501A_T025_FE080,40,8,9,15.7591599115427,2.252790435751487,JAERI_68MEV_BC501A_T025_FE080,JAERI_68MEV_PEAK_4.77E9_N_SR_UC,25.0
N002_JAERI_TIARA_68MEV__TRANS__JAERI_68MEV_BC501A_T025_FE080,40,9,10,16.103717944226076,2.4860750567904923,JAERI_68MEV_BC501A_T025_FE080,JAERI_68MEV_PEAK_4.77E9_N_SR_UC,25.0
N002_JAERI_TIARA_68MEV__TRANS__JAERI_68MEV_BC501A_T025_FE080,40,10,11,16.13432849007263,2.5831518713118955,JAERI_68MEV_BC501A_T025_FE080,JAERI_68MEV_PEAK_4.77E9_N_SR_UC,25.0
N002_JAERI_TIARA_68MEV__TRANS__JAERI_68MEV_BC501A_T025_FE080,40,11,12,17.654598063436925,2.9854635274109507,JAERI_68MEV_BC501A_T025_FE080,JAERI_68MEV_PEAK_4.77E9_N_SR_UC,25.0
N002_JAERI_TIARA_68MEV__TRANS__JAERI_68MEV_BC501A_T025_FE080,40,12,13,11.849696866622436,2.339508798268302,JAERI_68MEV_BC501A_T025_FE080,JAERI_68MEV_PEAK_4.77E9_N_SR_UC,25.0
N002_JAERI_TIARA_68MEV__TRANS__JAERI_68MEV_BC501A_T025_FE080,40,13,14,12.778543799475305,2.692196685804713,JAERI_68MEV_BC501A_T025_FE080,JAERI_68MEV_PEAK_4.77E9_N_SR_UC,25.0
N002_JAERI_TIARA_68MEV__TRANS__JAERI_68MEV_BC501A_T025_FE080,40,14,15,14.413518827743776,2.8121860644147216,JAERI_68MEV_BC501A_T025_FE080,JAERI_68MEV_PEAK_4.77E9_N_SR_UC,25.0
N002_JAERI_TIARA_68MEV__TRANS__JAERI_68MEV_BC501A_T025_FE080,40,15,16,20.28446543620064,3.841105219848683,JAERI_68MEV_BC501A_T025_FE080,JAERI_68MEV_PEAK_4.77E9_N_SR_UC,25.0
N002_JAERI_TIARA_68MEV__TRANS__JAERI_68MEV_BC501A_T025_FE080,40,16,17,19.215358858139297,3.7000882718691006,JAERI_68MEV_BC501A_T025_FE080,JAERI_68MEV_PEAK_4.77E9_N_SR_UC,25.0
N002_JAERI_TIARA_68MEV__TRANS__JAERI_68MEV_BC501A_T025_FE080,40,17,18,21.446582167649208,4.030982151321349,JAERI_68MEV_BC501A_T025_FE080,JAERI_68MEV_PEAK_4.77E9_N_SR_UC,25.0
N002_JAERI_TIARA_68MEV__TRANS__JAERI_68MEV_BC501A_T025_FE080,40,18,19,17.217404448325812,3.4924204530269622,JAERI_68MEV_BC501A_T025_FE080,JAERI_68MEV_PEAK_4.77E9_N_SR_UC,25.0
N002_JAERI_TIARA_68MEV__TRANS__JAERI_68MEV_BC501A_T025_FE080,40,19,20,14.995180405254604,3.479888785945356,JAERI_68MEV_BC501A_T025_FE080,JAERI_68MEV_PEAK_4.77E9_N_SR_UC,25.0
N002_JAERI_TIARA_68MEV__TRANS__JAERI_68MEV_BC501A_T025_FE080,40,20,21,15.884353873039808,3.7452862443291206,JAERI_68MEV_BC501A_T025_FE080,JAERI_68MEV_PEAK_4.77E9_N_SR_UC,25.0
N002_JAERI_TIARA_68MEV__TRANS__JAERI_68MEV_BC501A_T025_FE080,40,21,22,18.81424864015732,4.270100958562165,JAERI_68MEV_BC501A_T025_FE080,JAERI_68MEV_PEAK_4.77E9_N_SR_UC,25.0
N002_JAERI_TIARA_68MEV__TRANS__JAERI_68MEV_BC501A_T025_FE080,40,22,23,20.261036250187992,4.611378467963588,JAERI_68MEV_BC501A_T025_FE080,JAERI_68MEV_PEAK_4.77E9_N_SR_UC,25.0
N002_JAERI_TIARA_68MEV__TRANS__JAERI_68MEV_BC501A_T025_FE080,40,23,24,16.428313788223534,3.8679438832148305,JAERI_68MEV_BC501A_T025_FE080,JAERI_68MEV_PEAK_4.77E9_N_SR_UC,25.0
N002_JAERI_TIARA_68MEV__TRANS__JAERI_68MEV_BC501A_T025_FE080,40,24,25,23.05700998958709,4.893770333572284,JAERI_68MEV_BC501A_T025_FE080,JAERI_68MEV_PEAK_4.77E9_N_SR_UC,25.0
N002_JAERI_TIARA_68MEV__TRANS__JAERI_68MEV_BC501A_T025_FE080,40,25,26,21.39744453349197,4.363738661485248,JAERI_68MEV_BC501A_T025_FE080,JAERI_68MEV_PEAK_4.77E9_N_SR_UC,25.0
N002_JAERI_TIARA_68MEV__TRANS__JAERI_68MEV_BC501A_T025_FE080,40,26,27,22.619460152306782,4.948001675939379,JAERI_68MEV_BC501A_T025_FE080,JAERI_68MEV_PEAK_4.77E9_N_SR_UC,25.0
N002_JAERI_TIARA_68MEV__TRANS__JAERI_68MEV_BC501A_T025_FE080,40,27,28,23.081060183153948,5.095449079581669,JAERI_68MEV_BC501A_T025_FE080,JAERI_68MEV_PEAK_4.77E9_N_SR_UC,25.0
N002_JAERI_TIARA_68MEV__TRANS__JAERI_68MEV_BC501A_T025_FE080,40,28,29,32.45235454882602,6.251550698958504,JAERI_68MEV_BC501A_T025_FE080,JAERI_68MEV_PEAK_4.77E9_N_SR_UC,25.0
N002_JAERI_TIARA_68MEV__TRANS__JAERI_68MEV_BC501A_T025_FE080,40,29,30,32.65043199252505,6.627531637976132,JAERI_68MEV_BC501A_T025_FE080,JAERI_68MEV_PEAK_4.77E9_N_SR_UC,25.0
N002_JAERI_TIARA_68MEV__TRANS__JAERI_68MEV_BC501A_T025_FE080,40,30,31,24.427269350148055,5.70854535613109,JAERI_68MEV_BC501A_T025_FE080,JAERI_68MEV_PEAK_4.77E9_N_SR_UC,25.0
N002_JAERI_TIARA_68MEV__TRANS__JAERI_68MEV_BC501A_T025_FE080,40,31,32,38.13067680686767,7.609200962327409,JAERI_68MEV_BC501A_T025_FE080,JAERI_68MEV_PEAK_4.77E9_N_SR_UC,25.0
N002_JAERI_TIARA_68MEV__TRANS__JAERI_68MEV_BC501A_T025_FE080,40,32,33,32.58256881494289,6.897009367440657,JAERI_68MEV_BC501A_T025_FE080,JAERI_68MEV_PEAK_4.77E9_N_SR_UC,25.0
N002_JAERI_TIARA_68MEV__TRANS__JAERI_68MEV_BC501A_T025_FE080,40,33,34,19.55029244247903,5.301834604967625,JAERI_68MEV_BC501A_T025_FE080,JAERI_68MEV_PEAK_4.77E9_N_SR_UC,25.0
N002_JAERI_TIARA_68MEV__TRANS__JAERI_68MEV_BC501A_T025_FE080,40,34,35,30.64728909943415,6.855716421321176,JAERI_68MEV_BC501A_T025_FE080,JAERI_68MEV_PEAK_4.77E9_N_SR_UC,25.0
N002_JAERI_TIARA_68MEV__TRANS__JAERI_68MEV_BC501A_T025_FE080,40,35,36,24.69446661971488,6.38161674916454,JAERI_68MEV_BC501A_T025_FE080,JAERI_68MEV_PEAK_4.77E9_N_SR_UC,25.0
N002_JAERI_TIARA_68MEV__TRANS__JAERI_68MEV_BC501A_T025_FE080,40,36,37,31.351745933926424,6.728124079808531,JAERI_68MEV_BC501A_T025_FE080,JAERI_68MEV_PEAK_4.77E9_N_SR_UC,25.0
N002_JAERI_TIARA_68MEV__TRANS__JAERI_68MEV_BC501A_T025_FE080,40,37,38,21.59308740729292,5.926587494234537,JAERI_68MEV_BC501A_T025_FE080,JAERI_68MEV_PEAK_4.77E9_N_SR_UC,25.0
N002_JAERI_TIARA_68MEV__TRANS__JAERI_68MEV_BC501A_T025_FE080,40,38,39,20.709844829567487,5.8738179388064635,JAERI_68MEV_BC501A_T025_FE080,JAERI_68MEV_PEAK_4.77E9_N_SR_UC,25.0
N002_JAERI_TIARA_68MEV__TRANS__JAERI_68MEV_BC501A_T025_FE080,40,39,40,30.370217400303375,7.017427924412221,JAERI_68MEV_BC501A_T025_FE080,JAERI_68MEV_PEAK_4.77E9_N_SR_UC,25.0
N002_JAERI_TIARA_68MEV__TRANS__JAERI_68MEV_BC501A_T025_FE080,40,40,41,25.01666632535036,6.24428966985716,JAERI_68MEV_BC501A_T025_FE080,JAERI_68MEV_PEAK_4.77E9_N_SR_UC,25.0
N002_JAERI_TIARA_68MEV__TRANS__JAERI_68MEV_BC501A_T025_FE080,40,41,42,14.403077322090924,5.312742350395774,JAERI_68MEV_BC501A_T025_FE080,JAERI_68MEV_PEAK_4.77E9_N_SR_UC,25.0
N002_JAERI_TIARA_68MEV__TRANS__JAERI_68MEV_BC501A_T025_FE080,40,42,43,14.32975509142758,5.028294253840686,JAERI_68MEV_BC501A_T025_FE080,JAERI_68MEV_PEAK_4.77E9_N_SR_UC,25.0
N002_JAERI_TIARA_68MEV__TRANS__JAERI_68MEV_BC501A_T025_FE080,40,43,44,27.38009169733632,7.173006133656914,JAERI_68MEV_BC501A_T025_FE080,JAERI_68MEV_PEAK_4.77E9_N_SR_UC,25.0
N002_JAERI_TIARA_68MEV__TRANS__JAERI_68MEV_BC501A_T025_FE080,40,44,46,30.987350906349292,5.4464197829502,JAERI_68MEV_BC501A_T025_FE080,JAERI_68MEV_PEAK_4.77E9_N_SR_UC,25.0
N002_JAERI_TIARA_68MEV__TRANS__JAERI_68MEV_BC501A_T025_FE080,40,46,48,19.72730020555819,4.576442217202309,JAERI_68MEV_BC501A_T025_FE080,JAERI_68MEV_PEAK_4.77E9_N_SR_UC,25.0
N002_JAERI_TIARA_68MEV__TRANS__JAERI_68MEV_BC501A_T025_FE080,40,48,50,18.766469423176385,4.244599576730525,JAERI_68MEV_BC501A_T025_FE080,JAERI_68MEV_PEAK_4.77E9_N_SR_UC,25.0
N002_JAERI_TIARA_68MEV__TRANS__JAERI_68MEV_BC501A_T025_FE080,40,50,52,19.814549906689905,4.840328266304999,JAERI_68MEV_BC501A_T025_FE080,JAERI_68MEV_PEAK_4.77E9_N_SR_UC,25.0
N002_JAERI_TIARA_68MEV__TRANS__JAERI_68MEV_BC501A_T025_FE080,40,52,54,17.671480042275288,4.542855722138768,JAERI_68MEV_BC501A_T025_FE080,JAERI_68MEV_PEAK_4.77E9_N_SR_UC,25.0
N002_JAERI_TIARA_68MEV__TRANS__JAERI_68MEV_BC501A_T025_FE080,40,54,56,18.955753581800835,4.654749183942236,JAERI_68MEV_BC501A_T025_FE080,JAERI_68MEV_PEAK_4.77E9_N_SR_UC,25.0
N002_JAERI_TIARA_68MEV__TRANS__JAERI_68MEV_BC501A_T025_FE080,40,56,58,14.185156322063795,4.385005424386198,JAERI_68MEV_BC501A_T025_FE080,JAERI_68MEV_PEAK_4.77E9_N_SR_UC,25.0
N002_JAERI_TIARA_68MEV__TRANS__JAERI_68MEV_BC501A_T025_FE080,40,58,60,17.836548197696512,4.669042686980599,JAERI_68MEV_BC501A_T025_FE080,JAERI_68MEV_PEAK_4.77E9_N_SR_UC,25.0
N002_JAERI_TIARA_68MEV__TRANS__JAERI_68MEV_BC501A_T025_FE080,40,60,62,19.24903064490076,5.135650236708653,JAERI_68MEV_BC501A_T025_FE080,JAERI_68MEV_PEAK_4.77E9_N_SR_UC,25.0
N002_JAERI_TIARA_68MEV__TRANS__JAERI_68MEV_BC501A_T025_FE080,40,62,64,54.992032270969034,8.879760317008081,JAERI_68MEV_BC501A_T025_FE080,JAERI_68MEV_PEAK_4.77E9_N_SR_UC,25.0
N002_JAERI_TIARA_68MEV__TRANS__JAERI_68MEV_BC501A_T025_FE080,40,64,66,24.24417130514734,5.950089184881216,JAERI_68MEV_BC501A_T025_FE080,JAERI_68MEV_PEAK_4.77E9_N_SR_UC,25.0
N002_JAERI_TIARA_68MEV__TRANS__JAERI_68MEV_BC501A_T025_FE080,40,66,68,0.6902181530211144,0.6902181530211144,JAERI_68MEV_BC501A_T025_FE080,JAERI_68MEV_PEAK_4.77E9_N_SR_UC,25.0
N002_JAERI_TIARA_68MEV__TRANS__JAERI_68MEV_BC501A_T025_FE080,40,68,70,0.0,0.0,JAERI_68MEV_BC501A_T025_FE080,JAERI_68MEV_PEAK_4.77E9_N_SR_UC,25.0
N002_JAERI_TIARA_68MEV__TRANS__JAERI_68MEV_BC501A_T050_FE080,0,6,7,145.28651146373386,6.026993707748304,JAERI_68MEV_BC501A_T050_FE080,JAERI_68MEV_PEAK_4.77E9_N_SR_UC,50.0
N002_JAERI_TIARA_68MEV__TRANS__JAERI_68MEV_BC501A_T050_FE080,0,7,8,135.06080854937275,6.051378859209293,JAERI_68MEV_BC501A_T050_FE080,JAERI_68MEV_PEAK_4.77E9_N_SR_UC,50.0
N002_JAERI_TIARA_68MEV__TRANS__JAERI_68MEV_BC501A_T050_FE080,0,8,9,144.2922722292108,6.891267419546248,JAERI_68MEV_BC501A_T050_FE080,JAERI_68MEV_PEAK_4.77E9_N_SR_UC,50.0
N002_JAERI_TIARA_68MEV__TRANS__JAERI_68MEV_BC501A_T050_FE080,0,9,10,146.70528094336984,7.402838988165991,JAERI_68MEV_BC501A_T050_FE080,JAERI_68MEV_PEAK_4.77E9_N_SR_UC,50.0
N002_JAERI_TIARA_68MEV__TRANS__JAERI_68MEV_BC501A_T050_FE080,0,10,11,151.19435351694196,7.733638502427984,JAERI_68MEV_BC501A_T050_FE080,JAERI_68MEV_PEAK_4.77E9_N_SR_UC,50.0
N002_JAERI_TIARA_68MEV__TRANS__JAERI_68MEV_BC501A_T050_FE080,0,11,12,146.6952282873512,8.070975454905161,JAERI_68MEV_BC501A_T050_FE080,JAERI_68MEV_PEAK_4.77E9_N_SR_UC,50.0
N002_JAERI_TIARA_68MEV__TRANS__JAERI_68MEV_BC501A_T050_FE080,0,12,13,154.15735225985625,8.692824853386492,JAERI_68MEV_BC501A_T050_FE080,JAERI_68MEV_PEAK_4.77E9_N_SR_UC,50.0
N002_JAERI_TIARA_68MEV__TRANS__JAERI_68MEV_BC501A_T050_FE080,0,13,14,153.23933318772393,8.915280468993778,JAERI_68MEV_BC501A_T050_FE080,JAERI_68MEV_PEAK_4.77E9_N_SR_UC,50.0
N002_JAERI_TIARA_68MEV__TRANS__JAERI_68MEV_BC501A_T050_FE080,0,14,15,152.25130212677777,9.372710771780625,JAERI_68MEV_BC501A_T050_FE080,JAERI_68MEV_PEAK_4.77E9_N_SR_UC,50.0
N002_JAERI_TIARA_68MEV__TRANS__JAERI_68MEV_BC501A_T050_FE080,0,15,16,174.43652629336546,10.38411640185332,JAERI_68MEV_BC501A_T050_FE080,JAERI_68MEV_PEAK_4.77E9_N_SR_UC,50.0
N002_JAERI_TIARA_68MEV__TRANS__JAERI_68MEV_BC501A_T050_FE080,0,16,17,191.57449582404624,11.476633066280607,JAERI_68MEV_BC501A_T050_FE080,JAERI_68MEV_PEAK_4.77E9_N_SR_UC,50.0
N002_JAERI_TIARA_68MEV__TRANS__JAERI_68MEV_BC501A_T050_FE080,0,17,18,208.4389807959211,12.24684403841912,JAERI_68MEV_BC501A_T050_FE080,JAERI_68MEV_PEAK_4.77E9_N_SR_UC,50.0
N002_JAERI_TIARA_68MEV__TRANS__JAERI_68MEV_BC501A_T050_FE080,0,18,19,215.12720501179933,12.98975792439392,JAERI_68MEV_BC501A_T050_FE080,JAERI_68MEV_PEAK_4.77E9_N_SR_UC,50.0
N002_JAERI_TIARA_68MEV__TRANS__JAERI_68MEV_BC501A_T050_FE080,0,19,20,202.58280573591568,12.866152697914243,JAERI_68MEV_BC501A_T050_FE080,JAERI_68MEV_PEAK_4.77E9_N_SR_UC,50.0
N002_JAERI_TIARA_68MEV__TRANS__JAERI_68MEV_BC501A_T050_FE080,0,20,21,239.1305864081061,14.402567270649463,JAERI_68MEV_BC501A_T050_FE080,JAERI_68MEV_PEAK_4.77E9_N_SR_UC,50.0
N002_JAERI_TIARA_68MEV__TRANS__JAERI_68MEV_BC501A_T050_FE080,0,21,22,228.9831049385132,14.556072907564271,JAERI_68MEV_BC501A_T050_FE080,JAERI_68MEV_PEAK_4.77E9_N_SR_UC,50.0
N002_JAERI_TIARA_68MEV__TRANS__JAERI_68MEV_BC501A_T050_FE080,0,22,23,266.0500538184992,16.06421823257005,JAERI_68MEV_BC501A_T050_FE080,JAERI_68MEV_PEAK_4.77E9_N_SR_UC,50.0
N002_JAERI_TIARA_68MEV__TRANS__JAERI_68MEV_BC501A_T050_FE080,0,23,24,307.95356038498915,17.505990123195716,JAERI_68MEV_BC501A_T050_FE080,JAERI_68MEV_PEAK_4.77E9_N_SR_UC,50.0
N002_JAERI_TIARA_68MEV__TRANS__JAERI_68MEV_BC501A_T050_FE080,0,24,25,318.05250489808003,18.54730602678451,JAERI_68MEV_BC501A_T050_FE080,JAERI_68MEV_PEAK_4.77E9_N_SR_UC,50.0
N002_JAERI_TIARA_68MEV__TRANS__JAERI_68MEV_BC501A_T050_FE080,0,25,26,291.1522981071979,18.21511385358574,JAERI_68MEV_BC501A_T050_FE080,JAERI_68MEV_PEAK_4.77E9_N_SR_UC,50.0
N002_JAERI_TIARA_68MEV__TRANS__JAERI_68MEV_BC501A_T050_FE080,0,26,27,353.9930672435692,20.2883106987092,JAERI_68MEV_BC501A_T050_FE080,JAERI_68MEV_PEAK_4.77E9_N_SR_UC,50.0
N002_JAERI_TIARA_68MEV__TRANS__JAERI_68MEV_BC501A_T050_FE080,0,27,28,349.8168345275212,20.918479562567697,JAERI_68MEV_BC501A_T050_FE080,JAERI_68MEV_PEAK_4.77E9_N_SR_UC,50.0
N002_JAERI_TIARA_68MEV__TRANS__JAERI_68MEV_BC501A_T050_FE080,0,28,29,373.5594365938465,21.69451040402468,JAERI_68MEV_BC501A_T050_FE080,JAERI_68MEV_PEAK_4.77E9_N_SR_UC,50.0
N002_JAERI_TIARA_68MEV__TRANS__JAERI_68MEV_BC501A_T050_FE080,0,29,30,387.5011061761124,22.341775578347946,JAERI_68MEV_BC501A_T050_FE080,JAERI_68MEV_PEAK_4.77E9_N_SR_UC,50.0
N002_JAERI_TIARA_68MEV__TRANS__JAERI_68MEV_BC501A_T050_FE080,0,30,31,443.4707970723528,24.490171750746185,JAERI_68MEV_BC501A_T050_FE080,JAERI_68MEV_PEAK_4.77E9_N_SR_UC,50.0
N002_JAERI_TIARA_68MEV__TRANS__JAERI_68MEV_BC501A_T050_FE080,0,31,32,468.5629022446959,25.92972231231687,JAERI_68MEV_BC501A_T050_FE080,JAERI_68MEV_PEAK_4.77E9_N_SR_UC,50.0
N002_JAERI_TIARA_68MEV__TRANS__JAERI_68MEV_BC501A_T050_FE080,0,32,33,496.7646198941295,27.491781977246788,JAERI_68MEV_BC501A_T050_FE080,JAERI_68MEV_PEAK_4.77E9_N_SR_UC,50.0
N002_JAERI_TIARA_68MEV__TRANS__JAERI_68MEV_BC501A_T050_FE080,0,33,34,532.0475111682537,29.084205939241382,JAERI_68MEV_BC501A_T050_FE080,JAERI_68MEV_PEAK_4.77E9_N_SR_UC,50.0
N002_JAERI_TIARA_68MEV__TRANS__JAERI_68MEV_BC501A_T050_FE080,0,34,35,466.63909533254906,27.15573991643335,JAERI_68MEV_BC501A_T050_FE080,JAERI_68MEV_PEAK_4.77E9_N_SR_UC,50.0
N002_JAERI_TIARA_68MEV__TRANS__JAERI_68MEV_BC501A_T050_FE080,0,35,36,572.9294678735451,30.837156159015603,JAERI_68MEV_BC501A_T050_FE080,JAERI_68MEV_PEAK_4.77E9_N_SR_UC,50.0
N002_JAERI_TIARA_68MEV__TRANS__JAERI_68MEV_BC501A_T050_FE080,0,36,37,514.3841524653553,30.047818417357256,JAERI_68MEV_BC501A_T050_FE080,JAERI_68MEV_PEAK_4.77E9_N_SR_UC,50.0
N002_JAERI_TIARA_68MEV__TRANS__JAERI_68MEV_BC501A_T050_FE080,0,37,38,629.3029690510332,33.67479533475791,JAERI_68MEV_BC501A_T050_FE080,JAERI_68MEV_PEAK_4.77E9_N_SR_UC,50.0
N002_JAERI_TIARA_68MEV__TRANS__JAERI_68MEV_BC501A_T050_FE080,0,38,39,686.0996527304046,35.400860367931635,JAERI_68MEV_BC501A_T050_FE080,JAERI_68MEV_PEAK_4.77E9_N_SR_UC,50.0
N002_JAERI_TIARA_68MEV__TRANS__JAERI_68MEV_BC501A_T050_FE080,0,39,40,650.9792837933624,35.213960826030245,JAERI_68MEV_BC501A_T050_FE080,JAERI_68MEV_PEAK_4.77E9_N_SR_UC,50.0
N002_JAERI_TIARA_68MEV__TRANS__JAERI_68MEV_BC501A_T050_FE080,0,40,41,645.1692194792585,35.084908333764965,JAERI_68MEV_BC501A_T050_FE080,JAERI_68MEV_PEAK_4.77E9_N_SR_UC,50.0
N002_JAERI_TIARA_68MEV__TRANS__JAERI_68MEV_BC501A_T050_FE080,0,41,42,725.3292239724454,38.09189655604089,JAERI_68MEV_BC501A_T050_FE080,JAERI_68MEV_PEAK_4.77E9_N_SR_UC,50.0
N002_JAERI_TIARA_68MEV__TRANS__JAERI_68MEV_BC501A_T050_FE080,0,42,43,780.099499736092,40.17218199509077,JAERI_68MEV_BC501A_T050_FE080,JAERI_68MEV_PEAK_4.77E9_N_SR_UC,50.0
N002_JAERI_TIARA_68MEV__TRANS__JAERI_68MEV_BC501A_T050_FE080,0,43,44,856.5925272425005,42.44187591476805,JAERI_68MEV_BC501A_T050_FE080,JAERI_68MEV_PEAK_4.77E9_N_SR_UC,50.0
N002_JAERI_TIARA_68MEV__TRANS__JAERI_68MEV_BC501A_T050_FE080,0,44,46,877.0569373563002,31.092469696226097,JAERI_68MEV_BC501A_T050_FE080,JAERI_68MEV_PEAK_4.77E9_N_SR_UC,50.0
N002_JAERI_TIARA_68MEV__TRANS__JAERI_68MEV_BC501A_T050_FE080,0,46,48,956.8324811002384,33.68212806034627,JAERI_68MEV_BC501A_T050_FE080,JAERI_68MEV_PEAK_4.77E9_N_SR_UC,50.0
N002_JAERI_TIARA_68MEV__TRANS__JAERI_68MEV_BC501A_T050_FE080,0,48,50,1009.082548620917,35.53319630582464,JAERI_68MEV_BC501A_T050_FE080,JAERI_68MEV_PEAK_4.77E9_N_SR_UC,50.0
N002_JAERI_TIARA_68MEV__TRANS__JAERI_68MEV_BC501A_T050_FE080,0,50,52,1053.0277170741367,36.78046450219521,JAERI_68MEV_BC501A_T050_FE080,JAERI_68MEV_PEAK_4.77E9_N_SR_UC,50.0
N002_JAERI_TIARA_68MEV__TRANS__JAERI_68MEV_BC501A_T050_FE080,0,52,54,1047.5679146355951,37.695443912433845,JAERI_68MEV_BC501A_T050_FE080,JAERI_68MEV_PEAK_4.77E9_N_SR_UC,50.0
N002_JAERI_TIARA_68MEV__TRANS__JAERI_68MEV_BC501A_T050_FE080,0,54,56,1014.6217874642456,37.59962422989864,JAERI_68MEV_BC501A_T050_FE080,JAERI_68MEV_PEAK_4.77E9_N_SR_UC,50.0
N002_JAERI_TIARA_68MEV__TRANS__JAERI_68MEV_BC501A_T050_FE080,0,56,58,985.4930569887197,37.92862141698408,JAERI_68MEV_BC501A_T050_FE080,JAERI_68MEV_PEAK_4.77E9_N_SR_UC,50.0
N002_JAERI_TIARA_68MEV__TRANS__JAERI_68MEV_BC501A_T050_FE080,0,58,60,846.890099695121,35.8126697007196,JAERI_68MEV_BC501A_T050_FE080,JAERI_68MEV_PEAK_4.77E9_N_SR_UC,50.0
N002_JAERI_TIARA_68MEV__TRANS__JAERI_68MEV_BC501A_T050_FE080,0,60,62,908.3929457319325,37.197680510381815,JAERI_68MEV_BC501A_T050_FE080,JAERI_68MEV_PEAK_4.77E9_N_SR_UC,50.0
N002_JAERI_TIARA_68MEV__TRANS__JAERI_68MEV_BC501A_T050_FE080,0,62,64,6436.078875144821,103.47872017184773,JAERI_68MEV_BC501A_T050_FE080,JAERI_68MEV_PEAK_4.77E9_N_SR_UC,50.0
N002_JAERI_TIARA_68MEV__TRANS__JAERI_68MEV_BC501A_T050_FE080,0,64,66,17257.528637041767,174.0062427222136,JAERI_68MEV_BC501A_T050_FE080,JAERI_68MEV_PEAK_4.77E9_N_SR_UC,50.0
N002_JAERI_TIARA_68MEV__TRANS__JAERI_68MEV_BC501A_T050_FE080,0,66,68,5313.937467815939,99.06486568203954,JAERI_68MEV_BC501A_T050_FE080,JAERI_68MEV_PEAK_4.77E9_N_SR_UC,50.0
N002_JAERI_TIARA_68MEV__TRANS__JAERI_68MEV_BC501A_T050_FE080,0,68,70,115.8387728141358,14.702485606726428,JAERI_68MEV_BC501A_T050_FE080,JAERI_68MEV_PEAK_4.77E9_N_SR_UC,50.0
N002_JAERI_TIARA_68MEV__TRANS__JAERI_68MEV_BC501A_T050_FE080,20,6,7,55.36130558636157,3.743237118937528,JAERI_68MEV_BC501A_T050_FE080,JAERI_68MEV_PEAK_4.77E9_N_SR_UC,50.0
N002_JAERI_TIARA_68MEV__TRANS__JAERI_68MEV_BC501A_T050_FE080,20,7,8,45.58367663622672,3.7083805021179415,JAERI_68MEV_BC501A_T050_FE080,JAERI_68MEV_PEAK_4.77E9_N_SR_UC,50.0
N002_JAERI_TIARA_68MEV__TRANS__JAERI_68MEV_BC501A_T050_FE080,20,8,9,45.6360537637087,3.7901352670760207,JAERI_68MEV_BC501A_T050_FE080,JAERI_68MEV_PEAK_4.77E9_N_SR_UC,50.0
N002_JAERI_TIARA_68MEV__TRANS__JAERI_68MEV_BC501A_T050_FE080,20,9,10,39.916853280736525,3.792678380735561,JAERI_68MEV_BC501A_T050_FE080,JAERI_68MEV_PEAK_4.77E9_N_SR_UC,50.0
N002_JAERI_TIARA_68MEV__TRANS__JAERI_68MEV_BC501A_T050_FE080,20,10,11,42.86439391578198,4.2930539075304255,JAERI_68MEV_BC501A_T050_FE080,JAERI_68MEV_PEAK_4.77E9_N_SR_UC,50.0
N002_JAERI_TIARA_68MEV__TRANS__JAERI_68MEV_BC501A_T050_FE080,20,11,12,43.324939159683545,4.562057214319741,JAERI_68MEV_BC501A_T050_FE080,JAERI_68MEV_PEAK_4.77E9_N_SR_UC,50.0
N002_JAERI_TIARA_68MEV__TRANS__JAERI_68MEV_BC501A_T050_FE080,20,12,13,41.80379333014135,4.346913353023161,JAERI_68MEV_BC501A_T050_FE080,JAERI_68MEV_PEAK_4.77E9_N_SR_UC,50.0
N002_JAERI_TIARA_68MEV__TRANS__JAERI_68MEV_BC501A_T050_FE080,20,13,14,45.74889103395792,4.831776477415254,JAERI_68MEV_BC501A_T050_FE080,JAERI_68MEV_PEAK_4.77E9_N_SR_UC,50.0
N002_JAERI_TIARA_68MEV__TRANS__JAERI_68MEV_BC501A_T050_FE080,20,14,15,54.22693276944622,5.7449993838003435,JAERI_68MEV_BC501A_T050_FE080,JAERI_68MEV_PEAK_4.77E9_N_SR_UC,50.0
N002_JAERI_TIARA_68MEV__TRANS__JAERI_68MEV_BC501A_T050_FE080,20,15,16,50.037043903324566,5.809296602492226,JAERI_68MEV_BC501A_T050_FE080,JAERI_68MEV_PEAK_4.77E9_N_SR_UC,50.0
N002_JAERI_TIARA_68MEV__TRANS__JAERI_68MEV_BC501A_T050_FE080,20,16,17,48.17431445992329,5.653373370764894,JAERI_68MEV_BC501A_T050_FE080,JAERI_68MEV_PEAK_4.77E9_N_SR_UC,50.0
N002_JAERI_TIARA_68MEV__TRANS__JAERI_68MEV_BC501A_T050_FE080,20,17,18,75.82420438386448,7.839754548608608,JAERI_68MEV_BC501A_T050_FE080,JAERI_68MEV_PEAK_4.77E9_N_SR_UC,50.0
N002_JAERI_TIARA_68MEV__TRANS__JAERI_68MEV_BC501A_T050_FE080,20,18,19,70.34603612569602,7.496298081684438,JAERI_68MEV_BC501A_T050_FE080,JAERI_68MEV_PEAK_4.77E9_N_SR_UC,50.0
N002_JAERI_TIARA_68MEV__TRANS__JAERI_68MEV_BC501A_T050_FE080,20,19,20,63.58525433410066,7.26652896570219,JAERI_68MEV_BC501A_T050_FE080,JAERI_68MEV_PEAK_4.77E9_N_SR_UC,50.0
N002_JAERI_TIARA_68MEV__TRANS__JAERI_68MEV_BC501A_T050_FE080,20,20,21,61.98004899187066,7.329092237144922,JAERI_68MEV_BC501A_T050_FE080,JAERI_68MEV_PEAK_4.77E9_N_SR_UC,50.0
N002_JAERI_TIARA_68MEV__TRANS__JAERI_68MEV_BC501A_T050_FE080,20,21,22,76.08191489650785,8.547042987790304,JAERI_68MEV_BC501A_T050_FE080,JAERI_68MEV_PEAK_4.77E9_N_SR_UC,50.0
N002_JAERI_TIARA_68MEV__TRANS__JAERI_68MEV_BC501A_T050_FE080,20,22,23,67.13682536019192,8.032306978647187,JAERI_68MEV_BC501A_T050_FE080,JAERI_68MEV_PEAK_4.77E9_N_SR_UC,50.0
N002_JAERI_TIARA_68MEV__TRANS__JAERI_68MEV_BC501A_T050_FE080,20,23,24,91.05901616436104,9.662562147268096,JAERI_68MEV_BC501A_T050_FE080,JAERI_68MEV_PEAK_4.77E9_N_SR_UC,50.0
N002_JAERI_TIARA_68MEV__TRANS__JAERI_68MEV_BC501A_T050_FE080,20,24,25,86.42960040110486,10.1270314226552,JAERI_68MEV_BC501A_T050_FE080,JAERI_68MEV_PEAK_4.77E9_N_SR_UC,50.0
N002_JAERI_TIARA_68MEV__TRANS__JAERI_68MEV_BC501A_T050_FE080,20,25,26,83.62010607687945,9.851110292069475,JAERI_68MEV_BC501A_T050_FE080,JAERI_68MEV_PEAK_4.77E9_N_SR_UC,50.0
N002_JAERI_TIARA_68MEV__TRANS__JAERI_68MEV_BC501A_T050_FE080,20,26,27,87.4820088177469,9.970349736912311,JAERI_68MEV_BC501A_T050_FE080,JAERI_68MEV_PEAK_4.77E9_N_SR_UC,50.0
N002_JAERI_TIARA_68MEV__TRANS__JAERI_68MEV_BC501A_T050_FE080,20,27,28,109.15591620174222,11.714946191491135,JAERI_68MEV_BC501A_T050_FE080,JAERI_68MEV_PEAK_4.77E9_N_SR_UC,50.0
N002_JAERI_TIARA_68MEV__TRANS__JAERI_68MEV_BC501A_T050_FE080,20,28,29,127.19422011038112,12.771739786083844,JAERI_68MEV_BC501A_T050_FE080,JAERI_68MEV_PEAK_4.77E9_N_SR_UC,50.0
N002_JAERI_TIARA_68MEV__TRANS__JAERI_68MEV_BC501A_T050_FE080,20,29,30,116.48833086484116,12.684202697098888,JAERI_68MEV_BC501A_T050_FE080,JAERI_68MEV_PEAK_4.77E9_N_SR_UC,50.0
N002_JAERI_TIARA_68MEV__TRANS__JAERI_68MEV_BC501A_T050_FE080,20,30,31,121.65060780121884,13.094279664940707,JAERI_68MEV_BC501A_T050_FE080,JAERI_68MEV_PEAK_4.77E9_N_SR_UC,50.0
N002_JAERI_TIARA_68MEV__TRANS__JAERI_68MEV_BC501A_T050_FE080,20,31,32,125.51931164569974,13.303458632999524,JAERI_68MEV_BC501A_T050_FE080,JAERI_68MEV_PEAK_4.77E9_N_SR_UC,50.0
N002_JAERI_TIARA_68MEV__TRANS__JAERI_68MEV_BC501A_T050_FE080,20,32,33,101.36674923109652,11.760981129232768,JAERI_68MEV_BC501A_T050_FE080,JAERI_68MEV_PEAK_4.77E9_N_SR_UC,50.0
N002_JAERI_TIARA_68MEV__TRANS__JAERI_68MEV_BC501A_T050_FE080,20,33,34,123.57947549263186,13.637238699669268,JAERI_68MEV_BC501A_T050_FE080,JAERI_68MEV_PEAK_4.77E9_N_SR_UC,50.0
N002_JAERI_TIARA_68MEV__TRANS__JAERI_68MEV_BC501A_T050_FE080,20,34,35,120.77195494335028,13.407096032648706,JAERI_68MEV_BC501A_T050_FE080,JAERI_68MEV_PEAK_4.77E9_N_SR_UC,50.0
N002_JAERI_TIARA_68MEV__TRANS__JAERI_68MEV_BC501A_T050_FE080,20,35,36,140.70884557688137,15.099576632892235,JAERI_68MEV_BC501A_T050_FE080,JAERI_68MEV_PEAK_4.77E9_N_SR_UC,50.0
N002_JAERI_TIARA_68MEV__TRANS__JAERI_68MEV_BC501A_T050_FE080,20,36,37,166.4573382944055,17.254942456858007,JAERI_68MEV_BC501A_T050_FE080,JAERI_68MEV_PEAK_4.77E9_N_SR_UC,50.0
N002_JAERI_TIARA_68MEV__TRANS__JAERI_68MEV_BC501A_T050_FE080,20,37,38,140.00418270677378,15.446840334919436,JAERI_68MEV_BC501A_T050_FE080,JAERI_68MEV_PEAK_4.77E9_N_SR_UC,50.0
N002_JAERI_TIARA_68MEV__TRANS__JAERI_68MEV_BC501A_T050_FE080,20,38,39,157.5791730578321,16.86526625743747,JAERI_68MEV_BC501A_T050_FE080,JAERI_68MEV_PEAK_4.77E9_N_SR_UC,50.0
N002_JAERI_TIARA_68MEV__TRANS__JAERI_68MEV_BC501A_T050_FE080,20,39,40,154.81177213460467,16.59682949192718,JAERI_68MEV_BC501A_T050_FE080,JAERI_68MEV_PEAK_4.77E9_N_SR_UC,50.0
N002_JAERI_TIARA_68MEV__TRANS__JAERI_68MEV_BC501A_T050_FE080,20,40,41,161.42600135532413,16.831913306618926,JAERI_68MEV_BC501A_T050_FE080,JAERI_68MEV_PEAK_4.77E9_N_SR_UC,50.0
N002_JAERI_TIARA_68MEV__TRANS__JAERI_68MEV_BC501A_T050_FE080,20,41,42,133.1444781386471,16.202670762268497,JAERI_68MEV_BC501A_T050_FE080,JAERI_68MEV_PEAK_4.77E9_N_SR_UC,50.0
N002_JAERI_TIARA_68MEV__TRANS__JAERI_68MEV_BC501A_T050_FE080,20,42,43,164.28172391188917,18.586735931098424,JAERI_68MEV_BC501A_T050_FE080,JAERI_68MEV_PEAK_4.77E9_N_SR_UC,50.0
N002_JAERI_TIARA_68MEV__TRANS__JAERI_68MEV_BC501A_T050_FE080,20,43,44,148.35817703449834,16.905582235167305,JAERI_68MEV_BC501A_T050_FE080,JAERI_68MEV_PEAK_4.77E9_N_SR_UC,50.0
N002_JAERI_TIARA_68MEV__TRANS__JAERI_68MEV_BC501A_T050_FE080,20,44,46,174.23989798875468,13.919821324402127,JAERI_68MEV_BC501A_T050_FE080,JAERI_68MEV_PEAK_4.77E9_N_SR_UC,50.0
N002_JAERI_TIARA_68MEV__TRANS__JAERI_68MEV_BC501A_T050_FE080,20,46,48,175.37943443959986,13.99943898494346,JAERI_68MEV_BC501A_T050_FE080,JAERI_68MEV_PEAK_4.77E9_N_SR_UC,50.0
N002_JAERI_TIARA_68MEV__TRANS__JAERI_68MEV_BC501A_T050_FE080,20,48,50,216.11995231653063,16.47338959342614,JAERI_68MEV_BC501A_T050_FE080,JAERI_68MEV_PEAK_4.77E9_N_SR_UC,50.0
N002_JAERI_TIARA_68MEV__TRANS__JAERI_68MEV_BC501A_T050_FE080,20,50,52,188.97234343096548,15.577159987583888,JAERI_68MEV_BC501A_T050_FE080,JAERI_68MEV_PEAK_4.77E9_N_SR_UC,50.0
N002_JAERI_TIARA_68MEV__TRANS__JAERI_68MEV_BC501A_T050_FE080,20,52,54,172.93991912165507,14.709763697581916,JAERI_68MEV_BC501A_T050_FE080,JAERI_68MEV_PEAK_4.77E9_N_SR_UC,50.0
N002_JAERI_TIARA_68MEV__TRANS__JAERI_68MEV_BC501A_T050_FE080,20,54,56,176.0456273691465,15.534984785465356,JAERI_68MEV_BC501A_T050_FE080,JAERI_68MEV_PEAK_4.77E9_N_SR_UC,50.0
N002_JAERI_TIARA_68MEV__TRANS__JAERI_68MEV_BC501A_T050_FE080,20,56,58,164.12613141808086,15.051764299890078,JAERI_68MEV_BC501A_T050_FE080,JAERI_68MEV_PEAK_4.77E9_N_SR_UC,50.0
N002_JAERI_TIARA_68MEV__TRANS__JAERI_68MEV_BC501A_T050_FE080,20,58,60,134.3949715200807,13.740371568683033,JAERI_68MEV_BC501A_T050_FE080,JAERI_68MEV_PEAK_4.77E9_N_SR_UC,50.0
N002_JAERI_TIARA_68MEV__TRANS__JAERI_68MEV_BC501A_T050_FE080,20,60,62,231.21283115659813,18.853397123973124,JAERI_68MEV_BC501A_T050_FE080,JAERI_68MEV_PEAK_4.77E9_N_SR_UC,50.0
N002_JAERI_TIARA_68MEV__TRANS__JAERI_68MEV_BC501A_T050_FE080,20,62,64,1003.171866763892,39.82464203529176,JAERI_68MEV_BC501A_T050_FE080,JAERI_68MEV_PEAK_4.77E9_N_SR_UC,50.0
N002_JAERI_TIARA_68MEV__TRANS__JAERI_68MEV_BC501A_T050_FE080,20,64,66,1336.9882626568294,46.794145340507285,JAERI_68MEV_BC501A_T050_FE080,JAERI_68MEV_PEAK_4.77E9_N_SR_UC,50.0
N002_JAERI_TIARA_68MEV__TRANS__JAERI_68MEV_BC501A_T050_FE080,20,66,68,203.93133303845525,18.829006490879262,JAERI_68MEV_BC501A_T050_FE080,JAERI_68MEV_PEAK_4.77E9_N_SR_UC,50.0
N002_JAERI_TIARA_68MEV__TRANS__JAERI_68MEV_BC501A_T050_FE080,20,68,70,11.254390401596968,4.741363503063382,JAERI_68MEV_BC501A_T050_FE080,JAERI_68MEV_PEAK_4.77E9_N_SR_UC,50.0
N002_JAERI_TIARA_68MEV__TRANS__JAERI_68MEV_BC501A_T050_FE080,40,6,7,11.858986760841956,1.8694800711122512,JAERI_68MEV_BC501A_T050_FE080,JAERI_68MEV_PEAK_4.77E9_N_SR_UC,50.0
N002_JAERI_TIARA_68MEV__TRANS__JAERI_68MEV_BC501A_T050_FE080,40,7,8,11.104187494460296,1.7663300946178504,JAERI_68MEV_BC501A_T050_FE080,JAERI_68MEV_PEAK_4.77E9_N_SR_UC,50.0
N002_JAERI_TIARA_68MEV__TRANS__JAERI_68MEV_BC501A_T050_FE080,40,8,9,10.746085888218785,1.8428947317585205,JAERI_68MEV_BC501A_T050_FE080,JAERI_68MEV_PEAK_4.77E9_N_SR_UC,50.0
N002_JAERI_TIARA_68MEV__TRANS__JAERI_68MEV_BC501A_T050_FE080,40,9,10,9.421904411060028,1.7414721874373775,JAERI_68MEV_BC501A_T050_FE080,JAERI_68MEV_PEAK_4.77E9_N_SR_UC,50.0
N002_JAERI_TIARA_68MEV__TRANS__JAERI_68MEV_BC501A_T050_FE080,40,10,11,8.0034536086482,1.7130307483112746,JAERI_68MEV_BC501A_T050_FE080,JAERI_68MEV_PEAK_4.77E9_N_SR_UC,50.0
N002_JAERI_TIARA_68MEV__TRANS__JAERI_68MEV_BC501A_T050_FE080,40,11,12,9.46365894579022,1.8613404399890847,JAERI_68MEV_BC501A_T050_FE080,JAERI_68MEV_PEAK_4.77E9_N_SR_UC,50.0
N002_JAERI_TIARA_68MEV__TRANS__JAERI_68MEV_BC501A_T050_FE080,40,12,13,11.80517549298716,2.572358198528609,JAERI_68MEV_BC501A_T050_FE080,JAERI_68MEV_PEAK_4.77E9_N_SR_UC,50.0
N002_JAERI_TIARA_68MEV__TRANS__JAERI_68MEV_BC501A_T050_FE080,40,13,14,9.067254416346882,2.2457427037234896,JAERI_68MEV_BC501A_T050_FE080,JAERI_68MEV_PEAK_4.77E9_N_SR_UC,50.0
N002_JAERI_TIARA_68MEV__TRANS__JAERI_68MEV_BC501A_T050_FE080,40,14,15,11.516069215506088,2.681249716172916,JAERI_68MEV_BC501A_T050_FE080,JAERI_68MEV_PEAK_4.77E9_N_SR_UC,50.0
N002_JAERI_TIARA_68MEV__TRANS__JAERI_68MEV_BC501A_T050_FE080,40,15,16,11.6181697975372,2.649500501924836,JAERI_68MEV_BC501A_T050_FE080,JAERI_68MEV_PEAK_4.77E9_N_SR_UC,50.0
N002_JAERI_TIARA_68MEV__TRANS__JAERI_68MEV_BC501A_T050_FE080,40,16,17,11.85613390087656,2.849455995621763,JAERI_68MEV_BC501A_T050_FE080,JAERI_68MEV_PEAK_4.77E9_N_SR_UC,50.0
N002_JAERI_TIARA_68MEV__TRANS__JAERI_68MEV_BC501A_T050_FE080,40,17,18,11.515762789186722,2.9813076303822226,JAERI_68MEV_BC501A_T050_FE080,JAERI_68MEV_PEAK_4.77E9_N_SR_UC,50.0
N002_JAERI_TIARA_68MEV__TRANS__JAERI_68MEV_BC501A_T050_FE080,40,18,19,18.75535918501614,3.7829546120443576,JAERI_68MEV_BC501A_T050_FE080,JAERI_68MEV_PEAK_4.77E9_N_SR_UC,50.0
N002_JAERI_TIARA_68MEV__TRANS__JAERI_68MEV_BC501A_T050_FE080,40,19,20,18.748368062131885,3.7719019011999833,JAERI_68MEV_BC501A_T050_FE080,JAERI_68MEV_PEAK_4.77E9_N_SR_UC,50.0
N002_JAERI_TIARA_68MEV__TRANS__JAERI_68MEV_BC501A_T050_FE080,40,20,21,17.13242970461867,3.8201400665232415,JAERI_68MEV_BC501A_T050_FE080,JAERI_68MEV_PEAK_4.77E9_N_SR_UC,50.0
N002_JAERI_TIARA_68MEV__TRANS__JAERI_68MEV_BC501A_T050_FE080,40,21,22,11.079190027320092,3.0301713673588533,JAERI_68MEV_BC501A_T050_FE080,JAERI_68MEV_PEAK_4.77E9_N_SR_UC,50.0
N002_JAERI_TIARA_68MEV__TRANS__JAERI_68MEV_BC501A_T050_FE080,40,22,23,16.01541794349332,4.151986798982719,JAERI_68MEV_BC501A_T050_FE080,JAERI_68MEV_PEAK_4.77E9_N_SR_UC,50.0
N002_JAERI_TIARA_68MEV__TRANS__JAERI_68MEV_BC501A_T050_FE080,40,23,24,13.083092820519337,3.402186831647106,JAERI_68MEV_BC501A_T050_FE080,JAERI_68MEV_PEAK_4.77E9_N_SR_UC,50.0
N002_JAERI_TIARA_68MEV__TRANS__JAERI_68MEV_BC501A_T050_FE080,40,24,25,20.62731844572884,4.592188597065813,JAERI_68MEV_BC501A_T050_FE080,JAERI_68MEV_PEAK_4.77E9_N_SR_UC,50.0
N002_JAERI_TIARA_68MEV__TRANS__JAERI_68MEV_BC501A_T050_FE080,40,25,26,21.25526947929006,4.629351384988524,JAERI_68MEV_BC501A_T050_FE080,JAERI_68MEV_PEAK_4.77E9_N_SR_UC,50.0
N002_JAERI_TIARA_68MEV__TRANS__JAERI_68MEV_BC501A_T050_FE080,40,26,27,29.470842916908268,5.885904399627232,JAERI_68MEV_BC501A_T050_FE080,JAERI_68MEV_PEAK_4.77E9_N_SR_UC,50.0
N002_JAERI_TIARA_68MEV__TRANS__JAERI_68MEV_BC501A_T050_FE080,40,27,28,20.24320271631132,5.013238935587127,JAERI_68MEV_BC501A_T050_FE080,JAERI_68MEV_PEAK_4.77E9_N_SR_UC,50.0
N002_JAERI_TIARA_68MEV__TRANS__JAERI_68MEV_BC501A_T050_FE080,40,28,29,26.87227465478459,5.623003999345495,JAERI_68MEV_BC501A_T050_FE080,JAERI_68MEV_PEAK_4.77E9_N_SR_UC,50.0
N002_JAERI_TIARA_68MEV__TRANS__JAERI_68MEV_BC501A_T050_FE080,40,29,30,22.126868859343077,5.390108920431316,JAERI_68MEV_BC501A_T050_FE080,JAERI_68MEV_PEAK_4.77E9_N_SR_UC,50.0
N002_JAERI_TIARA_68MEV__TRANS__JAERI_68MEV_BC501A_T050_FE080,40,30,31,18.957140988671355,4.731179005028776,JAERI_68MEV_BC501A_T050_FE080,JAERI_68MEV_PEAK_4.77E9_N_SR_UC,50.0
N002_JAERI_TIARA_68MEV__TRANS__JAERI_68MEV_BC501A_T050_FE080,40,31,32,22.400238144917815,5.446069312160252,JAERI_68MEV_BC501A_T050_FE080,JAERI_68MEV_PEAK_4.77E9_N_SR_UC,50.0
N002_JAERI_TIARA_68MEV__TRANS__JAERI_68MEV_BC501A_T050_FE080,40,32,33,18.11973749612756,5.152374272980258,JAERI_68MEV_BC501A_T050_FE080,JAERI_68MEV_PEAK_4.77E9_N_SR_UC,50.0
N002_JAERI_TIARA_68MEV__TRANS__JAERI_68MEV_BC501A_T050_FE080,40,33,34,41.99784454699165,8.327687649705686,JAERI_68MEV_BC501A_T050_FE080,JAERI_68MEV_PEAK_4.77E9_N_SR_UC,50.0
N002_JAERI_TIARA_68MEV__TRANS__JAERI_68MEV_BC501A_T050_FE080,40,34,35,25.806522123161493,6.478381466945347,JAERI_68MEV_BC501A_T050_FE080,JAERI_68MEV_PEAK_4.77E9_N_SR_UC,50.0
N002_JAERI_TIARA_68MEV__TRANS__JAERI_68MEV_BC501A_T050_FE080,40,35,36,30.53630095733958,6.891829192264339,JAERI_68MEV_BC501A_T050_FE080,JAERI_68MEV_PEAK_4.77E9_N_SR_UC,50.0
N002_JAERI_TIARA_68MEV__TRANS__JAERI_68MEV_BC501A_T050_FE080,40,36,37,27.0387610429556,6.892538505681371,JAERI_68MEV_BC501A_T050_FE080,JAERI_68MEV_PEAK_4.77E9_N_SR_UC,50.0
N002_JAERI_TIARA_68MEV__TRANS__JAERI_68MEV_BC501A_T050_FE080,40,37,38,31.86621404428452,7.284079053354831,JAERI_68MEV_BC501A_T050_FE080,JAERI_68MEV_PEAK_4.77E9_N_SR_UC,50.0
N002_JAERI_TIARA_68MEV__TRANS__JAERI_68MEV_BC501A_T050_FE080,40,38,39,31.479848634649137,7.546437451414957,JAERI_68MEV_BC501A_T050_FE080,JAERI_68MEV_PEAK_4.77E9_N_SR_UC,50.0
N002_JAERI_TIARA_68MEV__TRANS__JAERI_68MEV_BC501A_T050_FE080,40,39,40,41.739848322344216,8.544980389831153,JAERI_68MEV_BC501A_T050_FE080,JAERI_68MEV_PEAK_4.77E9_N_SR_UC,50.0
N002_JAERI_TIARA_68MEV__TRANS__JAERI_68MEV_BC501A_T050_FE080,40,40,41,36.56389321146143,8.37014914408197,JAERI_68MEV_BC501A_T050_FE080,JAERI_68MEV_PEAK_4.77E9_N_SR_UC,50.0
N002_JAERI_TIARA_68MEV__TRANS__JAERI_68MEV_BC501A_T050_FE080,40,41,42,28.060492152436712,7.646387213123487,JAERI_68MEV_BC501A_T050_FE080,JAERI_68MEV_PEAK_4.77E9_N_SR_UC,50.0
N002_JAERI_TIARA_68MEV__TRANS__JAERI_68MEV_BC501A_T050_FE080,40,42,43,23.914472409846628,6.688902851342444,JAERI_68MEV_BC501A_T050_FE080,JAERI_68MEV_PEAK_4.77E9_N_SR_UC,50.0
N002_JAERI_TIARA_68MEV__TRANS__JAERI_68MEV_BC501A_T050_FE080,40,43,44,39.86754602051416,8.79198771696592,JAERI_68MEV_BC501A_T050_FE080,JAERI_68MEV_PEAK_4.77E9_N_SR_UC,50.0
N002_JAERI_TIARA_68MEV__TRANS__JAERI_68MEV_BC501A_T050_FE080,40,44,46,31.829195737117317,5.502319543770702,JAERI_68MEV_BC501A_T050_FE080,JAERI_68MEV_PEAK_4.77E9_N_SR_UC,50.0
N002_JAERI_TIARA_68MEV__TRANS__JAERI_68MEV_BC501A_T050_FE080,40,46,48,41.49562118878712,7.1804388566244155,JAERI_68MEV_BC501A_T050_FE080,JAERI_68MEV_PEAK_4.77E9_N_SR_UC,50.0
N002_JAERI_TIARA_68MEV__TRANS__JAERI_68MEV_BC501A_T050_FE080,40,48,50,32.27328001471204,6.293435893753705,JAERI_68MEV_BC501A_T050_FE080,JAERI_68MEV_PEAK_4.77E9_N_SR_UC,50.0
N002_JAERI_TIARA_68MEV__TRANS__JAERI_68MEV_BC501A_T050_FE080,40,50,52,33.91635222484905,6.3120887685307725,JAERI_68MEV_BC501A_T050_FE080,JAERI_68MEV_PEAK_4.77E9_N_SR_UC,50.0
N002_JAERI_TIARA_68MEV__TRANS__JAERI_68MEV_BC501A_T050_FE080,40,52,54,34.80248005686893,6.668561821970439,JAERI_68MEV_BC501A_T050_FE080,JAERI_68MEV_PEAK_4.77E9_N_SR_UC,50.0
N002_JAERI_TIARA_68MEV__TRANS__JAERI_68MEV_BC501A_T050_FE080,40,54,56,26.498543632535764,5.894451668589024,JAERI_68MEV_BC501A_T050_FE080,JAERI_68MEV_PEAK_4.77E9_N_SR_UC,50.0
N002_JAERI_TIARA_68MEV__TRANS__JAERI_68MEV_BC501A_T050_FE080,40,56,58,22.56751702556172,5.459912343727794,JAERI_68MEV_BC501A_T050_FE080,JAERI_68MEV_PEAK_4.77E9_N_SR_UC,50.0
N002_JAERI_TIARA_68MEV__TRANS__JAERI_68MEV_BC501A_T050_FE080,40,58,60,14.151632015108792,4.2511876333100975,JAERI_68MEV_BC501A_T050_FE080,JAERI_68MEV_PEAK_4.77E9_N_SR_UC,50.0
N002_JAERI_TIARA_68MEV__TRANS__JAERI_68MEV_BC501A_T050_FE080,40,60,62,43.523985577286886,7.677264445848468,JAERI_68MEV_BC501A_T050_FE080,JAERI_68MEV_PEAK_4.77E9_N_SR_UC,50.0
N002_JAERI_TIARA_68MEV__TRANS__JAERI_68MEV_BC501A_T050_FE080,40,62,64,121.54178738418118,13.728860274387973,JAERI_68MEV_BC501A_T050_FE080,JAERI_68MEV_PEAK_4.77E9_N_SR_UC,50.0
N002_JAERI_TIARA_68MEV__TRANS__JAERI_68MEV_BC501A_T050_FE080,40,64,66,85.17746779292617,11.63152788643328,JAERI_68MEV_BC501A_T050_FE080,JAERI_68MEV_PEAK_4.77E9_N_SR_UC,50.0
N002_JAERI_TIARA_68MEV__TRANS__JAERI_68MEV_BC501A_T050_FE080,40,66,68,4.660646576248168,1.9472809132389184,JAERI_68MEV_BC501A_T050_FE080,JAERI_68MEV_PEAK_4.77E9_N_SR_UC,50.0
N002_JAERI_TIARA_68MEV__TRANS__JAERI_68MEV_BC501A_T050_FE080,40,68,70,0.0,0.0,JAERI_68MEV_BC501A_T050_FE080,JAERI_68MEV_PEAK_4.77E9_N_SR_UC,50.0
N002_JAERI_TIARA_68MEV__TRANS__JAERI_68MEV_BC501A_T100_FE000,0,6,7,11.104137036414055,1.5239686209654428,JAERI_68MEV_BC501A_T100_FE000,JAERI_68MEV_PEAK_4.00E9_N_SR_UC,100.0
N002_JAERI_TIARA_68MEV__TRANS__JAERI_68MEV_BC501A_T100_FE000,0,7,8,9.01845224772754,1.485779927808364,JAERI_68MEV_BC501A_T100_FE000,JAERI_68MEV_PEAK_4.00E9_N_SR_UC,100.0
N002_JAERI_TIARA_68MEV__TRANS__JAERI_68MEV_BC501A_T100_FE000,0,8,9,9.19955766899203,1.6220543569827528,JAERI_68MEV_BC501A_T100_FE000,JAERI_68MEV_PEAK_4.00E9_N_SR_UC,100.0
N002_JAERI_TIARA_68MEV__TRANS__JAERI_68MEV_BC501A_T100_FE000,0,9,10,8.279198429336628,1.5233134938377495,JAERI_68MEV_BC501A_T100_FE000,JAERI_68MEV_PEAK_4.00E9_N_SR_UC,100.0
N002_JAERI_TIARA_68MEV__TRANS__JAERI_68MEV_BC501A_T100_FE000,0,10,11,4.744119363124377,1.1881954036545506,JAERI_68MEV_BC501A_T100_FE000,JAERI_68MEV_PEAK_4.00E9_N_SR_UC,100.0
N002_JAERI_TIARA_68MEV__TRANS__JAERI_68MEV_BC501A_T100_FE000,0,11,12,7.706638948963411,1.8057629484625404,JAERI_68MEV_BC501A_T100_FE000,JAERI_68MEV_PEAK_4.00E9_N_SR_UC,100.0
N002_JAERI_TIARA_68MEV__TRANS__JAERI_68MEV_BC501A_T100_FE000,0,12,13,9.672929899138632,1.9230473949862377,JAERI_68MEV_BC501A_T100_FE000,JAERI_68MEV_PEAK_4.00E9_N_SR_UC,100.0
N002_JAERI_TIARA_68MEV__TRANS__JAERI_68MEV_BC501A_T100_FE000,0,13,14,12.210968785134522,2.41674441432747,JAERI_68MEV_BC501A_T100_FE000,JAERI_68MEV_PEAK_4.00E9_N_SR_UC,100.0
N002_JAERI_TIARA_68MEV__TRANS__JAERI_68MEV_BC501A_T100_FE000,0,14,15,12.570455657206471,2.570567178519318,JAERI_68MEV_BC501A_T100_FE000,JAERI_68MEV_PEAK_4.00E9_N_SR_UC,100.0
N002_JAERI_TIARA_68MEV__TRANS__JAERI_68MEV_BC501A_T100_FE000,0,15,16,13.783647783328034,2.786991363704335,JAERI_68MEV_BC501A_T100_FE000,JAERI_68MEV_PEAK_4.00E9_N_SR_UC,100.0
N002_JAERI_TIARA_68MEV__TRANS__JAERI_68MEV_BC501A_T100_FE000,0,16,17,11.672191372302123,2.6807283157350894,JAERI_68MEV_BC501A_T100_FE000,JAERI_68MEV_PEAK_4.00E9_N_SR_UC,100.0
N002_JAERI_TIARA_68MEV__TRANS__JAERI_68MEV_BC501A_T100_FE000,0,17,18,18.008334199336975,3.347647457492792,JAERI_68MEV_BC501A_T100_FE000,JAERI_68MEV_PEAK_4.00E9_N_SR_UC,100.0
N002_JAERI_TIARA_68MEV__TRANS__JAERI_68MEV_BC501A_T100_FE000,0,18,19,16.595052148936446,3.559183441606959,JAERI_68MEV_BC501A_T100_FE000,JAERI_68MEV_PEAK_4.00E9_N_SR_UC,100.0
N002_JAERI_TIARA_68MEV__TRANS__JAERI_68MEV_BC501A_T100_FE000,0,19,20,12.509395020809508,3.0260371436834865,JAERI_68MEV_BC501A_T100_FE000,JAERI_68MEV_PEAK_4.00E9_N_SR_UC,100.0
N002_JAERI_TIARA_68MEV__TRANS__JAERI_68MEV_BC501A_T100_FE000,0,20,21,9.421424858663256,2.766505889901243,JAERI_68MEV_BC501A_T100_FE000,JAERI_68MEV_PEAK_4.00E9_N_SR_UC,100.0
N002_JAERI_TIARA_68MEV__TRANS__JAERI_68MEV_BC501A_T100_FE000,0,21,22,12.931349183487374,3.0916722270901937,JAERI_68MEV_BC501A_T100_FE000,JAERI_68MEV_PEAK_4.00E9_N_SR_UC,100.0
N002_JAERI_TIARA_68MEV__TRANS__JAERI_68MEV_BC501A_T100_FE000,0,22,23,12.01079441192058,2.837857295085118,JAERI_68MEV_BC501A_T100_FE000,JAERI_68MEV_PEAK_4.00E9_N_SR_UC,100.0
N002_JAERI_TIARA_68MEV__TRANS__JAERI_68MEV_BC501A_T100_FE000,0,23,24,15.440636611122894,3.872102269884441,JAERI_68MEV_BC501A_T100_FE000,JAERI_68MEV_PEAK_4.00E9_N_SR_UC,100.0
N002_JAERI_TIARA_68MEV__TRANS__JAERI_68MEV_BC501A_T100_FE000,0,24,25,10.198576823028336,2.896625190165916,JAERI_68MEV_BC501A_T100_FE000,JAERI_68MEV_PEAK_4.00E9_N_SR_UC,100.0
N002_JAERI_TIARA_68MEV__TRANS__JAERI_68MEV_BC501A_T100_FE000,0,25,26,12.783977884448245,3.2588620390827927,JAERI_68MEV_BC501A_T100_FE000,JAERI_68MEV_PEAK_4.00E9_N_SR_UC,100.0
N002_JAERI_TIARA_68MEV__TRANS__JAERI_68MEV_BC501A_T100_FE000,0,26,27,27.180342188608805,5.29597422884534,JAERI_68MEV_BC501A_T100_FE000,JAERI_68MEV_PEAK_4.00E9_N_SR_UC,100.0
N002_JAERI_TIARA_68MEV__TRANS__JAERI_68MEV_BC501A_T100_FE000,0,27,28,18.02838453576077,4.38295473787386,JAERI_68MEV_BC501A_T100_FE000,JAERI_68MEV_PEAK_4.00E9_N_SR_UC,100.0
N002_JAERI_TIARA_68MEV__TRANS__JAERI_68MEV_BC501A_T100_FE000,0,28,29,22.531367093962785,5.178221779681548,JAERI_68MEV_BC501A_T100_FE000,JAERI_68MEV_PEAK_4.00E9_N_SR_UC,100.0
N002_JAERI_TIARA_68MEV__TRANS__JAERI_68MEV_BC501A_T100_FE000,0,29,30,15.382086926289524,4.350486718067208,JAERI_68MEV_BC501A_T100_FE000,JAERI_68MEV_PEAK_4.00E9_N_SR_UC,100.0
N002_JAERI_TIARA_68MEV__TRANS__JAERI_68MEV_BC501A_T100_FE000,0,30,31,19.40833820907527,4.4787757461317685,JAERI_68MEV_BC501A_T100_FE000,JAERI_68MEV_PEAK_4.00E9_N_SR_UC,100.0
N002_JAERI_TIARA_68MEV__TRANS__JAERI_68MEV_BC501A_T100_FE000,0,31,32,24.45566200418944,5.406690619332973,JAERI_68MEV_BC501A_T100_FE000,JAERI_68MEV_PEAK_4.00E9_N_SR_UC,100.0
N002_JAERI_TIARA_68MEV__TRANS__JAERI_68MEV_BC501A_T100_FE000,0,32,33,31.37883663696611,6.410132156412387,JAERI_68MEV_BC501A_T100_FE000,JAERI_68MEV_PEAK_4.00E9_N_SR_UC,100.0
N002_JAERI_TIARA_68MEV__TRANS__JAERI_68MEV_BC501A_T100_FE000,0,33,34,28.133759563777808,6.097842327430599,JAERI_68MEV_BC501A_T100_FE000,JAERI_68MEV_PEAK_4.00E9_N_SR_UC,100.0
N002_JAERI_TIARA_68MEV__TRANS__JAERI_68MEV_BC501A_T100_FE000,0,34,35,26.82706915176232,5.9629100353212525,JAERI_68MEV_BC501A_T100_FE000,JAERI_68MEV_PEAK_4.00E9_N_SR_UC,100.0
N002_JAERI_TIARA_68MEV__TRANS__JAERI_68MEV_BC501A_T100_FE000,0,35,36,37.80213941233314,7.50112521926263,JAERI_68MEV_BC501A_T100_FE000,JAERI_68MEV_PEAK_4.00E9_N_SR_UC,100.0
N002_JAERI_TIARA_68MEV__TRANS__JAERI_68MEV_BC501A_T100_FE000,0,36,37,26.02316404083817,6.142182713550414,JAERI_68MEV_BC501A_T100_FE000,JAERI_68MEV_PEAK_4.00E9_N_SR_UC,100.0
N002_JAERI_TIARA_68MEV__TRANS__JAERI_68MEV_BC501A_T100_FE000,0,37,38,43.02025672734035,8.185233765114509,JAERI_68MEV_BC501A_T100_FE000,JAERI_68MEV_PEAK_4.00E9_N_SR_UC,100.0
N002_JAERI_TIARA_68MEV__TRANS__JAERI_68MEV_BC501A_T100_FE000,0,38,39,47.2596398791369,8.528064152750122,JAERI_68MEV_BC501A_T100_FE000,JAERI_68MEV_PEAK_4.00E9_N_SR_UC,100.0
N002_JAERI_TIARA_68MEV__TRANS__JAERI_68MEV_BC501A_T100_FE000,0,39,40,26.84096441736283,6.634677574696449,JAERI_68MEV_BC501A_T100_FE000,JAERI_68MEV_PEAK_4.00E9_N_SR_UC,100.0
N002_JAERI_TIARA_68MEV__TRANS__JAERI_68MEV_BC501A_T100_FE000,0,40,41,33.35577468624488,7.466159318301946,JAERI_68MEV_BC501A_T100_FE000,JAERI_68MEV_PEAK_4.00E9_N_SR_UC,100.0
N002_JAERI_TIARA_68MEV__TRANS__JAERI_68MEV_BC501A_T100_FE000,0,41,42,26.488472522935847,5.979398151587303,JAERI_68MEV_BC501A_T100_FE000,JAERI_68MEV_PEAK_4.00E9_N_SR_UC,100.0
N002_JAERI_TIARA_68MEV__TRANS__JAERI_68MEV_BC501A_T100_FE000,0,42,43,29.219180988502465,7.072033267441133,JAERI_68MEV_BC501A_T100_FE000,JAERI_68MEV_PEAK_4.00E9_N_SR_UC,100.0
N002_JAERI_TIARA_68MEV__TRANS__JAERI_68MEV_BC501A_T100_FE000,0,43,44,47.27444252808636,8.826766468284259,JAERI_68MEV_BC501A_T100_FE000,JAERI_68MEV_PEAK_4.00E9_N_SR_UC,100.0
N002_JAERI_TIARA_68MEV__TRANS__JAERI_68MEV_BC501A_T100_FE000,0,44,46,43.02748986854073,6.23149993397892,JAERI_68MEV_BC501A_T100_FE000,JAERI_68MEV_PEAK_4.00E9_N_SR_UC,100.0
N002_JAERI_TIARA_68MEV__TRANS__JAERI_68MEV_BC501A_T100_FE000,0,46,48,49.03028715027905,7.115018691848894,JAERI_68MEV_BC501A_T100_FE000,JAERI_68MEV_PEAK_4.00E9_N_SR_UC,100.0
N002_JAERI_TIARA_68MEV__TRANS__JAERI_68MEV_BC501A_T100_FE000,0,48,50,34.08739763815713,5.644243024306307,JAERI_68MEV_BC501A_T100_FE000,JAERI_68MEV_PEAK_4.00E9_N_SR_UC,100.0
N002_JAERI_TIARA_68MEV__TRANS__JAERI_68MEV_BC501A_T100_FE000,0,50,52,67.09646906683751,8.787092228916613,JAERI_68MEV_BC501A_T100_FE000,JAERI_68MEV_PEAK_4.00E9_N_SR_UC,100.0
N002_JAERI_TIARA_68MEV__TRANS__JAERI_68MEV_BC501A_T100_FE000,0,52,54,65.89911170438185,8.726919654092823,JAERI_68MEV_BC501A_T100_FE000,JAERI_68MEV_PEAK_4.00E9_N_SR_UC,100.0
N002_JAERI_TIARA_68MEV__TRANS__JAERI_68MEV_BC501A_T100_FE000,0,54,56,40.057832867662555,6.686939768347629,JAERI_68MEV_BC501A_T100_FE000,JAERI_68MEV_PEAK_4.00E9_N_SR_UC,100.0
N002_JAERI_TIARA_68MEV__TRANS__JAERI_68MEV_BC501A_T100_FE000,0,56,58,52.51912164790295,8.226492010930569,JAERI_68MEV_BC501A_T100_FE000,JAERI_68MEV_PEAK_4.00E9_N_SR_UC,100.0
N002_JAERI_TIARA_68MEV__TRANS__JAERI_68MEV_BC501A_T100_FE000,0,58,60,51.3860255313918,8.033874036721459,JAERI_68MEV_BC501A_T100_FE000,JAERI_68MEV_PEAK_4.00E9_N_SR_UC,100.0
N002_JAERI_TIARA_68MEV__TRANS__JAERI_68MEV_BC501A_T100_FE000,0,60,62,81.89807011656745,10.067338215181556,JAERI_68MEV_BC501A_T100_FE000,JAERI_68MEV_PEAK_4.00E9_N_SR_UC,100.0
N002_JAERI_TIARA_68MEV__TRANS__JAERI_68MEV_BC501A_T100_FE000,0,62,64,374.1257206539526,23.046994731505475,JAERI_68MEV_BC501A_T100_FE000,JAERI_68MEV_PEAK_4.00E9_N_SR_UC,100.0
N002_JAERI_TIARA_68MEV__TRANS__JAERI_68MEV_BC501A_T100_FE000,0,64,66,740.8477659769893,33.1695985691344,JAERI_68MEV_BC501A_T100_FE000,JAERI_68MEV_PEAK_4.00E9_N_SR_UC,100.0
N002_JAERI_TIARA_68MEV__TRANS__JAERI_68MEV_BC501A_T100_FE000,0,66,68,178.2161415661353,16.619762098230794,JAERI_68MEV_BC501A_T100_FE000,JAERI_68MEV_PEAK_4.00E9_N_SR_UC,100.0
N002_JAERI_TIARA_68MEV__TRANS__JAERI_68MEV_BC501A_T100_FE000,0,68,70,8.833286063949279,3.88613909417114,JAERI_68MEV_BC501A_T100_FE000,JAERI_68MEV_PEAK_4.00E9_N_SR_UC,100.0
N002_JAERI_TIARA_68MEV__TRANS__JAERI_68MEV_BC501A_T150_FE000,0,6,7,1.2003012821468264,0.1652028534374708,JAERI_68MEV_BC501A_T150_FE000,JAERI_68MEV_PEAK_4.00E9_N_SR_UC,150.0
N002_JAERI_TIARA_68MEV__TRANS__JAERI_68MEV_BC501A_T150_FE000,0,7,8,0.6097456321415639,0.1174173285005939,JAERI_68MEV_BC501A_T150_FE000,JAERI_68MEV_PEAK_4.00E9_N_SR_UC,150.0
N002_JAERI_TIARA_68MEV__TRANS__JAERI_68MEV_BC501A_T150_FE000,0,8,9,0.8689785297963704,0.1669141756423207,JAERI_68MEV_BC501A_T150_FE000,JAERI_68MEV_PEAK_4.00E9_N_SR_UC,150.0
N002_JAERI_TIARA_68MEV__TRANS__JAERI_68MEV_BC501A_T150_FE000,0,9,10,0.8304476353002948,0.1539308390322783,JAERI_68MEV_BC501A_T150_FE000,JAERI_68MEV_PEAK_4.00E9_N_SR_UC,150.0
N002_JAERI_TIARA_68MEV__TRANS__JAERI_68MEV_BC501A_T150_FE000,0,10,11,0.6168526970111484,0.1498784501354766,JAERI_68MEV_BC501A_T150_FE000,JAERI_68MEV_PEAK_4.00E9_N_SR_UC,150.0
N002_JAERI_TIARA_68MEV__TRANS__JAERI_68MEV_BC501A_T150_FE000,0,11,12,0.901841343671344,0.1916744504565263,JAERI_68MEV_BC501A_T150_FE000,JAERI_68MEV_PEAK_4.00E9_N_SR_UC,150.0
N002_JAERI_TIARA_68MEV__TRANS__JAERI_68MEV_BC501A_T150_FE000,0,12,13,0.5554005343869121,0.1350376402483514,JAERI_68MEV_BC501A_T150_FE000,JAERI_68MEV_PEAK_4.00E9_N_SR_UC,150.0
N002_JAERI_TIARA_68MEV__TRANS__JAERI_68MEV_BC501A_T150_FE000,0,13,14,0.9066009260818249,0.1992884168091488,JAERI_68MEV_BC501A_T150_FE000,JAERI_68MEV_PEAK_4.00E9_N_SR_UC,150.0
N002_JAERI_TIARA_68MEV__TRANS__JAERI_68MEV_BC501A_T150_FE000,0,14,15,0.7896828539136223,0.2038206358846013,JAERI_68MEV_BC501A_T150_FE000,JAERI_68MEV_PEAK_4.00E9_N_SR_UC,150.0
N002_JAERI_TIARA_68MEV__TRANS__JAERI_68MEV_BC501A_T150_FE000,0,15,16,0.6509427798265008,0.1672088666960614,JAERI_68MEV_BC501A_T150_FE000,JAERI_68MEV_PEAK_4.00E9_N_SR_UC,150.0
N002_JAERI_TIARA_68MEV__TRANS__JAERI_68MEV_BC501A_T150_FE000,0,16,17,0.8046373298349826,0.2161906472204109,JAERI_68MEV_BC501A_T150_FE000,JAERI_68MEV_PEAK_4.00E9_N_SR_UC,150.0
N002_JAERI_TIARA_68MEV__TRANS__JAERI_68MEV_BC501A_T150_FE000,0,17,18,0.9798294268247976,0.2385639167079776,JAERI_68MEV_BC501A_T150_FE000,JAERI_68MEV_PEAK_4.00E9_N_SR_UC,150.0
N002_JAERI_TIARA_68MEV__TRANS__JAERI_68MEV_BC501A_T150_FE000,0,18,19,1.012060674653015,0.2591936854917019,JAERI_68MEV_BC501A_T150_FE000,JAERI_68MEV_PEAK_4.00E9_N_SR_UC,150.0
N002_JAERI_TIARA_68MEV__TRANS__JAERI_68MEV_BC501A_T150_FE000,0,19,20,0.9688820125318904,0.2633240754899786,JAERI_68MEV_BC501A_T150_FE000,JAERI_68MEV_PEAK_4.00E9_N_SR_UC,150.0
N002_JAERI_TIARA_68MEV__TRANS__JAERI_68MEV_BC501A_T150_FE000,0,20,21,1.3097507210896524,0.2910396219531298,JAERI_68MEV_BC501A_T150_FE000,JAERI_68MEV_PEAK_4.00E9_N_SR_UC,150.0
N002_JAERI_TIARA_68MEV__TRANS__JAERI_68MEV_BC501A_T150_FE000,0,21,22,0.8834515175240116,0.23851763943344,JAERI_68MEV_BC501A_T150_FE000,JAERI_68MEV_PEAK_4.00E9_N_SR_UC,150.0
N002_JAERI_TIARA_68MEV__TRANS__JAERI_68MEV_BC501A_T150_FE000,0,22,23,1.226575867363868,0.3216938364951854,JAERI_68MEV_BC501A_T150_FE000,JAERI_68MEV_PEAK_4.00E9_N_SR_UC,150.0
N002_JAERI_TIARA_68MEV__TRANS__JAERI_68MEV_BC501A_T150_FE000,0,23,24,0.6892304501792079,0.2266432709641625,JAERI_68MEV_BC501A_T150_FE000,JAERI_68MEV_PEAK_4.00E9_N_SR_UC,150.0
N002_JAERI_TIARA_68MEV__TRANS__JAERI_68MEV_BC501A_T150_FE000,0,24,25,2.110262609557556,0.4470565955097209,JAERI_68MEV_BC501A_T150_FE000,JAERI_68MEV_PEAK_4.00E9_N_SR_UC,150.0
N002_JAERI_TIARA_68MEV__TRANS__JAERI_68MEV_BC501A_T150_FE000,0,25,26,0.9585260810579432,0.2980126001060703,JAERI_68MEV_BC501A_T150_FE000,JAERI_68MEV_PEAK_4.00E9_N_SR_UC,150.0
N002_JAERI_TIARA_68MEV__TRANS__JAERI_68MEV_BC501A_T150_FE000,0,26,27,1.9817024756202937,0.4531580867171056,JAERI_68MEV_BC501A_T150_FE000,JAERI_68MEV_PEAK_4.00E9_N_SR_UC,150.0
N002_JAERI_TIARA_68MEV__TRANS__JAERI_68MEV_BC501A_T150_FE000,0,27,28,1.9596891672768144,0.4387136514257725,JAERI_68MEV_BC501A_T150_FE000,JAERI_68MEV_PEAK_4.00E9_N_SR_UC,150.0
N002_JAERI_TIARA_68MEV__TRANS__JAERI_68MEV_BC501A_T150_FE000,0,28,29,1.4595954918848322,0.3679872645293572,JAERI_68MEV_BC501A_T150_FE000,JAERI_68MEV_PEAK_4.00E9_N_SR_UC,150.0
N002_JAERI_TIARA_68MEV__TRANS__JAERI_68MEV_BC501A_T150_FE000,0,29,30,2.682900182524018,0.5566422689345673,JAERI_68MEV_BC501A_T150_FE000,JAERI_68MEV_PEAK_4.00E9_N_SR_UC,150.0
N002_JAERI_TIARA_68MEV__TRANS__JAERI_68MEV_BC501A_T150_FE000,0,30,31,1.174375936415495,0.3404202677274378,JAERI_68MEV_BC501A_T150_FE000,JAERI_68MEV_PEAK_4.00E9_N_SR_UC,150.0
N002_JAERI_TIARA_68MEV__TRANS__JAERI_68MEV_BC501A_T150_FE000,0,31,32,2.479251531489464,0.5396739920482959,JAERI_68MEV_BC501A_T150_FE000,JAERI_68MEV_PEAK_4.00E9_N_SR_UC,150.0
N002_JAERI_TIARA_68MEV__TRANS__JAERI_68MEV_BC501A_T150_FE000,0,32,33,2.278925860537816,0.5355844008494762,JAERI_68MEV_BC501A_T150_FE000,JAERI_68MEV_PEAK_4.00E9_N_SR_UC,150.0
N002_JAERI_TIARA_68MEV__TRANS__JAERI_68MEV_BC501A_T150_FE000,0,33,34,2.5602157805558075,0.587066508590183,JAERI_68MEV_BC501A_T150_FE000,JAERI_68MEV_PEAK_4.00E9_N_SR_UC,150.0
N002_JAERI_TIARA_68MEV__TRANS__JAERI_68MEV_BC501A_T150_FE000,0,34,35,2.368466246061816,0.5282438742020257,JAERI_68MEV_BC501A_T150_FE000,JAERI_68MEV_PEAK_4.00E9_N_SR_UC,150.0
N002_JAERI_TIARA_68MEV__TRANS__JAERI_68MEV_BC501A_T150_FE000,0,35,36,2.5257351949020865,0.6298183450958038,JAERI_68MEV_BC501A_T150_FE000,JAERI_68MEV_PEAK_4.00E9_N_SR_UC,150.0
N002_JAERI_TIARA_68MEV__TRANS__JAERI_68MEV_BC501A_T150_FE000,0,36,37,2.3236081060167915,0.587000038037159,JAERI_68MEV_BC501A_T150_FE000,JAERI_68MEV_PEAK_4.00E9_N_SR_UC,150.0
N002_JAERI_TIARA_68MEV__TRANS__JAERI_68MEV_BC501A_T150_FE000,0,37,38,2.795238270234263,0.6561709303744707,JAERI_68MEV_BC501A_T150_FE000,JAERI_68MEV_PEAK_4.00E9_N_SR_UC,150.0
N002_JAERI_TIARA_68MEV__TRANS__JAERI_68MEV_BC501A_T150_FE000,0,38,39,1.9510733724597928,0.5515456098315734,JAERI_68MEV_BC501A_T150_FE000,JAERI_68MEV_PEAK_4.00E9_N_SR_UC,150.0
N002_JAERI_TIARA_68MEV__TRANS__JAERI_68MEV_BC501A_T150_FE000,0,39,40,3.7989985330287936,0.7973178012808557,JAERI_68MEV_BC501A_T150_FE000,JAERI_68MEV_PEAK_4.00E9_N_SR_UC,150.0
N002_JAERI_TIARA_68MEV__TRANS__JAERI_68MEV_BC501A_T150_FE000,0,40,41,2.9652204687142807,0.6791319132589124,JAERI_68MEV_BC501A_T150_FE000,JAERI_68MEV_PEAK_4.00E9_N_SR_UC,150.0
N002_JAERI_TIARA_68MEV__TRANS__JAERI_68MEV_BC501A_T150_FE000,0,41,42,1.8893439662689415,0.5372550417608558,JAERI_68MEV_BC501A_T150_FE000,JAERI_68MEV_PEAK_4.00E9_N_SR_UC,150.0
N002_JAERI_TIARA_68MEV__TRANS__JAERI_68MEV_BC501A_T150_FE000,0,42,43,1.9061119865968044,0.5341106528771519,JAERI_68MEV_BC501A_T150_FE000,JAERI_68MEV_PEAK_4.00E9_N_SR_UC,150.0
N002_JAERI_TIARA_68MEV__TRANS__JAERI_68MEV_BC501A_T150_FE000,0,43,44,2.8004744741364904,0.7236725990468585,JAERI_68MEV_BC501A_T150_FE000,JAERI_68MEV_PEAK_4.00E9_N_SR_UC,150.0
N002_JAERI_TIARA_68MEV__TRANS__JAERI_68MEV_BC501A_T150_FE000,0,44,46,2.5174966017756053,0.4835910675924629,JAERI_68MEV_BC501A_T150_FE000,JAERI_68MEV_PEAK_4.00E9_N_SR_UC,150.0
N002_JAERI_TIARA_68MEV__TRANS__JAERI_68MEV_BC501A_T150_FE000,0,46,48,2.5974307289850835,0.4851968584213535,JAERI_68MEV_BC501A_T150_FE000,JAERI_68MEV_PEAK_4.00E9_N_SR_UC,150.0
N002_JAERI_TIARA_68MEV__TRANS__JAERI_68MEV_BC501A_T150_FE000,0,48,50,2.959562071242867,0.5341971542317541,JAERI_68MEV_BC501A_T150_FE000,JAERI_68MEV_PEAK_4.00E9_N_SR_UC,150.0
N002_JAERI_TIARA_68MEV__TRANS__JAERI_68MEV_BC501A_T150_FE000,0,50,52,2.9901002202793654,0.5470288250860732,JAERI_68MEV_BC501A_T150_FE000,JAERI_68MEV_PEAK_4.00E9_N_SR_UC,150.0
N002_JAERI_TIARA_68MEV__TRANS__JAERI_68MEV_BC501A_T150_FE000,0,52,54,3.2769130127821366,0.6039939264562453,JAERI_68MEV_BC501A_T150_FE000,JAERI_68MEV_PEAK_4.00E9_N_SR_UC,150.0
N002_JAERI_TIARA_68MEV__TRANS__JAERI_68MEV_BC501A_T150_FE000,0,54,56,3.7716043296922463,0.6434134347646329,JAERI_68MEV_BC501A_T150_FE000,JAERI_68MEV_PEAK_4.00E9_N_SR_UC,150.0
N002_JAERI_TIARA_68MEV__TRANS__JAERI_68MEV_BC501A_T150_FE000,0,56,58,5.139314543761454,0.7984721363813915,JAERI_68MEV_BC501A_T150_FE000,JAERI_68MEV_PEAK_4.00E9_N_SR_UC,150.0
N002_JAERI_TIARA_68MEV__TRANS__JAERI_68MEV_BC501A_T150_FE000,0,58,60,5.02876939546624,0.8182458190251887,JAERI_68MEV_BC501A_T150_FE000,JAERI_68MEV_PEAK_4.00E9_N_SR_UC,150.0
N002_JAERI_TIARA_68MEV__TRANS__JAERI_68MEV_BC501A_T150_FE000,0,60,62,10.792565165708924,1.1799385368340465,JAERI_68MEV_BC501A_T150_FE000,JAERI_68MEV_PEAK_4.00E9_N_SR_UC,150.0
N002_JAERI_TIARA_68MEV__TRANS__JAERI_68MEV_BC501A_T150_FE000,0,62,64,24.865714941995453,1.8734096189300813,JAERI_68MEV_BC501A_T150_FE000,JAERI_68MEV_PEAK_4.00E9_N_SR_UC,150.0
N002_JAERI_TIARA_68MEV__TRANS__JAERI_68MEV_BC501A_T150_FE000,0,64,66,31.98486663961353,2.180038897046054,JAERI_68MEV_BC501A_T150_FE000,JAERI_68MEV_PEAK_4.00E9_N_SR_UC,150.0
N002_JAERI_TIARA_68MEV__TRANS__JAERI_68MEV_BC501A_T150_FE000,0,66,68,4.705533189793281,0.8333254187873689,JAERI_68MEV_BC501A_T150_FE000,JAERI_68MEV_PEAK_4.00E9_N_SR_UC,150.0
N002_JAERI_TIARA_68MEV__TRANS__JAERI_68MEV_BC501A_T150_FE000,0,68,70,0.2507724990545885,0.1914351525695814,JAERI_68MEV_BC501A_T150_FE000,JAERI_68MEV_PEAK_4.00E9_N_SR_UC,150.0
N002_JAERI_TIARA_68MEV__TRANS__JAERI_68MEV_BC501A_T200_FE000,0,6,7,0.0928222919900978,0.0141811133856001,JAERI_68MEV_BC501A_T200_FE000,JAERI_68MEV_PEAK_4.00E9_N_SR_UC,200.0
N002_JAERI_TIARA_68MEV__TRANS__JAERI_68MEV_BC501A_T200_FE000,0,7,8,0.0805769344654585,0.0147297369408741,JAERI_68MEV_BC501A_T200_FE000,JAERI_68MEV_PEAK_4.00E9_N_SR_UC,200.0
N002_JAERI_TIARA_68MEV__TRANS__JAERI_68MEV_BC501A_T200_FE000,0,8,9,0.071682570995093,0.0137085095682183,JAERI_68MEV_BC501A_T200_FE000,JAERI_68MEV_PEAK_4.00E9_N_SR_UC,200.0
N002_JAERI_TIARA_68MEV__TRANS__JAERI_68MEV_BC501A_T200_FE000,0,9,10,0.0698373843084174,0.0142881962949586,JAERI_68MEV_BC501A_T200_FE000,JAERI_68MEV_PEAK_4.00E9_N_SR_UC,200.0
N002_JAERI_TIARA_68MEV__TRANS__JAERI_68MEV_BC501A_T200_FE000,0,10,11,0.0760402970825476,0.0165443957952191,JAERI_68MEV_BC501A_T200_FE000,JAERI_68MEV_PEAK_4.00E9_N_SR_UC,200.0
N002_JAERI_TIARA_68MEV__TRANS__JAERI_68MEV_BC501A_T200_FE000,0,11,12,0.0922347320915817,0.0179561985431912,JAERI_68MEV_BC501A_T200_FE000,JAERI_68MEV_PEAK_4.00E9_N_SR_UC,200.0
N002_JAERI_TIARA_68MEV__TRANS__JAERI_68MEV_BC501A_T200_FE000,0,12,13,0.1007544975642825,0.0213892918312126,JAERI_68MEV_BC501A_T200_FE000,JAERI_68MEV_PEAK_4.00E9_N_SR_UC,200.0
N002_JAERI_TIARA_68MEV__TRANS__JAERI_68MEV_BC501A_T200_FE000,0,13,14,0.1063765071153454,0.0239211388704617,JAERI_68MEV_BC501A_T200_FE000,JAERI_68MEV_PEAK_4.00E9_N_SR_UC,200.0
N002_JAERI_TIARA_68MEV__TRANS__JAERI_68MEV_BC501A_T200_FE000,0,14,15,0.0694295273851181,0.0181543949043649,JAERI_68MEV_BC501A_T200_FE000,JAERI_68MEV_PEAK_4.00E9_N_SR_UC,200.0
N002_JAERI_TIARA_68MEV__TRANS__JAERI_68MEV_BC501A_T200_FE000,0,15,16,0.080853174529394,0.0201305267585569,JAERI_68MEV_BC501A_T200_FE000,JAERI_68MEV_PEAK_4.00E9_N_SR_UC,200.0
N002_JAERI_TIARA_68MEV__TRANS__JAERI_68MEV_BC501A_T200_FE000,0,16,17,0.1430175134391897,0.0305053233508215,JAERI_68MEV_BC501A_T200_FE000,JAERI_68MEV_PEAK_4.00E9_N_SR_UC,200.0
N002_JAERI_TIARA_68MEV__TRANS__JAERI_68MEV_BC501A_T200_FE000,0,17,18,0.0920844095605756,0.023498056363528,JAERI_68MEV_BC501A_T200_FE000,JAERI_68MEV_PEAK_4.00E9_N_SR_UC,200.0
N002_JAERI_TIARA_68MEV__TRANS__JAERI_68MEV_BC501A_T200_FE000,0,18,19,0.1061097545712128,0.0244458134392711,JAERI_68MEV_BC501A_T200_FE000,JAERI_68MEV_PEAK_4.00E9_N_SR_UC,200.0
N002_JAERI_TIARA_68MEV__TRANS__JAERI_68MEV_BC501A_T200_FE000,0,19,20,0.1175863287835938,0.027360152959807,JAERI_68MEV_BC501A_T200_FE000,JAERI_68MEV_PEAK_4.00E9_N_SR_UC,200.0
N002_JAERI_TIARA_68MEV__TRANS__JAERI_68MEV_BC501A_T200_FE000,0,20,21,0.1005275223677585,0.0260147792278306,JAERI_68MEV_BC501A_T200_FE000,JAERI_68MEV_PEAK_4.00E9_N_SR_UC,200.0
N002_JAERI_TIARA_68MEV__TRANS__JAERI_68MEV_BC501A_T200_FE000,0,21,22,0.1552166508668868,0.0363671854825187,JAERI_68MEV_BC501A_T200_FE000,JAERI_68MEV_PEAK_4.00E9_N_SR_UC,200.0
N002_JAERI_TIARA_68MEV__TRANS__JAERI_68MEV_BC501A_T200_FE000,0,22,23,0.1231147750036162,0.0326439748033319,JAERI_68MEV_BC501A_T200_FE000,JAERI_68MEV_PEAK_4.00E9_N_SR_UC,200.0
N002_JAERI_TIARA_68MEV__TRANS__JAERI_68MEV_BC501A_T200_FE000,0,23,24,0.1191476421469581,0.0311961400821444,JAERI_68MEV_BC501A_T200_FE000,JAERI_68MEV_PEAK_4.00E9_N_SR_UC,200.0
N002_JAERI_TIARA_68MEV__TRANS__JAERI_68MEV_BC501A_T200_FE000,0,24,25,0.1742916076967898,0.0409242003962546,JAERI_68MEV_BC501A_T200_FE000,JAERI_68MEV_PEAK_4.00E9_N_SR_UC,200.0
N002_JAERI_TIARA_68MEV__TRANS__JAERI_68MEV_BC501A_T200_FE000,0,25,26,0.1680475944307554,0.0417679640480948,JAERI_68MEV_BC501A_T200_FE000,JAERI_68MEV_PEAK_4.00E9_N_SR_UC,200.0
N002_JAERI_TIARA_68MEV__TRANS__JAERI_68MEV_BC501A_T200_FE000,0,26,27,0.1375623208062575,0.0380283207816154,JAERI_68MEV_BC501A_T200_FE000,JAERI_68MEV_PEAK_4.00E9_N_SR_UC,200.0
N002_JAERI_TIARA_68MEV__TRANS__JAERI_68MEV_BC501A_T200_FE000,0,27,28,0.1644445103193157,0.039761574518437,JAERI_68MEV_BC501A_T200_FE000,JAERI_68MEV_PEAK_4.00E9_N_SR_UC,200.0
N002_JAERI_TIARA_68MEV__TRANS__JAERI_68MEV_BC501A_T200_FE000,0,28,29,0.1898468111135567,0.045275149685625,JAERI_68MEV_BC501A_T200_FE000,JAERI_68MEV_PEAK_4.00E9_N_SR_UC,200.0
N002_JAERI_TIARA_68MEV__TRANS__JAERI_68MEV_BC501A_T200_FE000,0,29,30,0.1590724988821313,0.0387052004105314,JAERI_68MEV_BC501A_T200_FE000,JAERI_68MEV_PEAK_4.00E9_N_SR_UC,200.0
N002_JAERI_TIARA_68MEV__TRANS__JAERI_68MEV_BC501A_T200_FE000,0,30,31,0.1227553001821676,0.0325728640391384,JAERI_68MEV_BC501A_T200_FE000,JAERI_68MEV_PEAK_4.00E9_N_SR_UC,200.0
N002_JAERI_TIARA_68MEV__TRANS__JAERI_68MEV_BC501A_T200_FE000,0,31,32,0.1572505883744347,0.0381495261178358,JAERI_68MEV_BC501A_T200_FE000,JAERI_68MEV_PEAK_4.00E9_N_SR_UC,200.0
N002_JAERI_TIARA_68MEV__TRANS__JAERI_68MEV_BC501A_T200_FE000,0,32,33,0.1989338818930833,0.0486341398223123,JAERI_68MEV_BC501A_T200_FE000,JAERI_68MEV_PEAK_4.00E9_N_SR_UC,200.0
N002_JAERI_TIARA_68MEV__TRANS__JAERI_68MEV_BC501A_T200_FE000,0,33,34,0.1706042715946097,0.0424782397892996,JAERI_68MEV_BC501A_T200_FE000,JAERI_68MEV_PEAK_4.00E9_N_SR_UC,200.0
N002_JAERI_TIARA_68MEV__TRANS__JAERI_68MEV_BC501A_T200_FE000,0,34,35,0.258475121719666,0.059791822046787,JAERI_68MEV_BC501A_T200_FE000,JAERI_68MEV_PEAK_4.00E9_N_SR_UC,200.0
N002_JAERI_TIARA_68MEV__TRANS__JAERI_68MEV_BC501A_T200_FE000,0,35,36,0.3064940801166079,0.0663493571549976,JAERI_68MEV_BC501A_T200_FE000,JAERI_68MEV_PEAK_4.00E9_N_SR_UC,200.0
N002_JAERI_TIARA_68MEV__TRANS__JAERI_68MEV_BC501A_T200_FE000,0,36,37,0.258799365899877,0.0597595069258171,JAERI_68MEV_BC501A_T200_FE000,JAERI_68MEV_PEAK_4.00E9_N_SR_UC,200.0
N002_JAERI_TIARA_68MEV__TRANS__JAERI_68MEV_BC501A_T200_FE000,0,37,38,0.197899343372921,0.0553439244533897,JAERI_68MEV_BC501A_T200_FE000,JAERI_68MEV_PEAK_4.00E9_N_SR_UC,200.0
N002_JAERI_TIARA_68MEV__TRANS__JAERI_68MEV_BC501A_T200_FE000,0,38,39,0.2404311850554536,0.0625527998241216,JAERI_68MEV_BC501A_T200_FE000,JAERI_68MEV_PEAK_4.00E9_N_SR_UC,200.0
N002_JAERI_TIARA_68MEV__TRANS__JAERI_68MEV_BC501A_T200_FE000,0,39,40,0.2226943730148183,0.059618718543013,JAERI_68MEV_BC501A_T200_FE000,JAERI_68MEV_PEAK_4.00E9_N_SR_UC,200.0
N002_JAERI_TIARA_68MEV__TRANS__JAERI_68MEV_BC501A_T200_FE000,0,40,41,0.2816911176788029,0.069639718926893,JAERI_68MEV_BC501A_T200_FE000,JAERI_68MEV_PEAK_4.00E9_N_SR_UC,200.0
N002_JAERI_TIARA_68MEV__TRANS__JAERI_68MEV_BC501A_T200_FE000,0,41,42,0.2327014438369841,0.0593066768439361,JAERI_68MEV_BC501A_T200_FE000,JAERI_68MEV_PEAK_4.00E9_N_SR_UC,200.0
N002_JAERI_TIARA_68MEV__TRANS__JAERI_68MEV_BC501A_T200_FE000,0,42,43,0.3212808900236232,0.0748573951887309,JAERI_68MEV_BC501A_T200_FE000,JAERI_68MEV_PEAK_4.00E9_N_SR_UC,200.0
N002_JAERI_TIARA_68MEV__TRANS__JAERI_68MEV_BC501A_T200_FE000,0,43,44,0.1815081311214952,0.0555807977308674,JAERI_68MEV_BC501A_T200_FE000,JAERI_68MEV_PEAK_4.00E9_N_SR_UC,200.0
N002_JAERI_TIARA_68MEV__TRANS__JAERI_68MEV_BC501A_T200_FE000,0,44,46,0.3645563965260246,0.0570429414208861,JAERI_68MEV_BC501A_T200_FE000,JAERI_68MEV_PEAK_4.00E9_N_SR_UC,200.0
N002_JAERI_TIARA_68MEV__TRANS__JAERI_68MEV_BC501A_T200_FE000,0,46,48,0.3121705810080729,0.0554416804076565,JAERI_68MEV_BC501A_T200_FE000,JAERI_68MEV_PEAK_4.00E9_N_SR_UC,200.0
N002_JAERI_TIARA_68MEV__TRANS__JAERI_68MEV_BC501A_T200_FE000,0,48,50,0.2406319505238394,0.0473654389759765,JAERI_68MEV_BC501A_T200_FE000,JAERI_68MEV_PEAK_4.00E9_N_SR_UC,200.0
N002_JAERI_TIARA_68MEV__TRANS__JAERI_68MEV_BC501A_T200_FE000,0,50,52,0.341201446891595,0.0612961283949195,JAERI_68MEV_BC501A_T200_FE000,JAERI_68MEV_PEAK_4.00E9_N_SR_UC,200.0
N002_JAERI_TIARA_68MEV__TRANS__JAERI_68MEV_BC501A_T200_FE000,0,52,54,0.347296418731655,0.0593172088154866,JAERI_68MEV_BC501A_T200_FE000,JAERI_68MEV_PEAK_4.00E9_N_SR_UC,200.0
N002_JAERI_TIARA_68MEV__TRANS__JAERI_68MEV_BC501A_T200_FE000,0,54,56,0.5481042581029093,0.0824080990221166,JAERI_68MEV_BC501A_T200_FE000,JAERI_68MEV_PEAK_4.00E9_N_SR_UC,200.0
N002_JAERI_TIARA_68MEV__TRANS__JAERI_68MEV_BC501A_T200_FE000,0,56,58,0.5649373868276736,0.0839841248142076,JAERI_68MEV_BC501A_T200_FE000,JAERI_68MEV_PEAK_4.00E9_N_SR_UC,200.0
N002_JAERI_TIARA_68MEV__TRANS__JAERI_68MEV_BC501A_T200_FE000,0,58,60,0.5144143564522378,0.0820256259496063,JAERI_68MEV_BC501A_T200_FE000,JAERI_68MEV_PEAK_4.00E9_N_SR_UC,200.0
N002_JAERI_TIARA_68MEV__TRANS__JAERI_68MEV_BC501A_T200_FE000,0,60,62,0.9293395539065598,0.1085144228593677,JAERI_68MEV_BC501A_T200_FE000,JAERI_68MEV_PEAK_4.00E9_N_SR_UC,200.0
N002_JAERI_TIARA_68MEV__TRANS__JAERI_68MEV_BC501A_T200_FE000,0,62,64,2.286025830016527,0.1764871090327804,JAERI_68MEV_BC501A_T200_FE000,JAERI_68MEV_PEAK_4.00E9_N_SR_UC,200.0
N002_JAERI_TIARA_68MEV__TRANS__JAERI_68MEV_BC501A_T200_FE000,0,64,66,1.6130886477138344,0.1495993472157527,JAERI_68MEV_BC501A_T200_FE000,JAERI_68MEV_PEAK_4.00E9_N_SR_UC,200.0
N002_JAERI_TIARA_68MEV__TRANS__JAERI_68MEV_BC501A_T200_FE000,0,66,68,0.2542910594457521,0.0618423011733889,JAERI_68MEV_BC501A_T200_FE000,JAERI_68MEV_PEAK_4.00E9_N_SR_UC,200.0
N002_JAERI_TIARA_68MEV__TRANS__JAERI_68MEV_BC501A_T200_FE000,0,68,70,0.0,0.0,JAERI_68MEV_BC501A_T200_FE000,JAERI_68MEV_PEAK_4.00E9_N_SR_UC,200.0
