run_number,extension,title,normalized_title,sample_name,start_time,end_time,proton_charge,good_frames,source_file,size_bytes
44475,.log,,,,,,,,2000209/VESUVIO00044475.log,29648
44475,.nxs,test,test,,2021-04-28T20:20:06,2021-04-28T21:25:07,"[30.010704040527344, 30.002029418945312, 30.006013870239258, 29.993549346923828, 29.99549102783203, 30.05864715576172]",144796.0,2000209/VESUVIO00044475.nxs,13773997
44475,.raw,,,,,,,,2000209/VESUVIO00044475.raw,11749376
44475,.txt,,,,,,,,2000209/VESUVIO00044475_ICPevent.txt,5548
44475,.txt,,,,,,,,2000209/VESUVIO00044475_ICPdebug.txt,69908
44475,.txt,,,,,,,,2000209/VESUVIO00044475_ICPputlog.txt,27107
44475,.txt,,,,,,,,2000209/VESUVIO00044475_ICPalarm.txt,0
44476,.log,,,,,,,,2000209/VESUVIO00044476.log,10304
44476,.nxs,empty tank + GEM,empty tank + gem,,2021-04-28T21:25:18,2021-04-28T22:31:35,"[30.015827178955078, 29.99053192138672, 30.010528564453125, 29.99506378173828, 29.993816375732422, 30.063308715820312]",144778.0,2000209/VESUVIO00044476.nxs,13709507
44476,.raw,,,,,,,,2000209/VESUVIO00044476.raw,11748864
44476,.txt,,,,,,,,2000209/VESUVIO00044476_ICPputlog.txt,18523
44476,.txt,,,,,,,,2000209/VESUVIO00044476_ICPdebug.txt,34697
44476,.txt,,,,,,,,2000209/VESUVIO00044476_ICPalarm.txt,0
44476,.txt,,,,,,,,2000209/VESUVIO00044476_ICPevent.txt,3405
44477,.log,,,,,,,,2000209/VESUVIO00044477.log,11501
44477,.nxs,empty tank + GEM,empty tank + gem,,2021-04-28T22:34:33,2021-04-28T23:39:33,"[30.015094757080078, 30.000164031982422, 29.99649429321289, 29.998157501220703, 30.000900268554688, 30.05951690673828]",144780.0,2000209/VESUVIO00044477.nxs,13721634
44477,.raw,,,,,,,,2000209/VESUVIO00044477.raw,11749376
44477,.txt,,,,,,,,2000209/VESUVIO00044477_ICPalarm.txt,0
44477,.txt,,,,,,,,2000209/VESUVIO00044477_ICPputlog.txt,20252
44477,.txt,,,,,,,,2000209/VESUVIO00044477_ICPevent.txt,3711
44477,.txt,,,,,,,,2000209/VESUVIO00044477_ICPdebug.txt,41513
44478,.log,,,,,,,,2000209/VESUVIO00044478.log,11812
44478,.nxs,empty tank + GEM,empty tank + gem,,2021-04-28T23:39:43,2021-04-29T00:46:51,"[30.0155029296875, 30.0013427734375, 29.997404098510742, 30.00650405883789, 29.98904037475586, 30.052047729492188]",145206.0,2000209/VESUVIO00044478.nxs,13713667
44478,.raw,,,,,,,,2000209/VESUVIO00044478.raw,11749376
44478,.txt,,,,,,,,2000209/VESUVIO00044478_ICPevent.txt,3405
44478,.txt,,,,,,,,2000209/VESUVIO00044478_ICPalarm.txt,0
44478,.txt,,,,,,,,2000209/VESUVIO00044478_ICPdebug.txt,34465
44478,.txt,,,,,,,,2000209/VESUVIO00044478_ICPputlog.txt,18449
44479,.log,,,,,,,,2000209/VESUVIO00044479.log,13516
44479,.nxs,empty tank + GEM,empty tank + gem,,2021-04-29T00:47:02,2021-04-29T01:53:52,"[30.015308380126953, 30.001384735107422, 30.00365447998047, 30.00115203857422, 29.989601135253906, 30.06218719482422]",144949.0,2000209/VESUVIO00044479.nxs,13723011
44479,.raw,,,,,,,,2000209/VESUVIO00044479.raw,11749376
44479,.txt,,,,,,,,2000209/VESUVIO00044479_ICPalarm.txt,0
44479,.txt,,,,,,,,2000209/VESUVIO00044479_ICPdebug.txt,34611
44479,.txt,,,,,,,,2000209/VESUVIO00044479_ICPputlog.txt,18449
44479,.txt,,,,,,,,2000209/VESUVIO00044479_ICPevent.txt,3405
44480,.log,,,,,,,,2000209/VESUVIO00044480.log,19771
44480,.nxs,empty tank + GEM,empty tank + gem,,2021-04-29T01:54:02,2021-04-29T06:02:17,"[30.01217269897461, 29.98484230041504, 30.00755500793457, 30.00579833984375, 29.999000549316406, 30.0574951171875]",252399.0,2000209/VESUVIO00044480.nxs,13750041
44480,.raw,,,,,,,,2000209/VESUVIO00044480.raw,11749888
44480,.txt,,,,,,,,2000209/VESUVIO00044480_ICPputlog.txt,18449
44480,.txt,,,,,,,,2000209/VESUVIO00044480_ICPdebug.txt,34628
44480,.txt,,,,,,,,2000209/VESUVIO00044480_ICPevent.txt,3435
44480,.txt,,,,,,,,2000209/VESUVIO00044480_ICPalarm.txt,130
44481,.log,,,,,,,,2000209/VESUVIO00044481.log,9716
44481,.nxs,empty tank + GEM,empty tank + gem,,2021-04-29T06:02:27,2021-04-29T07:13:51,"[30.013172149658203, 30.004379272460938, 29.994953155517578, 30.00387954711914, 30.00137710571289, 30.046493530273438]",147922.0,2000209/VESUVIO00044481.nxs,13710340
44481,.raw,,,,,,,,2000209/VESUVIO00044481.raw,11748864
44481,.txt,,,,,,,,2000209/VESUVIO00044481_ICPdebug.txt,34554
44481,.txt,,,,,,,,2000209/VESUVIO00044481_ICPevent.txt,3405
44481,.txt,,,,,,,,2000209/VESUVIO00044481_ICPputlog.txt,18449
44481,.txt,,,,,,,,2000209/VESUVIO00044481_ICPalarm.txt,0
44482,.log,,,,,,,,2000209/VESUVIO00044482.log,9329
44482,.nxs,empty tank + GEM,empty tank + gem,,2021-04-29T07:14:01,2021-04-29T08:20:40,"[30.011329650878906, 29.999114990234375, 30.001585006713867, 29.98895263671875, 30.010677337646484, 30.057205200195312]",145641.0,2000209/VESUVIO00044482.nxs,13712197
44482,.raw,,,,,,,,2000209/VESUVIO00044482.raw,11748864
44482,.txt,,,,,,,,2000209/VESUVIO00044482_ICPevent.txt,3405
44482,.txt,,,,,,,,2000209/VESUVIO00044482_ICPalarm.txt,0
44482,.txt,,,,,,,,2000209/VESUVIO00044482_ICPputlog.txt,18449
44482,.txt,,,,,,,,2000209/VESUVIO00044482_ICPdebug.txt,34645
44483,.log,,,,,,,,2000209/VESUVIO00044483.log,10139
44483,.nxs,empty tank + GEM,empty tank + gem,,2021-04-29T08:20:50,2021-04-29T09:27:52,"[30.013200759887695, 29.996061325073242, 30.003707885742188, 29.996829986572266, 30.006778717041016, 30.05127716064453]",146580.0,2000209/VESUVIO00044483.nxs,13715090
44483,.raw,,,,,,,,2000209/VESUVIO00044483.raw,11749376
44483,.txt,,,,,,,,2000209/VESUVIO00044483_ICPalarm.txt,0
44483,.txt,,,,,,,,2000209/VESUVIO00044483_ICPputlog.txt,18449
44483,.txt,,,,,,,,2000209/VESUVIO00044483_ICPdebug.txt,34707
44483,.txt,,,,,,,,2000209/VESUVIO00044483_ICPevent.txt,3405
44484,.log,,,,,,,,2000209/VESUVIO00044484.log,10707
44484,.nxs,empty tank + GEM,empty tank + gem,,2021-04-29T09:28:02,2021-04-29T10:34:35,"[30.005901336669922, 30.00217628479004, 30.001455307006836, 30.002708435058594, 30.003734588623047, 30.051437377929688]",146823.0,2000209/VESUVIO00044484.nxs,8832308
44484,.raw,,,,,,,,2000209/VESUVIO00044484.raw,11712512
44484,.txt,,,,,,,,2000209/VESUVIO00044484_ICPevent.txt,3405
44484,.txt,,,,,,,,2000209/VESUVIO00044484_ICPputlog.txt,18449
44484,.txt,,,,,,,,2000209/VESUVIO00044484_ICPalarm.txt,0
44484,.txt,,,,,,,,2000209/VESUVIO00044484_ICPdebug.txt,34656
44712,.log,,,,,,,,2000209/VESUVIO00044712.log,6010
44712,.nxs,Empty tank with GEM,empty tank with gem,,2021-05-08T16:01:23,2021-05-08T16:11:58,30.061893463134766,25381.0,2000209/VESUVIO00044712.nxs,2581623
44712,.raw,,,,,,,,2000209/VESUVIO00044712.raw,1998848
44712,.txt,,,,,,,,2000209/VESUVIO00044712_ICPputlog.txt,1720
44712,.txt,,,,,,,,2000209/VESUVIO00044712_ICPalarm.txt,0
44712,.txt,,,,,,,,2000209/VESUVIO00044712_ICPdebug.txt,9562
44712,.txt,,,,,,,,2000209/VESUVIO00044712_ICPevent.txt,284
44713,.log,,,,,,,,2000209/VESUVIO00044713.log,3187
44713,.nxs,Empty tank with GEM,empty tank with gem,,2021-05-08T16:12:07,2021-05-08T16:22:42,30.069534301757812,25404.0,2000209/VESUVIO00044713.nxs,2504544
44713,.raw,,,,,,,,2000209/VESUVIO00044713.raw,1998848
44713,.txt,,,,,,,,2000209/VESUVIO00044713_ICPputlog.txt,353
44713,.txt,,,,,,,,2000209/VESUVIO00044713_ICPalarm.txt,0
44713,.txt,,,,,,,,2000209/VESUVIO00044713_ICPevent.txt,284
44713,.txt,,,,,,,,2000209/VESUVIO00044713_ICPdebug.txt,8076
44714,.log,,,,,,,,2000209/VESUVIO00044714.log,3088
44714,.nxs,Empty tank with GEM,empty tank with gem,,2021-05-08T16:22:51,2021-05-08T16:33:25,30.05894660949707,25386.0,2000209/VESUVIO00044714.nxs,2507663
44714,.raw,,,,,,,,2000209/VESUVIO00044714.raw,1999360
44714,.txt,,,,,,,,2000209/VESUVIO00044714_ICPputlog.txt,353
44714,.txt,,,,,,,,2000209/VESUVIO00044714_ICPdebug.txt,8032
44714,.txt,,,,,,,,2000209/VESUVIO00044714_ICPevent.txt,284
44714,.txt,,,,,,,,2000209/VESUVIO00044714_ICPalarm.txt,0
44715,.log,,,,,,,,2000209/VESUVIO00044715.log,3018
44715,.nxs,Empty tank with GEM,empty tank with gem,,2021-05-08T16:38:08,2021-05-08T16:48:43,30.06694793701172,25396.0,2000209/VESUVIO00044715.nxs,2577919
44715,.raw,,,,,,,,2000209/VESUVIO00044715.raw,1999360
44715,.txt,,,,,,,,2000209/VESUVIO00044715_ICPalarm.txt,0
44715,.txt,,,,,,,,2000209/VESUVIO00044715_ICPevent.txt,284
44715,.txt,,,,,,,,2000209/VESUVIO00044715_ICPputlog.txt,507
44715,.txt,,,,,,,,2000209/VESUVIO00044715_ICPdebug.txt,8203
44716,.log,,,,,,,,2000209/VESUVIO00044716.log,2468
44716,.nxs,Empty tank with GEM,empty tank with gem,,2021-05-08T16:48:52,2021-05-08T16:59:27,30.064006805419922,25394.0,2000209/VESUVIO00044716.nxs,2509247
44716,.raw,,,,,,,,2000209/VESUVIO00044716.raw,1999360
44716,.txt,,,,,,,,2000209/VESUVIO00044716_ICPputlog.txt,353
44716,.txt,,,,,,,,2000209/VESUVIO00044716_ICPalarm.txt,0
44716,.txt,,,,,,,,2000209/VESUVIO00044716_ICPdebug.txt,8030
44716,.txt,,,,,,,,2000209/VESUVIO00044716_ICPevent.txt,284
44717,.log,,,,,,,,2000209/VESUVIO00044717.log,4213
44717,.nxs,3mm Nb in tank with GEM,3mm nb in tank with gem,,2021-05-08T17:11:59,2021-05-08T17:22:34,30.06562042236328,25409.0,2000209/VESUVIO00044717.nxs,2833716
44717,.raw,,,,,,,,2000209/VESUVIO00044717.raw,2091520
44717,.txt,,,,,,,,2000209/VESUVIO00044717_ICPdebug.txt,8199
44717,.txt,,,,,,,,2000209/VESUVIO00044717_ICPevent.txt,284
44717,.txt,,,,,,,,2000209/VESUVIO00044717_ICPalarm.txt,0
44717,.txt,,,,,,,,2000209/VESUVIO00044717_ICPputlog.txt,507
44718,.log,,,,,,,,2000209/VESUVIO00044718.log,2887
44718,.nxs,3mm Nb in tank with GEM,3mm nb in tank with gem,,2021-05-08T17:22:43,2021-05-08T17:33:18,30.062450408935547,25413.0,2000209/VESUVIO00044718.nxs,2759485
44718,.raw,,,,,,,,2000209/VESUVIO00044718.raw,2092544
44718,.txt,,,,,,,,2000209/VESUVIO00044718_ICPalarm.txt,0
44718,.txt,,,,,,,,2000209/VESUVIO00044718_ICPevent.txt,284
44718,.txt,,,,,,,,2000209/VESUVIO00044718_ICPdebug.txt,8060
44718,.txt,,,,,,,,2000209/VESUVIO00044718_ICPputlog.txt,353
44719,.log,,,,,,,,2000209/VESUVIO00044719.log,3320
44719,.nxs,3mm Nb in tank with GEM,3mm nb in tank with gem,,2021-05-08T17:33:26,2021-05-08T17:44:02,30.06621742248535,25407.0,2000209/VESUVIO00044719.nxs,2761833
44719,.raw,,,,,,,,2000209/VESUVIO00044719.raw,2091520
44719,.txt,,,,,,,,2000209/VESUVIO00044719_ICPputlog.txt,353
44719,.txt,,,,,,,,2000209/VESUVIO00044719_ICPdebug.txt,7993
44719,.txt,,,,,,,,2000209/VESUVIO00044719_ICPalarm.txt,0
44719,.txt,,,,,,,,2000209/VESUVIO00044719_ICPevent.txt,284
44720,.log,,,,,,,,2000209/VESUVIO00044720.log,2886
44720,.nxs,3mm Nb in tank with GEM,3mm nb in tank with gem,,2021-05-08T17:44:10,2021-05-08T17:54:45,30.064369201660156,25394.0,2000209/VESUVIO00044720.nxs,2762321
44720,.raw,,,,,,,,2000209/VESUVIO00044720.raw,2091520
44720,.txt,,,,,,,,2000209/VESUVIO00044720_ICPputlog.txt,353
44720,.txt,,,,,,,,2000209/VESUVIO00044720_ICPalarm.txt,0
44720,.txt,,,,,,,,2000209/VESUVIO00044720_ICPdebug.txt,8061
44720,.txt,,,,,,,,2000209/VESUVIO00044720_ICPevent.txt,284
44721,.log,,,,,,,,2000209/VESUVIO00044721.log,2799
44721,.nxs,3mm Nb in tank with GEM,3mm nb in tank with gem,,2021-05-08T17:54:54,2021-05-08T18:05:29,30.063840866088867,25414.0,2000209/VESUVIO00044721.nxs,2760253
44721,.raw,,,,,,,,2000209/VESUVIO00044721.raw,2092544
44721,.txt,,,,,,,,2000209/VESUVIO00044721_ICPdebug.txt,8033
44721,.txt,,,,,,,,2000209/VESUVIO00044721_ICPalarm.txt,0
44721,.txt,,,,,,,,2000209/VESUVIO00044721_ICPputlog.txt,353
44721,.txt,,,,,,,,2000209/VESUVIO00044721_ICPevent.txt,284
44722,.log,,,,,,,,2000209/VESUVIO00044722.log,2674
44722,.nxs,3mm Nb in tank with GEM,3mm nb in tank with gem,,2021-05-08T18:09:10,2021-05-08T18:19:48,30.05954360961914,25422.0,2000209/VESUVIO00044722.nxs,2828306
44722,.raw,,,,,,,,2000209/VESUVIO00044722.raw,2092032
44722,.txt,,,,,,,,2000209/VESUVIO00044722_ICPalarm.txt,0
44722,.txt,,,,,,,,2000209/VESUVIO00044722_ICPputlog.txt,507
44722,.txt,,,,,,,,2000209/VESUVIO00044722_ICPdebug.txt,8186
44722,.txt,,,,,,,,2000209/VESUVIO00044722_ICPevent.txt,284
44723,.log,,,,,,,,2000209/VESUVIO00044723.log,4015
44723,.nxs,3mm Nb in tank with GEM,3mm nb in tank with gem,,2021-05-08T18:27:28,2021-05-08T18:38:04,30.059412002563477,25395.0,2000209/VESUVIO00044723.nxs,2441916
44723,.raw,,,,,,,,2000209/VESUVIO00044723.raw,2881536
44723,.txt,,,,,,,,2000209/VESUVIO00044723_ICPdebug.txt,8175
44723,.txt,,,,,,,,2000209/VESUVIO00044723_ICPevent.txt,284
44723,.txt,,,,,,,,2000209/VESUVIO00044723_ICPalarm.txt,0
44723,.txt,,,,,,,,2000209/VESUVIO00044723_ICPputlog.txt,579
44724,.log,,,,,,,,2000209/VESUVIO00044724.log,5542
44724,.nxs,Concrete sample 1 (117.77g) in tank with GEM,concrete sample 1 (117.77g) in tank with gem,,2021-05-08T18:43:18,2021-05-08T18:53:53,30.058828353881836,25396.0,2000209/VESUVIO00044724.nxs,3220311
44724,.raw,,,,,,,,2000209/VESUVIO00044724.raw,2613760
44724,.txt,,,,,,,,2000209/VESUVIO00044724_ICPevent.txt,849
44724,.txt,,,,,,,,2000209/VESUVIO00044724_ICPputlog.txt,1371
44724,.txt,,,,,,,,2000209/VESUVIO00044724_ICPalarm.txt,0
44724,.txt,,,,,,,,2000209/VESUVIO00044724_ICPdebug.txt,21112
44725,.log,,,,,,,,2000209/VESUVIO00044725.log,3168
44725,.nxs,Concrete sample 1 (117.77g) in tank with GEM,concrete sample 1 (117.77g) in tank with gem,,2021-05-08T18:54:01,2021-05-08T19:04:36,30.057876586914062,25400.0,2000209/VESUVIO00044725.nxs,3141053
44725,.raw,,,,,,,,2000209/VESUVIO00044725.raw,2618880
44725,.txt,,,,,,,,2000209/VESUVIO00044725_ICPputlog.txt,353
44725,.txt,,,,,,,,2000209/VESUVIO00044725_ICPalarm.txt,0
44725,.txt,,,,,,,,2000209/VESUVIO00044725_ICPevent.txt,284
44725,.txt,,,,,,,,2000209/VESUVIO00044725_ICPdebug.txt,8089
44726,.log,,,,,,,,2000209/VESUVIO00044726.log,2625
44726,.nxs,Concrete sample 1 (117.77g) in tank with GEM,concrete sample 1 (117.77g) in tank with gem,,2021-05-08T19:04:45,2021-05-08T19:15:21,30.064250946044922,25440.0,2000209/VESUVIO00044726.nxs,1845080
44726,.raw,,,,,,,,2000209/VESUVIO00044726.raw,2287104
44726,.txt,,,,,,,,2000209/VESUVIO00044726_ICPevent.txt,284
44726,.txt,,,,,,,,2000209/VESUVIO00044726_ICPdebug.txt,8013
44726,.txt,,,,,,,,2000209/VESUVIO00044726_ICPputlog.txt,353
44726,.txt,,,,,,,,2000209/VESUVIO00044726_ICPalarm.txt,0
44727,.log,,,,,,,,2000209/VESUVIO00044727.log,2596
44727,.nxs,Concrete sample 1 (117.77g) in tank with GEM,concrete sample 1 (117.77g) in tank with gem,,2021-05-08T19:15:29,2021-05-08T19:26:04,30.05891227722168,25399.0,2000209/VESUVIO00044727.nxs,1844640
44727,.raw,,,,,,,,2000209/VESUVIO00044727.raw,2284032
44727,.txt,,,,,,,,2000209/VESUVIO00044727_ICPevent.txt,284
44727,.txt,,,,,,,,2000209/VESUVIO00044727_ICPputlog.txt,353
44727,.txt,,,,,,,,2000209/VESUVIO00044727_ICPalarm.txt,0
44727,.txt,,,,,,,,2000209/VESUVIO00044727_ICPdebug.txt,8033
44728,.log,,,,,,,,2000209/VESUVIO00044728.log,2509
44728,.nxs,Concrete sample 1 (117.77g) in tank with GEM,concrete sample 1 (117.77g) in tank with gem,,2021-05-08T19:26:13,2021-05-08T19:36:48,30.065717697143555,25405.0,2000209/VESUVIO00044728.nxs,3134727
44728,.raw,,,,,,,,2000209/VESUVIO00044728.raw,2608128
44728,.txt,,,,,,,,2000209/VESUVIO00044728_ICPalarm.txt,0
44728,.txt,,,,,,,,2000209/VESUVIO00044728_ICPevent.txt,284
44728,.txt,,,,,,,,2000209/VESUVIO00044728_ICPdebug.txt,8096
44728,.txt,,,,,,,,2000209/VESUVIO00044728_ICPputlog.txt,353
44729,.log,,,,,,,,2000209/VESUVIO00044729.log,13040
44729,.nxs,Al window in tank with GEM,al window in tank with gem,,2021-05-08T19:47:31,2021-05-08T20:50:58,180.06297302246094,152224.0,2000209/VESUVIO00044729.nxs,2953708
44729,.raw,,,,,,,,2000209/VESUVIO00044729.raw,2144768
44729,.txt,,,,,,,,2000209/VESUVIO00044729_ICPalarm.txt,0
44729,.txt,,,,,,,,2000209/VESUVIO00044729_ICPevent.txt,288
44729,.txt,,,,,,,,2000209/VESUVIO00044729_ICPputlog.txt,507
44729,.txt,,,,,,,,2000209/VESUVIO00044729_ICPdebug.txt,8154
44730,.log,,,,,,,,2000209/VESUVIO00044730.log,8526
44730,.nxs,Al window in tank with GEM,al window in tank with gem,,2021-05-08T20:52:05,2021-05-08T21:55:31,180.0625762939453,152249.0,2000209/VESUVIO00044730.nxs,2293455
44730,.raw,,,,,,,,2000209/VESUVIO00044730.raw,2141184
44730,.txt,,,,,,,,2000209/VESUVIO00044730_ICPevent.txt,288
44730,.txt,,,,,,,,2000209/VESUVIO00044730_ICPputlog.txt,353
44730,.txt,,,,,,,,2000209/VESUVIO00044730_ICPalarm.txt,0
44730,.txt,,,,,,,,2000209/VESUVIO00044730_ICPdebug.txt,8257
44731,.log,,,,,,,,2000209/VESUVIO00044731.log,9261
44731,.nxs,Al window in tank with GEM,al window in tank with gem,,2021-05-08T21:56:38,2021-05-08T23:18:04,180.06793212890625,162312.0,2000209/VESUVIO00044731.nxs,2310947
44731,.raw,,,,,,,,2000209/VESUVIO00044731.raw,2139136
44731,.txt,,,,,,,,2000209/VESUVIO00044731_ICPevent.txt,288
44731,.txt,,,,,,,,2000209/VESUVIO00044731_ICPdebug.txt,8292
44731,.txt,,,,,,,,2000209/VESUVIO00044731_ICPputlog.txt,353
44731,.txt,,,,,,,,2000209/VESUVIO00044731_ICPalarm.txt,130
44732,.log,,,,,,,,2000209/VESUVIO00044732.log,8568
44732,.nxs,Al window in tank with GEM,al window in tank with gem,,2021-05-08T23:19:11,2021-05-09T00:23:17,180.0673828125,152712.0,2000209/VESUVIO00044732.nxs,2293306
44732,.raw,,,,,,,,2000209/VESUVIO00044732.raw,2140672
44732,.txt,,,,,,,,2000209/VESUVIO00044732_ICPevent.txt,288
44732,.txt,,,,,,,,2000209/VESUVIO00044732_ICPputlog.txt,353
44732,.txt,,,,,,,,2000209/VESUVIO00044732_ICPalarm.txt,0
44732,.txt,,,,,,,,2000209/VESUVIO00044732_ICPdebug.txt,8299
44733,.log,,,,,,,,2000209/VESUVIO00044733.log,8612
44733,.nxs,Al window in tank with GEM,al window in tank with gem,,2021-05-09T00:24:24,2021-05-09T01:27:57,180.0621337890625,152544.0,2000209/VESUVIO00044733.nxs,2292980
44733,.raw,,,,,,,,2000209/VESUVIO00044733.raw,2140160
44733,.txt,,,,,,,,2000209/VESUVIO00044733_ICPputlog.txt,353
44733,.txt,,,,,,,,2000209/VESUVIO00044733_ICPdebug.txt,8263
44733,.txt,,,,,,,,2000209/VESUVIO00044733_ICPalarm.txt,0
44733,.txt,,,,,,,,2000209/VESUVIO00044733_ICPevent.txt,288
44734,.log,,,,,,,,2000209/VESUVIO00044734.log,8554
44734,.nxs,Al window in tank with GEM,al window in tank with gem,,2021-05-09T01:29:04,2021-05-09T02:32:39,180.0618896484375,152585.0,2000209/VESUVIO00044734.nxs,2293666
44734,.raw,,,,,,,,2000209/VESUVIO00044734.raw,2141184
44734,.txt,,,,,,,,2000209/VESUVIO00044734_ICPalarm.txt,0
44734,.txt,,,,,,,,2000209/VESUVIO00044734_ICPdebug.txt,8280
44734,.txt,,,,,,,,2000209/VESUVIO00044734_ICPevent.txt,288
44734,.txt,,,,,,,,2000209/VESUVIO00044734_ICPputlog.txt,353
44735,.log,,,,,,,,2000209/VESUVIO00044735.log,8503
44735,.nxs,Al window in tank with GEM,al window in tank with gem,,2021-05-09T02:33:46,2021-05-09T03:37:21,180.0652313232422,152610.0,2000209/VESUVIO00044735.nxs,2293624
44735,.raw,,,,,,,,2000209/VESUVIO00044735.raw,2140160
44735,.txt,,,,,,,,2000209/VESUVIO00044735_ICPevent.txt,288
44735,.txt,,,,,,,,2000209/VESUVIO00044735_ICPalarm.txt,0
44735,.txt,,,,,,,,2000209/VESUVIO00044735_ICPdebug.txt,8266
44735,.txt,,,,,,,,2000209/VESUVIO00044735_ICPputlog.txt,353
44736,.log,,,,,,,,2000209/VESUVIO00044736.log,8671
44736,.nxs,Al window in tank with GEM,al window in tank with gem,,2021-05-09T03:38:28,2021-05-09T04:42:04,180.06640625,152664.0,2000209/VESUVIO00044736.nxs,2292577
44736,.raw,,,,,,,,2000209/VESUVIO00044736.raw,2141696
44736,.txt,,,,,,,,2000209/VESUVIO00044736_ICPevent.txt,288
44736,.txt,,,,,,,,2000209/VESUVIO00044736_ICPalarm.txt,0
44736,.txt,,,,,,,,2000209/VESUVIO00044736_ICPputlog.txt,353
44736,.txt,,,,,,,,2000209/VESUVIO00044736_ICPdebug.txt,8285
44737,.log,,,,,,,,2000209/VESUVIO00044737.log,9186
44737,.nxs,Al window in tank with GEM,al window in tank with gem,,2021-05-09T04:43:11,2021-05-09T05:46:48,180.0602569580078,152568.0,2000209/VESUVIO00044737.nxs,2292662
44737,.raw,,,,,,,,2000209/VESUVIO00044737.raw,2140672
44737,.txt,,,,,,,,2000209/VESUVIO00044737_ICPputlog.txt,353
44737,.txt,,,,,,,,2000209/VESUVIO00044737_ICPevent.txt,288
44737,.txt,,,,,,,,2000209/VESUVIO00044737_ICPalarm.txt,0
44737,.txt,,,,,,,,2000209/VESUVIO00044737_ICPdebug.txt,8248
44738,.log,,,,,,,,2000209/VESUVIO00044738.log,9121
44738,.nxs,Al window in tank with GEM,al window in tank with gem,,2021-05-09T05:47:54,2021-05-09T06:51:33,180.0648193359375,152737.0,2000209/VESUVIO00044738.nxs,2292647
44738,.raw,,,,,,,,2000209/VESUVIO00044738.raw,2142208
44738,.txt,,,,,,,,2000209/VESUVIO00044738_ICPevent.txt,288
44738,.txt,,,,,,,,2000209/VESUVIO00044738_ICPdebug.txt,8268
44738,.txt,,,,,,,,2000209/VESUVIO00044738_ICPputlog.txt,353
44738,.txt,,,,,,,,2000209/VESUVIO00044738_ICPalarm.txt,0
44739,.log,,,,,,,,2000209/VESUVIO00044739.log,9002
44739,.nxs,Al window in tank with GEM,al window in tank with gem,,2021-05-09T06:52:40,2021-05-09T07:56:18,180.06509399414062,152664.0,2000209/VESUVIO00044739.nxs,2292159
44739,.raw,,,,,,,,2000209/VESUVIO00044739.raw,2141184
44739,.txt,,,,,,,,2000209/VESUVIO00044739_ICPputlog.txt,353
44739,.txt,,,,,,,,2000209/VESUVIO00044739_ICPevent.txt,288
44739,.txt,,,,,,,,2000209/VESUVIO00044739_ICPalarm.txt,0
44739,.txt,,,,,,,,2000209/VESUVIO00044739_ICPdebug.txt,8303
44740,.log,,,,,,,,2000209/VESUVIO00044740.log,8987
44740,.nxs,Al window in tank with GEM,al window in tank with gem,,2021-05-09T07:57:25,2021-05-09T09:01:03,180.06317138671875,152497.0,2000209/VESUVIO00044740.nxs,2299577
44740,.raw,,,,,,,,2000209/VESUVIO00044740.raw,2142208
44740,.txt,,,,,,,,2000209/VESUVIO00044740_ICPevent.txt,288
44740,.txt,,,,,,,,2000209/VESUVIO00044740_ICPdebug.txt,8240
44740,.txt,,,,,,,,2000209/VESUVIO00044740_ICPalarm.txt,0
44740,.txt,,,,,,,,2000209/VESUVIO00044740_ICPputlog.txt,353
44741,.log,,,,,,,,2000209/VESUVIO00044741.log,8308
44741,.nxs,Al window in tank with GEM,al window in tank with gem,,2021-05-09T09:02:10,2021-05-09T10:05:45,180.06532287597656,152588.0,2000209/VESUVIO00044741.nxs,2293256
44741,.raw,,,,,,,,2000209/VESUVIO00044741.raw,2140672
44741,.txt,,,,,,,,2000209/VESUVIO00044741_ICPevent.txt,288
44741,.txt,,,,,,,,2000209/VESUVIO00044741_ICPalarm.txt,0
44741,.txt,,,,,,,,2000209/VESUVIO00044741_ICPputlog.txt,353
44741,.txt,,,,,,,,2000209/VESUVIO00044741_ICPdebug.txt,8276
44742,.log,,,,,,,,2000209/VESUVIO00044742.log,4230
44742,.nxs,Al window in tank with GEM,al window in tank with gem,,2021-05-09T10:06:52,2021-05-09T10:34:19,77.75218963623047,65883.0,2000209/VESUVIO00044742.nxs,2040185
44742,.raw,,,,,,,,2000209/VESUVIO00044742.raw,2017280
44742,.txt,,,,,,,,2000209/VESUVIO00044742_ICPevent.txt,285
44742,.txt,,,,,,,,2000209/VESUVIO00044742_ICPalarm.txt,0
44742,.txt,,,,,,,,2000209/VESUVIO00044742_ICPputlog.txt,353
44742,.txt,,,,,,,,2000209/VESUVIO00044742_ICPdebug.txt,8277
44743,.log,,,,,,,,2000209/VESUVIO00044743.log,3956
44743,.nxs,Concrete sample 2 (4 blocks) in tank with GEM,concrete sample 2 (4 blocks) in tank with gem,,2021-05-09T11:02:34,2021-05-09T11:09:39,20.065988540649414,17009.0,2000209/VESUVIO00044743.nxs,1985624
44743,.raw,,,,,,,,2000209/VESUVIO00044743.raw,2159104
44743,.txt,,,,,,,,2000209/VESUVIO00044743_ICPevent.txt,284
44743,.txt,,,,,,,,2000209/VESUVIO00044743_ICPputlog.txt,507
44743,.txt,,,,,,,,2000209/VESUVIO00044743_ICPalarm.txt,0
44743,.txt,,,,,,,,2000209/VESUVIO00044743_ICPdebug.txt,8384
44744,.log,,,,,,,,2000209/VESUVIO00044744.log,2848
44744,.nxs,Concrete sample 2 (4 blocks) in tank with GEM,concrete sample 2 (4 blocks) in tank with gem,,2021-05-09T11:10:46,2021-05-09T11:18:59,20.06202507019043,17675.0,2000209/VESUVIO00044744.nxs,1914639
44744,.raw,,,,,,,,2000209/VESUVIO00044744.raw,2158592
44744,.txt,,,,,,,,2000209/VESUVIO00044744_ICPevent.txt,284
44744,.txt,,,,,,,,2000209/VESUVIO00044744_ICPputlog.txt,353
44744,.txt,,,,,,,,2000209/VESUVIO00044744_ICPalarm.txt,0
44744,.txt,,,,,,,,2000209/VESUVIO00044744_ICPdebug.txt,8309
44745,.log,,,,,,,,2000209/VESUVIO00044745.log,2463
44745,.nxs,Concrete sample 2 (4 blocks) in tank with GEM,concrete sample 2 (4 blocks) in tank with gem,,2021-05-09T11:20:05,2021-05-09T11:27:11,20.06477928161621,17010.0,2000209/VESUVIO00044745.nxs,1911220
44745,.raw,,,,,,,,2000209/VESUVIO00044745.raw,2159616
44745,.txt,,,,,,,,2000209/VESUVIO00044745_ICPalarm.txt,0
44745,.txt,,,,,,,,2000209/VESUVIO00044745_ICPevent.txt,284
44745,.txt,,,,,,,,2000209/VESUVIO00044745_ICPputlog.txt,353
44745,.txt,,,,,,,,2000209/VESUVIO00044745_ICPdebug.txt,8271
44746,.log,,,,,,,,2000209/VESUVIO00044746.log,2360
44746,.nxs,Concrete sample 2 (4 blocks) in tank with GEM,concrete sample 2 (4 blocks) in tank with gem,,2021-05-09T11:28:18,2021-05-09T11:35:23,20.062992095947266,17002.0,2000209/VESUVIO00044746.nxs,1911058
44746,.raw,,,,,,,,2000209/VESUVIO00044746.raw,2157568
44746,.txt,,,,,,,,2000209/VESUVIO00044746_ICPalarm.txt,0
44746,.txt,,,,,,,,2000209/VESUVIO00044746_ICPdebug.txt,8227
44746,.txt,,,,,,,,2000209/VESUVIO00044746_ICPevent.txt,284
44746,.txt,,,,,,,,2000209/VESUVIO00044746_ICPputlog.txt,353
44747,.log,,,,,,,,2000209/VESUVIO00044747.log,2354
44747,.nxs,Concrete sample 2 (4 blocks) in tank with GEM,concrete sample 2 (4 blocks) in tank with gem,,2021-05-09T11:36:29,2021-05-09T11:43:35,20.06587791442871,17010.0,2000209/VESUVIO00044747.nxs,1911057
44747,.raw,,,,,,,,2000209/VESUVIO00044747.raw,2159616
44747,.txt,,,,,,,,2000209/VESUVIO00044747_ICPdebug.txt,8270
44747,.txt,,,,,,,,2000209/VESUVIO00044747_ICPevent.txt,284
44747,.txt,,,,,,,,2000209/VESUVIO00044747_ICPputlog.txt,353
44747,.txt,,,,,,,,2000209/VESUVIO00044747_ICPalarm.txt,0
44748,.log,,,,,,,,2000209/VESUVIO00044748.log,2261
44748,.nxs,Concrete sample 2 (4 blocks) in tank with GEM,concrete sample 2 (4 blocks) in tank with gem,,2021-05-09T11:44:42,2021-05-09T11:51:47,20.068504333496094,17012.0,2000209/VESUVIO00044748.nxs,1911162
44748,.raw,,,,,,,,2000209/VESUVIO00044748.raw,2158080
44748,.txt,,,,,,,,2000209/VESUVIO00044748_ICPevent.txt,284
44748,.txt,,,,,,,,2000209/VESUVIO00044748_ICPdebug.txt,8251
44748,.txt,,,,,,,,2000209/VESUVIO00044748_ICPputlog.txt,353
44748,.txt,,,,,,,,2000209/VESUVIO00044748_ICPalarm.txt,0
44749,.log,,,,,,,,2000209/VESUVIO00044749.log,3707
44749,.nxs,Concrete sample 3M (163.72g) in tank with GEM,concrete sample 3m (163.72g) in tank with gem,,2021-05-09T12:08:00,2021-05-09T12:15:06,20.06949234008789,17016.0,2000209/VESUVIO00044749.nxs,1988131
44749,.raw,,,,,,,,2000209/VESUVIO00044749.raw,2127872
44749,.txt,,,,,,,,2000209/VESUVIO00044749_ICPdebug.txt,8399
44749,.txt,,,,,,,,2000209/VESUVIO00044749_ICPputlog.txt,507
44749,.txt,,,,,,,,2000209/VESUVIO00044749_ICPalarm.txt,0
44749,.txt,,,,,,,,2000209/VESUVIO00044749_ICPevent.txt,284
44750,.log,,,,,,,,2000209/VESUVIO00044750.log,2622
44750,.nxs,Concrete sample 3M (163.72g) in tank with GEM,concrete sample 3m (163.72g) in tank with gem,,2021-05-09T12:16:13,2021-05-09T12:23:17,20.061664581298828,16996.0,2000209/VESUVIO00044750.nxs,1913646
44750,.raw,,,,,,,,2000209/VESUVIO00044750.raw,2126336
44750,.txt,,,,,,,,2000209/VESUVIO00044750_ICPputlog.txt,353
44750,.txt,,,,,,,,2000209/VESUVIO00044750_ICPdebug.txt,8262
44750,.txt,,,,,,,,2000209/VESUVIO00044750_ICPevent.txt,284
44750,.txt,,,,,,,,2000209/VESUVIO00044750_ICPalarm.txt,0
44751,.log,,,,,,,,2000209/VESUVIO00044751.log,2308
44751,.nxs,Concrete sample 3M (163.72g) in tank with GEM,concrete sample 3m (163.72g) in tank with gem,,2021-05-09T12:24:24,2021-05-09T12:31:29,20.058237075805664,17000.0,2000209/VESUVIO00044751.nxs,1913818
44751,.raw,,,,,,,,2000209/VESUVIO00044751.raw,2126848
44751,.txt,,,,,,,,2000209/VESUVIO00044751_ICPputlog.txt,353
44751,.txt,,,,,,,,2000209/VESUVIO00044751_ICPalarm.txt,0
44751,.txt,,,,,,,,2000209/VESUVIO00044751_ICPevent.txt,284
44751,.txt,,,,,,,,2000209/VESUVIO00044751_ICPdebug.txt,8295
44752,.log,,,,,,,,2000209/VESUVIO00044752.log,2586
44752,.nxs,Concrete sample 3M (163.72g) in tank with GEM,concrete sample 3m (163.72g) in tank with gem,,2021-05-09T12:32:36,2021-05-09T12:39:41,20.064083099365234,17009.0,2000209/VESUVIO00044752.nxs,1913879
44752,.raw,,,,,,,,2000209/VESUVIO00044752.raw,2126848
44752,.txt,,,,,,,,2000209/VESUVIO00044752_ICPalarm.txt,0
44752,.txt,,,,,,,,2000209/VESUVIO00044752_ICPevent.txt,284
44752,.txt,,,,,,,,2000209/VESUVIO00044752_ICPputlog.txt,353
44752,.txt,,,,,,,,2000209/VESUVIO00044752_ICPdebug.txt,8189
44753,.log,,,,,,,,2000209/VESUVIO00044753.log,2476
44753,.nxs,Concrete sample 3M (163.72g) in tank with GEM,concrete sample 3m (163.72g) in tank with gem,,2021-05-09T12:40:48,2021-05-09T12:47:53,20.062437057495117,16997.0,2000209/VESUVIO00044753.nxs,1913663
44753,.raw,,,,,,,,2000209/VESUVIO00044753.raw,2126848
44753,.txt,,,,,,,,2000209/VESUVIO00044753_ICPdebug.txt,8275
44753,.txt,,,,,,,,2000209/VESUVIO00044753_ICPalarm.txt,0
44753,.txt,,,,,,,,2000209/VESUVIO00044753_ICPputlog.txt,353
44753,.txt,,,,,,,,2000209/VESUVIO00044753_ICPevent.txt,284
44754,.log,,,,,,,,2000209/VESUVIO00044754.log,2438
44754,.nxs,Concrete sample 3M (163.72g) in tank with GEM,concrete sample 3m (163.72g) in tank with gem,,2021-05-09T12:49:00,2021-05-09T12:56:05,20.067386627197266,17003.0,2000209/VESUVIO00044754.nxs,1913664
44754,.raw,,,,,,,,2000209/VESUVIO00044754.raw,2130432
44754,.txt,,,,,,,,2000209/VESUVIO00044754_ICPalarm.txt,0
44754,.txt,,,,,,,,2000209/VESUVIO00044754_ICPdebug.txt,8299
44754,.txt,,,,,,,,2000209/VESUVIO00044754_ICPputlog.txt,353
44754,.txt,,,,,,,,2000209/VESUVIO00044754_ICPevent.txt,284
44755,.log,,,,,,,,2000209/VESUVIO00044755.log,4744
44755,.nxs,Concrete sample 4M (4 blocks) in tank with GEM,concrete sample 4m (4 blocks) in tank with gem,,2021-05-09T13:38:22,2021-05-09T13:45:26,20.064001083374023,16986.0,2000209/VESUVIO00044755.nxs,1984968
44755,.raw,,,,,,,,2000209/VESUVIO00044755.raw,2128896
44755,.txt,,,,,,,,2000209/VESUVIO00044755_ICPdebug.txt,8409
44755,.txt,,,,,,,,2000209/VESUVIO00044755_ICPalarm.txt,0
44755,.txt,,,,,,,,2000209/VESUVIO00044755_ICPputlog.txt,507
44755,.txt,,,,,,,,2000209/VESUVIO00044755_ICPevent.txt,284
44756,.log,,,,,,,,2000209/VESUVIO00044756.log,2497
44756,.nxs,Concrete sample 4M (4 blocks) in tank with GEM,concrete sample 4m (4 blocks) in tank with gem,,2021-05-09T13:46:33,2021-05-09T13:53:38,20.06612777709961,16993.0,2000209/VESUVIO00044756.nxs,1909180
44756,.raw,,,,,,,,2000209/VESUVIO00044756.raw,2129408
44756,.txt,,,,,,,,2000209/VESUVIO00044756_ICPputlog.txt,353
44756,.txt,,,,,,,,2000209/VESUVIO00044756_ICPevent.txt,284
44756,.txt,,,,,,,,2000209/VESUVIO00044756_ICPdebug.txt,8319
44756,.txt,,,,,,,,2000209/VESUVIO00044756_ICPalarm.txt,0
44757,.log,,,,,,,,2000209/VESUVIO00044757.log,2507
44757,.nxs,Concrete sample 4M (4 blocks) in tank with GEM,concrete sample 4m (4 blocks) in tank with gem,,2021-05-09T13:54:45,2021-05-09T14:01:49,20.058494567871094,16987.0,2000209/VESUVIO00044757.nxs,1908828
44757,.raw,,,,,,,,2000209/VESUVIO00044757.raw,2125312
44757,.txt,,,,,,,,2000209/VESUVIO00044757_ICPdebug.txt,8273
44757,.txt,,,,,,,,2000209/VESUVIO00044757_ICPevent.txt,284
44757,.txt,,,,,,,,2000209/VESUVIO00044757_ICPputlog.txt,353
44757,.txt,,,,,,,,2000209/VESUVIO00044757_ICPalarm.txt,0
44758,.log,,,,,,,,2000209/VESUVIO00044758.log,2561
44758,.nxs,Concrete sample 4M (4 blocks) in tank with GEM,concrete sample 4m (4 blocks) in tank with gem,,2021-05-09T14:02:56,2021-05-09T14:10:01,20.064640045166016,16991.0,2000209/VESUVIO00044758.nxs,1908683
44758,.raw,,,,,,,,2000209/VESUVIO00044758.raw,2126336
44758,.txt,,,,,,,,2000209/VESUVIO00044758_ICPputlog.txt,353
44758,.txt,,,,,,,,2000209/VESUVIO00044758_ICPalarm.txt,0
44758,.txt,,,,,,,,2000209/VESUVIO00044758_ICPdebug.txt,8244
44758,.txt,,,,,,,,2000209/VESUVIO00044758_ICPevent.txt,284
44759,.log,,,,,,,,2000209/VESUVIO00044759.log,2444
44759,.nxs,Concrete sample 4M (4 blocks) in tank with GEM,concrete sample 4m (4 blocks) in tank with gem,,2021-05-09T14:11:08,2021-05-09T14:18:55,20.06196403503418,17054.0,2000209/VESUVIO00044759.nxs,1908563
44759,.raw,,,,,,,,2000209/VESUVIO00044759.raw,2125312
44759,.txt,,,,,,,,2000209/VESUVIO00044759_ICPalarm.txt,0
44759,.txt,,,,,,,,2000209/VESUVIO00044759_ICPputlog.txt,353
44759,.txt,,,,,,,,2000209/VESUVIO00044759_ICPdebug.txt,8254
44759,.txt,,,,,,,,2000209/VESUVIO00044759_ICPevent.txt,284
44760,.log,,,,,,,,2000209/VESUVIO00044760.log,2451
44760,.nxs,Concrete sample 4M (4 blocks) in tank with GEM,concrete sample 4m (4 blocks) in tank with gem,,2021-05-09T14:20:02,2021-05-09T14:27:07,20.056673049926758,16989.0,2000209/VESUVIO00044760.nxs,1907993
44760,.raw,,,,,,,,2000209/VESUVIO00044760.raw,2125824
44760,.txt,,,,,,,,2000209/VESUVIO00044760_ICPputlog.txt,353
44760,.txt,,,,,,,,2000209/VESUVIO00044760_ICPdebug.txt,8265
44760,.txt,,,,,,,,2000209/VESUVIO00044760_ICPalarm.txt,0
44760,.txt,,,,,,,,2000209/VESUVIO00044760_ICPevent.txt,284
44761,.log,,,,,,,,2000209/VESUVIO00044761.log,16310
44761,.nxs,2mm V on Al frame in tank with GEM,2mm v on al frame in tank with gem,,2021-05-09T14:41:48,2021-05-09T17:23:40,180.06675720214844,210905.0,2000209/VESUVIO00044761.nxs,2518700
44761,.raw,,,,,,,,2000209/VESUVIO00044761.raw,2517504
44761,.txt,,,,,,,,2000209/VESUVIO00044761_ICPevent.txt,288
44761,.txt,,,,,,,,2000209/VESUVIO00044761_ICPalarm.txt,0
44761,.txt,,,,,,,,2000209/VESUVIO00044761_ICPdebug.txt,8415
44761,.txt,,,,,,,,2000209/VESUVIO00044761_ICPputlog.txt,507
44762,.log,,,,,,,,2000209/VESUVIO00044762.log,16089
44762,.nxs,2mm V on Al frame in tank with GEM,2mm v on al frame in tank with gem,,2021-05-09T18:27:50,2021-05-09T19:31:30,180.06407165527344,152692.0,2000209/VESUVIO00044762.nxs,2465891
44762,.raw,,,,,,,,2000209/VESUVIO00044762.raw,2534400
44762,.txt,,,,,,,,2000209/VESUVIO00044762_ICPalarm.txt,0
44762,.txt,,,,,,,,2000209/VESUVIO00044762_ICPevent.txt,578
44762,.txt,,,,,,,,2000209/VESUVIO00044762_ICPdebug.txt,15081
44762,.txt,,,,,,,,2000209/VESUVIO00044762_ICPputlog.txt,930
44763,.log,,,,,,,,2000209/VESUVIO00044763.log,8385
44763,.nxs,2mm V on Al frame in tank with GEM,2mm v on al frame in tank with gem,,2021-05-09T19:32:34,2021-05-09T20:36:14,180.05850219726562,152739.0,2000209/VESUVIO00044763.nxs,2449889
44763,.raw,,,,,,,,2000209/VESUVIO00044763.raw,2531328
44763,.txt,,,,,,,,2000209/VESUVIO00044763_ICPalarm.txt,0
44763,.txt,,,,,,,,2000209/VESUVIO00044763_ICPevent.txt,288
44763,.txt,,,,,,,,2000209/VESUVIO00044763_ICPdebug.txt,8202
44763,.txt,,,,,,,,2000209/VESUVIO00044763_ICPputlog.txt,353
44764,.log,,,,,,,,2000209/VESUVIO00044764.log,9854
44764,.nxs,2mm V on Al frame in tank with GEM,2mm v on al frame in tank with gem,,2021-05-09T20:43:19,2021-05-09T21:46:56,180.06689453125,152691.0,2000209/VESUVIO00044764.nxs,2451793
44764,.raw,,,,,,,,2000209/VESUVIO00044764.raw,2531840
44764,.txt,,,,,,,,2000209/VESUVIO00044764_ICPdebug.txt,15015
44764,.txt,,,,,,,,2000209/VESUVIO00044764_ICPputlog.txt,930
44764,.txt,,,,,,,,2000209/VESUVIO00044764_ICPevent.txt,571
44764,.txt,,,,,,,,2000209/VESUVIO00044764_ICPalarm.txt,0
44765,.log,,,,,,,,2000209/VESUVIO00044765.log,8781
44765,.nxs,2mm V on Al frame in tank with GEM,2mm v on al frame in tank with gem,,2021-05-09T21:48:03,2021-05-09T22:51:42,180.06088256835938,152686.0,2000209/VESUVIO00044765.nxs,2449621
44765,.raw,,,,,,,,2000209/VESUVIO00044765.raw,2531840
44765,.txt,,,,,,,,2000209/VESUVIO00044765_ICPdebug.txt,8241
44765,.txt,,,,,,,,2000209/VESUVIO00044765_ICPalarm.txt,0
44765,.txt,,,,,,,,2000209/VESUVIO00044765_ICPputlog.txt,353
44765,.txt,,,,,,,,2000209/VESUVIO00044765_ICPevent.txt,288
44766,.log,,,,,,,,2000209/VESUVIO00044766.log,8446
44766,.nxs,2mm V on Al frame in tank with GEM,2mm v on al frame in tank with gem,,2021-05-09T22:52:49,2021-05-09T23:56:53,180.06085205078125,152867.0,2000209/VESUVIO00044766.nxs,2449379
44766,.raw,,,,,,,,2000209/VESUVIO00044766.raw,2534400
44766,.txt,,,,,,,,2000209/VESUVIO00044766_ICPevent.txt,288
44766,.txt,,,,,,,,2000209/VESUVIO00044766_ICPdebug.txt,8282
44766,.txt,,,,,,,,2000209/VESUVIO00044766_ICPalarm.txt,0
44766,.txt,,,,,,,,2000209/VESUVIO00044766_ICPputlog.txt,353
44767,.log,,,,,,,,2000209/VESUVIO00044767.log,8620
44767,.nxs,2mm V on Al frame in tank with GEM,2mm v on al frame in tank with gem,,2021-05-09T23:58:00,2021-05-10T01:01:42,180.06423950195312,152790.0,2000209/VESUVIO00044767.nxs,2449505
44767,.raw,,,,,,,,2000209/VESUVIO00044767.raw,2533888
44767,.txt,,,,,,,,2000209/VESUVIO00044767_ICPevent.txt,288
44767,.txt,,,,,,,,2000209/VESUVIO00044767_ICPalarm.txt,0
44767,.txt,,,,,,,,2000209/VESUVIO00044767_ICPputlog.txt,353
44767,.txt,,,,,,,,2000209/VESUVIO00044767_ICPdebug.txt,8291
44768,.log,,,,,,,,2000209/VESUVIO00044768.log,8387
44768,.nxs,2mm V on Al frame in tank with GEM,2mm v on al frame in tank with gem,,2021-05-10T01:02:49,2021-05-10T02:06:29,180.06031799316406,152801.0,2000209/VESUVIO00044768.nxs,2448462
44768,.raw,,,,,,,,2000209/VESUVIO00044768.raw,2532352
44768,.txt,,,,,,,,2000209/VESUVIO00044768_ICPdebug.txt,8224
44768,.txt,,,,,,,,2000209/VESUVIO00044768_ICPputlog.txt,353
44768,.txt,,,,,,,,2000209/VESUVIO00044768_ICPalarm.txt,0
44768,.txt,,,,,,,,2000209/VESUVIO00044768_ICPevent.txt,288
44769,.log,,,,,,,,2000209/VESUVIO00044769.log,9197
44769,.nxs,2mm V on Al frame in tank with GEM,2mm v on al frame in tank with gem,,2021-05-10T02:07:35,2021-05-10T03:11:17,180.06399536132812,152849.0,2000209/VESUVIO00044769.nxs,2456720
44769,.raw,,,,,,,,2000209/VESUVIO00044769.raw,2529792
44769,.txt,,,,,,,,2000209/VESUVIO00044769_ICPalarm.txt,0
44769,.txt,,,,,,,,2000209/VESUVIO00044769_ICPputlog.txt,353
44769,.txt,,,,,,,,2000209/VESUVIO00044769_ICPdebug.txt,8263
44769,.txt,,,,,,,,2000209/VESUVIO00044769_ICPevent.txt,288
44770,.log,,,,,,,,2000209/VESUVIO00044770.log,8014
44770,.nxs,2mm V on Al frame in tank with GEM,2mm v on al frame in tank with gem,,2021-05-10T03:12:23,2021-05-10T04:16:03,180.05929565429688,152789.0,2000209/VESUVIO00044770.nxs,2450486
44770,.raw,,,,,,,,2000209/VESUVIO00044770.raw,2533376
44770,.txt,,,,,,,,2000209/VESUVIO00044770_ICPevent.txt,288
44770,.txt,,,,,,,,2000209/VESUVIO00044770_ICPalarm.txt,0
44770,.txt,,,,,,,,2000209/VESUVIO00044770_ICPputlog.txt,353
44770,.txt,,,,,,,,2000209/VESUVIO00044770_ICPdebug.txt,8292
44771,.log,,,,,,,,2000209/VESUVIO00044771.log,8834
44771,.nxs,2mm V on Al frame in tank with GEM,2mm v on al frame in tank with gem,,2021-05-10T04:17:10,2021-05-10T05:21:08,180.06619262695312,152740.0,2000209/VESUVIO00044771.nxs,2449289
44771,.raw,,,,,,,,2000209/VESUVIO00044771.raw,2531328
44771,.txt,,,,,,,,2000209/VESUVIO00044771_ICPalarm.txt,0
44771,.txt,,,,,,,,2000209/VESUVIO00044771_ICPevent.txt,288
44771,.txt,,,,,,,,2000209/VESUVIO00044771_ICPputlog.txt,353
44771,.txt,,,,,,,,2000209/VESUVIO00044771_ICPdebug.txt,8273
44772,.log,,,,,,,,2000209/VESUVIO00044772.log,8335
44772,.nxs,2mm V on Al frame in tank with GEM,2mm v on al frame in tank with gem,,2021-05-10T05:22:15,2021-05-10T06:25:55,180.0621337890625,152806.0,2000209/VESUVIO00044772.nxs,2449867
44772,.raw,,,,,,,,2000209/VESUVIO00044772.raw,2531840
44772,.txt,,,,,,,,2000209/VESUVIO00044772_ICPdebug.txt,8227
44772,.txt,,,,,,,,2000209/VESUVIO00044772_ICPevent.txt,288
44772,.txt,,,,,,,,2000209/VESUVIO00044772_ICPputlog.txt,353
44772,.txt,,,,,,,,2000209/VESUVIO00044772_ICPalarm.txt,0
44773,.log,,,,,,,,2000209/VESUVIO00044773.log,8425
44773,.nxs,2mm V on Al frame in tank with GEM,2mm v on al frame in tank with gem,,2021-05-10T06:27:02,2021-05-10T07:30:43,180.0635528564453,152828.0,2000209/VESUVIO00044773.nxs,2450356
44773,.raw,,,,,,,,2000209/VESUVIO00044773.raw,2532352
44773,.txt,,,,,,,,2000209/VESUVIO00044773_ICPalarm.txt,0
44773,.txt,,,,,,,,2000209/VESUVIO00044773_ICPdebug.txt,8292
44773,.txt,,,,,,,,2000209/VESUVIO00044773_ICPevent.txt,288
44773,.txt,,,,,,,,2000209/VESUVIO00044773_ICPputlog.txt,353
44774,.log,,,,,,,,2000209/VESUVIO00044774.log,8502
44774,.nxs,2mm V on Al frame in tank with GEM,2mm v on al frame in tank with gem,,2021-05-10T07:31:49,2021-05-10T08:34:43,180.05860900878906,150956.0,2000209/VESUVIO00044774.nxs,2446164
44774,.raw,,,,,,,,2000209/VESUVIO00044774.raw,2529280
44774,.txt,,,,,,,,2000209/VESUVIO00044774_ICPdebug.txt,8274
44774,.txt,,,,,,,,2000209/VESUVIO00044774_ICPevent.txt,288
44774,.txt,,,,,,,,2000209/VESUVIO00044774_ICPalarm.txt,0
44774,.txt,,,,,,,,2000209/VESUVIO00044774_ICPputlog.txt,353
44775,.log,,,,,,,,2000209/VESUVIO00044775.log,8010
44775,.nxs,2mm V on Al frame in tank with GEM,2mm v on al frame in tank with gem,,2021-05-10T08:35:50,2021-05-10T09:35:35,180.06468200683594,143323.0,2000209/VESUVIO00044775.nxs,2438375
44775,.raw,,,,,,,,2000209/VESUVIO00044775.raw,2522112
44775,.txt,,,,,,,,2000209/VESUVIO00044775_ICPevent.txt,288
44775,.txt,,,,,,,,2000209/VESUVIO00044775_ICPputlog.txt,353
44775,.txt,,,,,,,,2000209/VESUVIO00044775_ICPdebug.txt,8257
44775,.txt,,,,,,,,2000209/VESUVIO00044775_ICPalarm.txt,0
44776,.log,,,,,,,,2000209/VESUVIO00044776.log,12711
44776,.nxs,2mm V on Al frame in tank with GEM - U+Ta foils,2mm v on al frame in tank with gem - u+ta foils,,2021-05-10T10:22:27,2021-05-10T11:22:14,180.06784057617188,143387.0,2000209/VESUVIO00044776.nxs,2450823
44776,.raw,,,,,,,,2000209/VESUVIO00044776.raw,2513920
44776,.txt,,,,,,,,2000209/VESUVIO00044776_ICPalarm.txt,0
44776,.txt,,,,,,,,2000209/VESUVIO00044776_ICPputlog.txt,1047
44776,.txt,,,,,,,,2000209/VESUVIO00044776_ICPdebug.txt,15103
44776,.txt,,,,,,,,2000209/VESUVIO00044776_ICPevent.txt,576
44777,.log,,,,,,,,2000209/VESUVIO00044777.log,8153
44777,.nxs,2mm V on Al frame in tank with GEM - U+Ta foils,2mm v on al frame in tank with gem - u+ta foils,,2021-05-10T11:23:20,2021-05-10T12:23:08,180.06271362304688,143324.0,2000209/VESUVIO00044777.nxs,2438336
44777,.raw,,,,,,,,2000209/VESUVIO00044777.raw,2512896
44777,.txt,,,,,,,,2000209/VESUVIO00044777_ICPputlog.txt,353
44777,.txt,,,,,,,,2000209/VESUVIO00044777_ICPdebug.txt,8297
44777,.txt,,,,,,,,2000209/VESUVIO00044777_ICPalarm.txt,0
44777,.txt,,,,,,,,2000209/VESUVIO00044777_ICPevent.txt,288
44778,.log,,,,,,,,2000209/VESUVIO00044778.log,1893
44778,.nxs,2mm V on Al frame in tank with GEM - U+Ta foils,2mm v on al frame in tank with gem - u+ta foils,,2021-05-10T12:24:14,2021-05-10T12:27:48,10.73813533782959,8552.0,2000209/VESUVIO00044778.nxs,1133307
44778,.raw,,,,,,,,2000209/VESUVIO00044778.raw,1990144
44778,.txt,,,,,,,,2000209/VESUVIO00044778_ICPalarm.txt,0
44778,.txt,,,,,,,,2000209/VESUVIO00044778_ICPevent.txt,282
44778,.txt,,,,,,,,2000209/VESUVIO00044778_ICPputlog.txt,353
44778,.txt,,,,,,,,2000209/VESUVIO00044778_ICPdebug.txt,8257
44779,.log,,,,,,,,2000209/VESUVIO00044779.log,3538
44779,.nxs,Concrete sample 5I (146.51g) in tank with GEM,concrete sample 5i (146.51g) in tank with gem,,2021-05-10T12:50:09,2021-05-10T12:56:49,20.069833755493164,15973.0,2000209/VESUVIO00044779.nxs,1964964
44779,.raw,,,,,,,,2000209/VESUVIO00044779.raw,2110464
44779,.txt,,,,,,,,2000209/VESUVIO00044779_ICPdebug.txt,8393
44779,.txt,,,,,,,,2000209/VESUVIO00044779_ICPalarm.txt,0
44779,.txt,,,,,,,,2000209/VESUVIO00044779_ICPevent.txt,284
44779,.txt,,,,,,,,2000209/VESUVIO00044779_ICPputlog.txt,692
44780,.log,,,,,,,,2000209/VESUVIO00044780.log,2453
44780,.nxs,Concrete sample 5I (146.51g) in tank with GEM,concrete sample 5i (146.51g) in tank with gem,,2021-05-10T12:57:56,2021-05-10T13:04:35,20.072336196899414,15982.0,2000209/VESUVIO00044780.nxs,1889695
44780,.raw,,,,,,,,2000209/VESUVIO00044780.raw,2107904
44780,.txt,,,,,,,,2000209/VESUVIO00044780_ICPputlog.txt,353
44780,.txt,,,,,,,,2000209/VESUVIO00044780_ICPalarm.txt,0
44780,.txt,,,,,,,,2000209/VESUVIO00044780_ICPevent.txt,284
44780,.txt,,,,,,,,2000209/VESUVIO00044780_ICPdebug.txt,8268
44781,.log,,,,,,,,2000209/VESUVIO00044781.log,2463
44781,.nxs,Concrete sample 5I (146.51g) in tank with GEM,concrete sample 5i (146.51g) in tank with gem,,2021-05-10T13:05:42,2021-05-10T13:12:21,20.061601638793945,15972.0,2000209/VESUVIO00044781.nxs,1890482
44781,.raw,,,,,,,,2000209/VESUVIO00044781.raw,2107904
44781,.txt,,,,,,,,2000209/VESUVIO00044781_ICPalarm.txt,0
44781,.txt,,,,,,,,2000209/VESUVIO00044781_ICPputlog.txt,353
44781,.txt,,,,,,,,2000209/VESUVIO00044781_ICPdebug.txt,8238
44781,.txt,,,,,,,,2000209/VESUVIO00044781_ICPevent.txt,284
44782,.log,,,,,,,,2000209/VESUVIO00044782.log,2935
44782,.nxs,Concrete sample 5I (146.51g) in tank with GEM,concrete sample 5i (146.51g) in tank with gem,,2021-05-10T13:13:28,2021-05-10T13:27:52,20.063507080078125,18345.0,2000209/VESUVIO00044782.nxs,1967810
44782,.raw,,,,,,,,2000209/VESUVIO00044782.raw,2108928
44782,.txt,,,,,,,,2000209/VESUVIO00044782_ICPputlog.txt,353
44782,.txt,,,,,,,,2000209/VESUVIO00044782_ICPalarm.txt,130
44782,.txt,,,,,,,,2000209/VESUVIO00044782_ICPdebug.txt,8249
44782,.txt,,,,,,,,2000209/VESUVIO00044782_ICPevent.txt,284
44783,.log,,,,,,,,2000209/VESUVIO00044783.log,2496
44783,.nxs,Concrete sample 5I (146.51g) in tank with GEM,concrete sample 5i (146.51g) in tank with gem,,2021-05-10T13:28:59,2021-05-10T13:35:38,20.065258026123047,15979.0,2000209/VESUVIO00044783.nxs,1885391
44783,.raw,,,,,,,,2000209/VESUVIO00044783.raw,2103808
44783,.txt,,,,,,,,2000209/VESUVIO00044783_ICPdebug.txt,8271
44783,.txt,,,,,,,,2000209/VESUVIO00044783_ICPalarm.txt,0
44783,.txt,,,,,,,,2000209/VESUVIO00044783_ICPputlog.txt,353
44783,.txt,,,,,,,,2000209/VESUVIO00044783_ICPevent.txt,284
44784,.log,,,,,,,,2000209/VESUVIO00044784.log,2267
44784,.nxs,Concrete sample 5I (146.51g) in tank with GEM,concrete sample 5i (146.51g) in tank with gem,,2021-05-10T13:36:45,2021-05-10T13:43:24,20.074094772338867,15980.0,2000209/VESUVIO00044784.nxs,1887207
44784,.raw,,,,,,,,2000209/VESUVIO00044784.raw,2104832
44784,.txt,,,,,,,,2000209/VESUVIO00044784_ICPevent.txt,284
44784,.txt,,,,,,,,2000209/VESUVIO00044784_ICPalarm.txt,0
44784,.txt,,,,,,,,2000209/VESUVIO00044784_ICPputlog.txt,353
44784,.txt,,,,,,,,2000209/VESUVIO00044784_ICPdebug.txt,8205
44785,.log,,,,,,,,2000209/VESUVIO00044785.log,3859
44785,.nxs,Concrete sample 6I (158.58g) in tank with GEM,concrete sample 6i (158.58g) in tank with gem,,2021-05-10T14:04:51,2021-05-10T14:11:31,20.06617546081543,15975.0,2000209/VESUVIO00044785.nxs,1973434
44785,.raw,,,,,,,,2000209/VESUVIO00044785.raw,2119680
44785,.txt,,,,,,,,2000209/VESUVIO00044785_ICPdebug.txt,8409
44785,.txt,,,,,,,,2000209/VESUVIO00044785_ICPalarm.txt,0
44785,.txt,,,,,,,,2000209/VESUVIO00044785_ICPputlog.txt,507
44785,.txt,,,,,,,,2000209/VESUVIO00044785_ICPevent.txt,284
44786,.log,,,,,,,,2000209/VESUVIO00044786.log,2712
44786,.nxs,Concrete sample 6I (158.58g) in tank with GEM,concrete sample 6i (158.58g) in tank with gem,,2021-05-10T14:12:37,2021-05-10T14:24:34,20.065404891967773,16064.0,2000209/VESUVIO00044786.nxs,1897822
44786,.raw,,,,,,,,2000209/VESUVIO00044786.raw,2116608
44786,.txt,,,,,,,,2000209/VESUVIO00044786_ICPevent.txt,284
44786,.txt,,,,,,,,2000209/VESUVIO00044786_ICPalarm.txt,0
44786,.txt,,,,,,,,2000209/VESUVIO00044786_ICPdebug.txt,8228
44786,.txt,,,,,,,,2000209/VESUVIO00044786_ICPputlog.txt,353
44787,.log,,,,,,,,2000209/VESUVIO00044787.log,2254
44787,.nxs,Concrete sample 6I (158.58g) in tank with GEM,concrete sample 6i (158.58g) in tank with gem,,2021-05-10T14:25:41,2021-05-10T14:32:20,20.06083106994629,15977.0,2000209/VESUVIO00044787.nxs,1896121
44787,.raw,,,,,,,,2000209/VESUVIO00044787.raw,2113024
44787,.txt,,,,,,,,2000209/VESUVIO00044787_ICPdebug.txt,8284
44787,.txt,,,,,,,,2000209/VESUVIO00044787_ICPevent.txt,284
44787,.txt,,,,,,,,2000209/VESUVIO00044787_ICPputlog.txt,353
44787,.txt,,,,,,,,2000209/VESUVIO00044787_ICPalarm.txt,0
44788,.log,,,,,,,,2000209/VESUVIO00044788.log,2276
44788,.nxs,Concrete sample 6I (158.58g) in tank with GEM,concrete sample 6i (158.58g) in tank with gem,,2021-05-10T14:33:27,2021-05-10T14:40:07,20.066837310791016,15993.0,2000209/VESUVIO00044788.nxs,1897512
44788,.raw,,,,,,,,2000209/VESUVIO00044788.raw,2115584
44788,.txt,,,,,,,,2000209/VESUVIO00044788_ICPputlog.txt,353
44788,.txt,,,,,,,,2000209/VESUVIO00044788_ICPalarm.txt,0
44788,.txt,,,,,,,,2000209/VESUVIO00044788_ICPdebug.txt,8298
44788,.txt,,,,,,,,2000209/VESUVIO00044788_ICPevent.txt,284
44789,.log,,,,,,,,2000209/VESUVIO00044789.log,2393
44789,.nxs,Concrete sample 6I (158.58g) in tank with GEM,concrete sample 6i (158.58g) in tank with gem,,2021-05-10T14:41:13,2021-05-10T14:47:53,20.07137680053711,15991.0,2000209/VESUVIO00044789.nxs,1899116
44789,.raw,,,,,,,,2000209/VESUVIO00044789.raw,2117120
44789,.txt,,,,,,,,2000209/VESUVIO00044789_ICPdebug.txt,8280
44789,.txt,,,,,,,,2000209/VESUVIO00044789_ICPevent.txt,284
44789,.txt,,,,,,,,2000209/VESUVIO00044789_ICPalarm.txt,0
44789,.txt,,,,,,,,2000209/VESUVIO00044789_ICPputlog.txt,353
44790,.log,,,,,,,,2000209/VESUVIO00044790.log,2199
44790,.nxs,Concrete sample 6I (158.58g) in tank with GEM,concrete sample 6i (158.58g) in tank with gem,,2021-05-10T14:49:00,2021-05-10T14:55:40,20.066246032714844,15990.0,2000209/VESUVIO00044790.nxs,1899360
44790,.raw,,,,,,,,2000209/VESUVIO00044790.raw,2118144
44790,.txt,,,,,,,,2000209/VESUVIO00044790_ICPputlog.txt,353
44790,.txt,,,,,,,,2000209/VESUVIO00044790_ICPdebug.txt,8252
44790,.txt,,,,,,,,2000209/VESUVIO00044790_ICPevent.txt,284
44790,.txt,,,,,,,,2000209/VESUVIO00044790_ICPalarm.txt,0
44791,.log,,,,,,,,2000209/VESUVIO00044791.log,7623
44791,.nxs,Test run after DAE reset.,test run after dae reset.,,2021-05-10T16:24:10,2021-05-10T16:25:35,4.23894739151001,3381.0,2000209/VESUVIO00044791.nxs,895428
44791,.raw,,,,,,,,2000209/VESUVIO00044791.raw,1989120
44791,.txt,,,,,,,,2000209/VESUVIO00044791_ICPalarm.txt,0
44791,.txt,,,,,,,,2000209/VESUVIO00044791_ICPevent.txt,243
44791,.txt,,,,,,,,2000209/VESUVIO00044791_ICPputlog.txt,352
44791,.txt,,,,,,,,2000209/VESUVIO00044791_ICPdebug.txt,20766
44792,.log,,,,,,,,2000209/VESUVIO00044792.log,15274
44792,.nxs,Empty tank with GEM,empty tank with gem,,2021-05-10T17:40:37,2021-05-10T18:40:22,180.0669708251953,143406.0,2000209/VESUVIO00044792.nxs,3165810
44792,.raw,,,,,,,,2000209/VESUVIO00044792.raw,2319872
44792,.txt,,,,,,,,2000209/VESUVIO00044792_ICPputlog.txt,579
44792,.txt,,,,,,,,2000209/VESUVIO00044792_ICPdebug.txt,8200
44792,.txt,,,,,,,,2000209/VESUVIO00044792_ICPevent.txt,288
44792,.txt,,,,,,,,2000209/VESUVIO00044792_ICPalarm.txt,0
44793,.log,,,,,,,,2000209/VESUVIO00044793.log,8259
44793,.nxs,Empty tank with GEM,empty tank with gem,,2021-05-10T18:40:31,2021-05-10T19:40:15,180.0668487548828,143375.0,2000209/VESUVIO00044793.nxs,3140432
44793,.raw,,,,,,,,2000209/VESUVIO00044793.raw,2317824
44793,.txt,,,,,,,,2000209/VESUVIO00044793_ICPputlog.txt,353
44793,.txt,,,,,,,,2000209/VESUVIO00044793_ICPdebug.txt,8098
44793,.txt,,,,,,,,2000209/VESUVIO00044793_ICPalarm.txt,0
44793,.txt,,,,,,,,2000209/VESUVIO00044793_ICPevent.txt,288
44794,.log,,,,,,,,2000209/VESUVIO00044794.log,7737
44794,.nxs,Empty tank with GEM,empty tank with gem,,2021-05-10T19:40:24,2021-05-10T20:40:10,180.06260681152344,143447.0,2000209/VESUVIO00044794.nxs,3139767
44794,.raw,,,,,,,,2000209/VESUVIO00044794.raw,2317312
44794,.txt,,,,,,,,2000209/VESUVIO00044794_ICPevent.txt,288
44794,.txt,,,,,,,,2000209/VESUVIO00044794_ICPalarm.txt,0
44794,.txt,,,,,,,,2000209/VESUVIO00044794_ICPputlog.txt,353
44794,.txt,,,,,,,,2000209/VESUVIO00044794_ICPdebug.txt,8067
44795,.log,,,,,,,,2000209/VESUVIO00044795.log,7860
44795,.nxs,Empty tank with GEM,empty tank with gem,,2021-05-10T20:40:19,2021-05-10T21:40:04,180.06883239746094,143426.0,2000209/VESUVIO00044795.nxs,3138237
44795,.raw,,,,,,,,2000209/VESUVIO00044795.raw,2316800
44795,.txt,,,,,,,,2000209/VESUVIO00044795_ICPdebug.txt,8080
44795,.txt,,,,,,,,2000209/VESUVIO00044795_ICPevent.txt,288
44795,.txt,,,,,,,,2000209/VESUVIO00044795_ICPalarm.txt,0
44795,.txt,,,,,,,,2000209/VESUVIO00044795_ICPputlog.txt,353
44796,.log,,,,,,,,2000209/VESUVIO00044796.log,8083
44796,.nxs,Empty tank with GEM,empty tank with gem,,2021-05-10T21:40:13,2021-05-10T22:39:55,180.06385803222656,143281.0,2000209/VESUVIO00044796.nxs,3144088
44796,.raw,,,,,,,,2000209/VESUVIO00044796.raw,2318336
44796,.txt,,,,,,,,2000209/VESUVIO00044796_ICPevent.txt,288
44796,.txt,,,,,,,,2000209/VESUVIO00044796_ICPputlog.txt,353
44796,.txt,,,,,,,,2000209/VESUVIO00044796_ICPdebug.txt,8018
44796,.txt,,,,,,,,2000209/VESUVIO00044796_ICPalarm.txt,0
44797,.log,,,,,,,,2000209/VESUVIO00044797.log,8046
44797,.nxs,Empty tank with GEM,empty tank with gem,,2021-05-10T22:40:03,2021-05-10T23:39:47,180.0697479248047,143326.0,2000209/VESUVIO00044797.nxs,3144609
44797,.raw,,,,,,,,2000209/VESUVIO00044797.raw,2314752
44797,.txt,,,,,,,,2000209/VESUVIO00044797_ICPevent.txt,288
44797,.txt,,,,,,,,2000209/VESUVIO00044797_ICPalarm.txt,0
44797,.txt,,,,,,,,2000209/VESUVIO00044797_ICPputlog.txt,353
44797,.txt,,,,,,,,2000209/VESUVIO00044797_ICPdebug.txt,8044
44798,.log,,,,,,,,2000209/VESUVIO00044798.log,27752
44798,.nxs,Empty tank with GEM,empty tank with gem,,2021-05-11T09:53:40,2021-05-11T10:53:27,180.06265258789062,143481.0,2000209/VESUVIO00044798.nxs,3201417
44798,.raw,,,,,,,,2000209/VESUVIO00044798.raw,2313728
44798,.txt,,,,,,,,2000209/VESUVIO00044798_ICPalarm.txt,467
44798,.txt,,,,,,,,2000209/VESUVIO00044798_ICPevent.txt,288
44798,.txt,,,,,,,,2000209/VESUVIO00044798_ICPdebug.txt,8200
44798,.txt,,,,,,,,2000209/VESUVIO00044798_ICPputlog.txt,507
45130,.log,,,,,,,,2000209/VESUVIO00045130.log,19591
45130,.nxs,Sample 1 on Al face with Cd frame at RT,sample 1 on al face with cd frame at rt,,2021-05-25T11:02:02,2021-05-25T11:33:47,"[15.010883331298828, 15.002166748046875, 15.00241470336914, 14.998661041259766, 14.997852325439453, 15.058403015136719]",71915.0,2000209/VESUVIO00045130.nxs,12511652
45130,.raw,,,,,,,,2000209/VESUVIO00045130.raw,16510976
45130,.txt,,,,,,,,2000209/VESUVIO00045130_ICPalarm.txt,0
45130,.txt,,,,,,,,2000209/VESUVIO00045130_ICPputlog.txt,22549
45130,.txt,,,,,,,,2000209/VESUVIO00045130_ICPevent.txt,4175
45130,.txt,,,,,,,,2000209/VESUVIO00045130_ICPdebug.txt,45652
45131,.log,,,,,,,,2000209/VESUVIO00045131.log,8687
45131,.nxs,Sample 1 on Al face with Cd frame at RT,sample 1 on al face with cd frame at rt,,2021-05-25T11:33:58,2021-05-25T12:19:12,"[15.009173393249512, 15.008805274963379, 14.992473602294922, 15.003780364990234, 15.005847930908203, 15.044357299804688]",73065.0,2000209/VESUVIO00045131.nxs,15150797
45131,.raw,,,,,,,,2000209/VESUVIO00045131.raw,13126656
45131,.txt,,,,,,,,2000209/VESUVIO00045131_ICPputlog.txt,9401
45131,.txt,,,,,,,,2000209/VESUVIO00045131_ICPdebug.txt,21513
45131,.txt,,,,,,,,2000209/VESUVIO00045131_ICPalarm.txt,0
45131,.txt,,,,,,,,2000209/VESUVIO00045131_ICPevent.txt,1827
45132,.log,,,,,,,,2000209/VESUVIO00045132.log,7464
45132,.nxs,Sample 1 on Al face with Cd frame at RT,sample 1 on al face with cd frame at rt,,2021-05-25T12:19:22,2021-05-25T12:52:23,"[15.008074760437012, 15.0075044631958, 14.992481231689453, 15.011421203613281, 14.993289947509766, 15.044708251953125]",71901.0,2000209/VESUVIO00045132.nxs,15186819
45132,.raw,,,,,,,,2000209/VESUVIO00045132.raw,13970432
45132,.txt,,,,,,,,2000209/VESUVIO00045132_ICPputlog.txt,9401
45132,.txt,,,,,,,,2000209/VESUVIO00045132_ICPevent.txt,1826
45132,.txt,,,,,,,,2000209/VESUVIO00045132_ICPdebug.txt,21354
45132,.txt,,,,,,,,2000209/VESUVIO00045132_ICPalarm.txt,0
45133,.log,,,,,,,,2000209/VESUVIO00045133.log,7438
45133,.nxs,Sample 1 on Al face with Cd frame at RT,sample 1 on al face with cd frame at rt,,2021-05-25T12:52:34,2021-05-25T13:25:34,"[15.019281387329102, 15.000934600830078, 14.991167068481445, 15.0006103515625, 15.006858825683594, 15.049629211425781]",71939.0,2000209/VESUVIO00045133.nxs,14178464
45133,.raw,,,,,,,,2000209/VESUVIO00045133.raw,13591552
45133,.txt,,,,,,,,2000209/VESUVIO00045133_ICPevent.txt,1826
45133,.txt,,,,,,,,2000209/VESUVIO00045133_ICPputlog.txt,9401
45133,.txt,,,,,,,,2000209/VESUVIO00045133_ICPalarm.txt,0
45133,.txt,,,,,,,,2000209/VESUVIO00045133_ICPdebug.txt,21301
45134,.log,,,,,,,,2000209/VESUVIO00045134.log,10156
45134,.nxs,Sample 3(M) on Al face with Cd frame at RT,sample 3(m) on al face with cd frame at rt,,2021-05-25T13:41:04,2021-05-25T14:12:46,"[15.019232749938965, 14.99222469329834, 15.001691818237305, 15.00006103515625, 14.999401092529297, 15.050765991210938]",71950.0,2000209/VESUVIO00045134.nxs,16150999
45134,.raw,,,,,,,,2000209/VESUVIO00045134.raw,13167104
45134,.txt,,,,,,,,2000209/VESUVIO00045134_ICPevent.txt,2356
45134,.txt,,,,,,,,2000209/VESUVIO00045134_ICPdebug.txt,30262
45134,.txt,,,,,,,,2000209/VESUVIO00045134_ICPalarm.txt,0
45134,.txt,,,,,,,,2000209/VESUVIO00045134_ICPputlog.txt,11490
45135,.log,,,,,,,,2000209/VESUVIO00045135.log,8149
45135,.nxs,Sample 3(M) on Al face with Cd frame at RT,sample 3(m) on al face with cd frame at rt,,2021-05-25T14:12:57,2021-05-25T14:50:01,"[15.011565208435059, 14.9985990524292, 15.004827499389648, 15.00229263305664, 14.98892593383789, 15.052154541015625]",74054.0,2000209/VESUVIO00045135.nxs,16153207
45135,.raw,,,,,,,,2000209/VESUVIO00045135.raw,13159936
45135,.txt,,,,,,,,2000209/VESUVIO00045135_ICPputlog.txt,9401
45135,.txt,,,,,,,,2000209/VESUVIO00045135_ICPevent.txt,1826
45135,.txt,,,,,,,,2000209/VESUVIO00045135_ICPdebug.txt,21332
45135,.txt,,,,,,,,2000209/VESUVIO00045135_ICPalarm.txt,130
