file,channel,embedding_dimension,n_samples_original,n_samples_used,subsample_step,steps_used,elapsed_sec,quality_score,reliable_steps_flag,status,error
10dembedded_R__macroscopic_removal_cross_section.npy,R__macroscopic_removal_cross_section,10,5991,2996,2,150,0.013806819915771484,53.03300858899106,False,ok,
10dembedded_B__macroscopic_removal_cross_section.npy,B__macroscopic_removal_cross_section,10,5991,2996,2,150,0.013936281204223633,53.03300858899106,False,ok,
10dembedded_B__transmission.npy,B__transmission,10,5991,2996,2,150,0.014076948165893555,53.03300858899106,False,ok,
10dembedded_C__macroscopic_removal_cross_section.npy,C__macroscopic_removal_cross_section,10,5991,2996,2,150,0.014168500900268555,53.03300858899106,False,ok,
10dembedded_C__transmission.npy,C__transmission,10,5991,2996,2,150,0.01442265510559082,53.03300858899106,False,ok,
10dembedded_D__macroscopic_removal_cross_section.npy,D__macroscopic_removal_cross_section,10,5991,2996,2,150,0.015070676803588867,53.03300858899106,False,ok,
10dembedded_D__transmission.npy,D__transmission,10,5991,2996,2,150,0.014619112014770508,53.03300858899106,False,ok,
10dembedded_R__transmission.npy,R__transmission,10,5991,2996,2,150,0.013869285583496094,53.03300858899106,False,ok,
10dembedded_A__transmission.npy,A__transmission,10,5991,2996,2,150,0.014155387878417969,53.03300858899106,False,ok,
10dembedded_S__macroscopic_removal_cross_section.npy,S__macroscopic_removal_cross_section,10,5991,2996,2,150,0.013939619064331055,53.03300858899106,False,ok,
10dembedded_T__macroscopic_removal_cross_section.npy,T__macroscopic_removal_cross_section,10,5991,2996,2,150,0.014142274856567383,53.03300858899106,False,ok,
10dembedded_T__transmission.npy,T__transmission,10,5991,2996,2,150,0.0136871337890625,53.03300858899106,False,ok,
10dembedded_U__macroscopic_removal_cross_section.npy,U__macroscopic_removal_cross_section,10,5991,2996,2,150,0.014000177383422852,53.03300858899106,False,ok,
10dembedded_U__transmission.npy,U__transmission,10,5991,2996,2,150,0.014275789260864258,53.03300858899106,False,ok,
10dembedded_V__macroscopic_removal_cross_section.npy,V__macroscopic_removal_cross_section,10,5991,2996,2,150,0.014395475387573242,53.03300858899106,False,ok,
10dembedded_V__transmission.npy,V__transmission,10,5991,2996,2,150,0.013938188552856445,53.03300858899106,False,ok,
10dembedded_S__transmission.npy,S__transmission,10,5991,2996,2,150,0.013809919357299805,53.03300858899106,False,ok,
10dembedded_A__macroscopic_removal_cross_section.npy,A__macroscopic_removal_cross_section,10,5991,2996,2,150,0.014549016952514648,53.03300858899106,False,ok,
9dembedded_V__macroscopic_removal_cross_section.npy,V__macroscopic_removal_cross_section,9,5992,2996,2,150,0.014060020446777344,58.92556509887896,False,ok,
9dembedded_V__transmission.npy,V__transmission,9,5992,2996,2,150,0.013447761535644531,58.92556509887896,False,ok,
9dembedded_B__macroscopic_removal_cross_section.npy,B__macroscopic_removal_cross_section,9,5992,2996,2,150,0.013813018798828125,58.92556509887896,False,ok,
9dembedded_U__macroscopic_removal_cross_section.npy,U__macroscopic_removal_cross_section,9,5992,2996,2,150,0.013763666152954102,58.92556509887896,False,ok,
9dembedded_T__transmission.npy,T__transmission,9,5992,2996,2,150,0.013765096664428711,58.92556509887896,False,ok,
9dembedded_T__macroscopic_removal_cross_section.npy,T__macroscopic_removal_cross_section,9,5992,2996,2,150,0.01459956169128418,58.92556509887896,False,ok,
9dembedded_S__transmission.npy,S__transmission,9,5992,2996,2,150,0.013677120208740234,58.92556509887896,False,ok,
9dembedded_S__macroscopic_removal_cross_section.npy,S__macroscopic_removal_cross_section,9,5992,2996,2,150,0.013639688491821289,58.92556509887896,False,ok,
9dembedded_R__transmission.npy,R__transmission,9,5992,2996,2,150,0.013547658920288086,58.92556509887896,False,ok,
9dembedded_R__macroscopic_removal_cross_section.npy,R__macroscopic_removal_cross_section,9,5992,2996,2,150,0.014404058456420898,58.92556509887896,False,ok,
9dembedded_D__transmission.npy,D__transmission,9,5992,2996,2,150,0.013781309127807617,58.92556509887896,False,ok,
9dembedded_D__macroscopic_removal_cross_section.npy,D__macroscopic_removal_cross_section,9,5992,2996,2,150,0.013710737228393555,58.92556509887896,False,ok,
9dembedded_C__transmission.npy,C__transmission,9,5992,2996,2,150,0.014062166213989258,58.92556509887896,False,ok,
9dembedded_C__macroscopic_removal_cross_section.npy,C__macroscopic_removal_cross_section,9,5992,2996,2,150,0.013687849044799805,58.92556509887896,False,ok,
9dembedded_B__transmission.npy,B__transmission,9,5992,2996,2,150,0.013487577438354492,58.92556509887896,False,ok,
9dembedded_A__transmission.npy,A__transmission,9,5992,2996,2,150,0.014739751815795898,58.92556509887896,False,ok,
9dembedded_A__macroscopic_removal_cross_section.npy,A__macroscopic_removal_cross_section,9,5992,2996,2,150,0.013802528381347656,58.92556509887896,False,ok,
9dembedded_U__transmission.npy,U__transmission,9,5992,2996,2,150,0.013381719589233398,58.92556509887896,False,ok,
8dembedded_V__macroscopic_removal_cross_section.npy,V__macroscopic_removal_cross_section,8,5993,2997,2,150,0.015031099319458008,66.29126073623883,False,ok,
8dembedded_U__transmission.npy,U__transmission,8,5993,2997,2,150,0.01401066780090332,66.29126073623883,False,ok,
8dembedded_T__transmission.npy,T__transmission,8,5993,2997,2,150,0.01453709602355957,66.29126073623883,False,ok,
8dembedded_T__macroscopic_removal_cross_section.npy,T__macroscopic_removal_cross_section,8,5993,2997,2,150,0.014808893203735352,66.29126073623883,False,ok,
8dembedded_S__transmission.npy,S__transmission,8,5993,2997,2,150,0.014455080032348633,66.29126073623883,False,ok,
8dembedded_S__macroscopic_removal_cross_section.npy,S__macroscopic_removal_cross_section,8,5993,2997,2,150,0.01472783088684082,66.29126073623883,False,ok,
8dembedded_R__transmission.npy,R__transmission,8,5993,2997,2,150,0.014570474624633789,66.29126073623883,False,ok,
8dembedded_D__transmission.npy,D__transmission,8,5993,2997,2,150,0.01410818099975586,66.29126073623883,False,ok,
8dembedded_D__macroscopic_removal_cross_section.npy,D__macroscopic_removal_cross_section,8,5993,2997,2,150,0.014452695846557617,66.29126073623883,False,ok,
8dembedded_R__macroscopic_removal_cross_section.npy,R__macroscopic_removal_cross_section,8,5993,2997,2,150,0.013959407806396484,66.29126073623883,False,ok,
8dembedded_C__macroscopic_removal_cross_section.npy,C__macroscopic_removal_cross_section,8,5993,2997,2,150,0.014974117279052734,66.29126073623883,False,ok,
8dembedded_B__transmission.npy,B__transmission,8,5993,2997,2,150,0.014824867248535156,66.29126073623883,False,ok,
8dembedded_B__macroscopic_removal_cross_section.npy,B__macroscopic_removal_cross_section,8,5993,2997,2,150,0.015003681182861328,66.29126073623883,False,ok,
8dembedded_A__transmission.npy,A__transmission,8,5993,2997,2,150,0.014282941818237305,66.29126073623883,False,ok,
8dembedded_A__macroscopic_removal_cross_section.npy,A__macroscopic_removal_cross_section,8,5993,2997,2,150,0.013963460922241211,66.29126073623883,False,ok,
8dembedded_V__transmission.npy,V__transmission,8,5993,2997,2,150,0.014620065689086914,66.29126073623883,False,ok,
8dembedded_C__transmission.npy,C__transmission,8,5993,2997,2,150,0.014176130294799805,66.29126073623883,False,ok,
8dembedded_U__macroscopic_removal_cross_section.npy,U__macroscopic_removal_cross_section,8,5993,2997,2,150,0.014963626861572266,66.29126073623883,False,ok,
6dembedded_U__macroscopic_removal_cross_section.npy,U__macroscopic_removal_cross_section,6,5995,2998,2,150,0.012456178665161133,70.71067811865474,True,ok,
6dembedded_U__transmission.npy,U__transmission,6,5995,2998,2,150,0.012716293334960938,70.71067811865474,True,ok,
6dembedded_R__transmission.npy,R__transmission,6,5995,2998,2,150,0.012892007827758789,70.71067811865474,True,ok,
6dembedded_T__transmission.npy,T__transmission,6,5995,2998,2,150,0.012511491775512695,70.71067811865474,True,ok,
6dembedded_T__macroscopic_removal_cross_section.npy,T__macroscopic_removal_cross_section,6,5995,2998,2,150,0.012393951416015625,70.71067811865474,True,ok,
6dembedded_S__transmission.npy,S__transmission,6,5995,2998,2,150,0.013381242752075195,70.71067811865474,True,ok,
6dembedded_S__macroscopic_removal_cross_section.npy,S__macroscopic_removal_cross_section,6,5995,2998,2,150,0.013020753860473633,70.71067811865474,True,ok,
6dembedded_B__transmission.npy,B__transmission,6,5995,2998,2,150,0.012484550476074219,70.71067811865474,True,ok,
6dembedded_D__transmission.npy,D__transmission,6,5995,2998,2,150,0.012514352798461914,70.71067811865474,True,ok,
6dembedded_D__macroscopic_removal_cross_section.npy,D__macroscopic_removal_cross_section,6,5995,2998,2,150,0.01242828369140625,70.71067811865474,True,ok,
6dembedded_C__transmission.npy,C__transmission,6,5995,2998,2,150,0.012472867965698242,70.71067811865474,True,ok,
6dembedded_C__macroscopic_removal_cross_section.npy,C__macroscopic_removal_cross_section,6,5995,2998,2,150,0.01256704330444336,70.71067811865474,True,ok,
6dembedded_V__macroscopic_removal_cross_section.npy,V__macroscopic_removal_cross_section,6,5995,2998,2,150,0.01232147216796875,70.71067811865474,True,ok,
6dembedded_B__macroscopic_removal_cross_section.npy,B__macroscopic_removal_cross_section,6,5995,2998,2,150,0.012746572494506836,70.71067811865474,True,ok,
6dembedded_R__macroscopic_removal_cross_section.npy,R__macroscopic_removal_cross_section,6,5995,2998,2,150,0.012594461441040039,70.71067811865474,True,ok,
6dembedded_V__transmission.npy,V__transmission,6,5995,2998,2,150,0.0123291015625,70.71067811865474,True,ok,
7dembedded_V__macroscopic_removal_cross_section.npy,V__macroscopic_removal_cross_section,7,5994,2997,2,150,0.01403951644897461,70.71067811865474,True,ok,
7dembedded_A__transmission.npy,A__transmission,7,5994,2997,2,150,0.013132572174072266,70.71067811865474,True,ok,
7dembedded_V__transmission.npy,V__transmission,7,5994,2997,2,150,0.014543771743774414,70.71067811865474,True,ok,
6dembedded_A__transmission.npy,A__transmission,6,5995,2998,2,150,0.013771772384643555,70.71067811865474,True,ok,
7dembedded_U__transmission.npy,U__transmission,7,5994,2997,2,150,0.014038324356079102,70.71067811865474,True,ok,
7dembedded_U__macroscopic_removal_cross_section.npy,U__macroscopic_removal_cross_section,7,5994,2997,2,150,0.01513981819152832,70.71067811865474,True,ok,
7dembedded_T__transmission.npy,T__transmission,7,5994,2997,2,150,0.015039920806884766,70.71067811865474,True,ok,
7dembedded_T__macroscopic_removal_cross_section.npy,T__macroscopic_removal_cross_section,7,5994,2997,2,150,0.014332294464111328,70.71067811865474,True,ok,
7dembedded_S__transmission.npy,S__transmission,7,5994,2997,2,150,0.01473546028137207,70.71067811865474,True,ok,
7dembedded_A__macroscopic_removal_cross_section.npy,A__macroscopic_removal_cross_section,7,5994,2997,2,150,0.013134241104125977,70.71067811865474,True,ok,
7dembedded_S__macroscopic_removal_cross_section.npy,S__macroscopic_removal_cross_section,7,5994,2997,2,150,0.01361393928527832,70.71067811865474,True,ok,
7dembedded_R__macroscopic_removal_cross_section.npy,R__macroscopic_removal_cross_section,7,5994,2997,2,150,0.014149904251098633,70.71067811865474,True,ok,
7dembedded_D__transmission.npy,D__transmission,7,5994,2997,2,150,0.013692140579223633,70.71067811865474,True,ok,
7dembedded_D__macroscopic_removal_cross_section.npy,D__macroscopic_removal_cross_section,7,5994,2997,2,150,0.013727188110351562,70.71067811865474,True,ok,
7dembedded_C__transmission.npy,C__transmission,7,5994,2997,2,150,0.01318216323852539,70.71067811865474,True,ok,
7dembedded_C__macroscopic_removal_cross_section.npy,C__macroscopic_removal_cross_section,7,5994,2997,2,150,0.012986421585083008,70.71067811865474,True,ok,
7dembedded_B__transmission.npy,B__transmission,7,5994,2997,2,150,0.013527154922485352,70.71067811865474,True,ok,
7dembedded_B__macroscopic_removal_cross_section.npy,B__macroscopic_removal_cross_section,7,5994,2997,2,150,0.01332545280456543,70.71067811865474,True,ok,
7dembedded_R__transmission.npy,R__transmission,7,5994,2997,2,150,0.014360666275024414,70.71067811865474,True,ok,
6dembedded_A__macroscopic_removal_cross_section.npy,A__macroscopic_removal_cross_section,6,5995,2998,2,150,0.01265716552734375,70.71067811865474,True,ok,
2dembedded_A__macroscopic_removal_cross_section.npy,A__macroscopic_removal_cross_section,2,5999,3000,2,150,0.012366294860839844,70.71067811865474,True,ok,
5dembedded_V__macroscopic_removal_cross_section.npy,V__macroscopic_removal_cross_section,5,5996,2998,2,150,0.012773275375366211,70.71067811865474,True,ok,
3dembedded_A__transmission.npy,A__transmission,3,5998,2999,2,150,0.012508869171142578,70.71067811865474,True,ok,
3dembedded_B__macroscopic_removal_cross_section.npy,B__macroscopic_removal_cross_section,3,5998,2999,2,150,0.012139320373535156,70.71067811865474,True,ok,
3dembedded_B__transmission.npy,B__transmission,3,5998,2999,2,150,0.011695146560668945,70.71067811865474,True,ok,
3dembedded_C__macroscopic_removal_cross_section.npy,C__macroscopic_removal_cross_section,3,5998,2999,2,150,0.011602640151977539,70.71067811865474,True,ok,
3dembedded_C__transmission.npy,C__transmission,3,5998,2999,2,150,0.012223958969116211,70.71067811865474,True,ok,
3dembedded_D__macroscopic_removal_cross_section.npy,D__macroscopic_removal_cross_section,3,5998,2999,2,150,0.012372493743896484,70.71067811865474,True,ok,
3dembedded_A__macroscopic_removal_cross_section.npy,A__macroscopic_removal_cross_section,3,5998,2999,2,150,0.012292146682739258,70.71067811865474,True,ok,
3dembedded_D__transmission.npy,D__transmission,3,5998,2999,2,150,0.012462615966796875,70.71067811865474,True,ok,
3dembedded_R__transmission.npy,R__transmission,3,5998,2999,2,150,0.012067794799804688,70.71067811865474,True,ok,
3dembedded_S__macroscopic_removal_cross_section.npy,S__macroscopic_removal_cross_section,3,5998,2999,2,150,0.01244044303894043,70.71067811865474,True,ok,
3dembedded_S__transmission.npy,S__transmission,3,5998,2999,2,150,0.012435436248779297,70.71067811865474,True,ok,
3dembedded_T__macroscopic_removal_cross_section.npy,T__macroscopic_removal_cross_section,3,5998,2999,2,150,0.012568235397338867,70.71067811865474,True,ok,
3dembedded_T__transmission.npy,T__transmission,3,5998,2999,2,150,0.012367963790893555,70.71067811865474,True,ok,
3dembedded_U__macroscopic_removal_cross_section.npy,U__macroscopic_removal_cross_section,3,5998,2999,2,150,0.012047767639160156,70.71067811865474,True,ok,
3dembedded_R__macroscopic_removal_cross_section.npy,R__macroscopic_removal_cross_section,3,5998,2999,2,150,0.012202978134155273,70.71067811865474,True,ok,
3dembedded_U__transmission.npy,U__transmission,3,5998,2999,2,150,0.012954950332641602,70.71067811865474,True,ok,
2dembedded_V__transmission.npy,V__transmission,2,5999,3000,2,150,0.01145482063293457,70.71067811865474,True,ok,
2dembedded_U__transmission.npy,U__transmission,2,5999,3000,2,150,0.011235237121582031,70.71067811865474,True,ok,
2dembedded_A__transmission.npy,A__transmission,2,5999,3000,2,150,0.011040687561035156,70.71067811865474,True,ok,
2dembedded_B__macroscopic_removal_cross_section.npy,B__macroscopic_removal_cross_section,2,5999,3000,2,150,0.010767936706542969,70.71067811865474,True,ok,
2dembedded_B__transmission.npy,B__transmission,2,5999,3000,2,150,0.010930776596069336,70.71067811865474,True,ok,
2dembedded_C__macroscopic_removal_cross_section.npy,C__macroscopic_removal_cross_section,2,5999,3000,2,150,0.010875463485717773,70.71067811865474,True,ok,
2dembedded_C__transmission.npy,C__transmission,2,5999,3000,2,150,0.010849237442016602,70.71067811865474,True,ok,
2dembedded_D__macroscopic_removal_cross_section.npy,D__macroscopic_removal_cross_section,2,5999,3000,2,150,0.01071786880493164,70.71067811865474,True,ok,
2dembedded_V__macroscopic_removal_cross_section.npy,V__macroscopic_removal_cross_section,2,5999,3000,2,150,0.012453794479370117,70.71067811865474,True,ok,
2dembedded_D__transmission.npy,D__transmission,2,5999,3000,2,150,0.01104736328125,70.71067811865474,True,ok,
2dembedded_R__transmission.npy,R__transmission,2,5999,3000,2,150,0.010994434356689453,70.71067811865474,True,ok,
2dembedded_S__macroscopic_removal_cross_section.npy,S__macroscopic_removal_cross_section,2,5999,3000,2,150,0.010987520217895508,70.71067811865474,True,ok,
2dembedded_S__transmission.npy,S__transmission,2,5999,3000,2,150,0.010882139205932617,70.71067811865474,True,ok,
2dembedded_T__macroscopic_removal_cross_section.npy,T__macroscopic_removal_cross_section,2,5999,3000,2,150,0.010967493057250977,70.71067811865474,True,ok,
2dembedded_T__transmission.npy,T__transmission,2,5999,3000,2,150,0.010993719100952148,70.71067811865474,True,ok,
2dembedded_U__macroscopic_removal_cross_section.npy,U__macroscopic_removal_cross_section,2,5999,3000,2,150,0.011841297149658203,70.71067811865474,True,ok,
2dembedded_R__macroscopic_removal_cross_section.npy,R__macroscopic_removal_cross_section,2,5999,3000,2,150,0.010954141616821289,70.71067811865474,True,ok,
5dembedded_V__transmission.npy,V__transmission,5,5996,2998,2,150,0.012883901596069336,70.71067811865474,True,ok,
3dembedded_V__macroscopic_removal_cross_section.npy,V__macroscopic_removal_cross_section,3,5998,2999,2,150,0.012167930603027344,70.71067811865474,True,ok,
4dembedded_A__macroscopic_removal_cross_section.npy,A__macroscopic_removal_cross_section,4,5997,2999,2,150,0.012829303741455078,70.71067811865474,True,ok,
5dembedded_A__transmission.npy,A__transmission,5,5996,2998,2,150,0.012842178344726562,70.71067811865474,True,ok,
5dembedded_B__macroscopic_removal_cross_section.npy,B__macroscopic_removal_cross_section,5,5996,2998,2,150,0.012553930282592773,70.71067811865474,True,ok,
5dembedded_B__transmission.npy,B__transmission,5,5996,2998,2,150,0.012365102767944336,70.71067811865474,True,ok,
5dembedded_C__macroscopic_removal_cross_section.npy,C__macroscopic_removal_cross_section,5,5996,2998,2,150,0.012642860412597656,70.71067811865474,True,ok,
5dembedded_C__transmission.npy,C__transmission,5,5996,2998,2,150,0.012599706649780273,70.71067811865474,True,ok,
5dembedded_D__macroscopic_removal_cross_section.npy,D__macroscopic_removal_cross_section,5,5996,2998,2,150,0.012964725494384766,70.71067811865474,True,ok,
5dembedded_A__macroscopic_removal_cross_section.npy,A__macroscopic_removal_cross_section,5,5996,2998,2,150,0.012438297271728516,70.71067811865474,True,ok,
5dembedded_D__transmission.npy,D__transmission,5,5996,2998,2,150,0.012395143508911133,70.71067811865474,True,ok,
5dembedded_S__macroscopic_removal_cross_section.npy,S__macroscopic_removal_cross_section,5,5996,2998,2,150,0.01298975944519043,70.71067811865474,True,ok,
5dembedded_S__transmission.npy,S__transmission,5,5996,2998,2,150,0.01361703872680664,70.71067811865474,True,ok,
5dembedded_T__macroscopic_removal_cross_section.npy,T__macroscopic_removal_cross_section,5,5996,2998,2,150,0.012145042419433594,70.71067811865474,True,ok,
5dembedded_T__transmission.npy,T__transmission,5,5996,2998,2,150,0.01263737678527832,70.71067811865474,True,ok,
5dembedded_U__macroscopic_removal_cross_section.npy,U__macroscopic_removal_cross_section,5,5996,2998,2,150,0.013437509536743164,70.71067811865474,True,ok,
5dembedded_U__transmission.npy,U__transmission,5,5996,2998,2,150,0.012428760528564453,70.71067811865474,True,ok,
5dembedded_R__transmission.npy,R__transmission,5,5996,2998,2,150,0.012603998184204102,70.71067811865474,True,ok,
3dembedded_V__transmission.npy,V__transmission,3,5998,2999,2,150,0.012113332748413086,70.71067811865474,True,ok,
4dembedded_V__transmission.npy,V__transmission,4,5997,2999,2,150,0.013060569763183594,70.71067811865474,True,ok,
4dembedded_U__transmission.npy,U__transmission,4,5997,2999,2,150,0.012414693832397461,70.71067811865474,True,ok,
4dembedded_A__transmission.npy,A__transmission,4,5997,2999,2,150,0.013062715530395508,70.71067811865474,True,ok,
4dembedded_B__macroscopic_removal_cross_section.npy,B__macroscopic_removal_cross_section,4,5997,2999,2,150,0.015727996826171875,70.71067811865474,True,ok,
4dembedded_B__transmission.npy,B__transmission,4,5997,2999,2,150,0.013173580169677734,70.71067811865474,True,ok,
4dembedded_C__macroscopic_removal_cross_section.npy,C__macroscopic_removal_cross_section,4,5997,2999,2,150,0.012410402297973633,70.71067811865474,True,ok,
4dembedded_C__transmission.npy,C__transmission,4,5997,2999,2,150,0.012092351913452148,70.71067811865474,True,ok,
4dembedded_D__macroscopic_removal_cross_section.npy,D__macroscopic_removal_cross_section,4,5997,2999,2,150,0.012528657913208008,70.71067811865474,True,ok,
4dembedded_V__macroscopic_removal_cross_section.npy,V__macroscopic_removal_cross_section,4,5997,2999,2,150,0.012528657913208008,70.71067811865474,True,ok,
4dembedded_D__transmission.npy,D__transmission,4,5997,2999,2,150,0.012847661972045898,70.71067811865474,True,ok,
4dembedded_R__transmission.npy,R__transmission,4,5997,2999,2,150,0.01245570182800293,70.71067811865474,True,ok,
4dembedded_S__macroscopic_removal_cross_section.npy,S__macroscopic_removal_cross_section,4,5997,2999,2,150,0.01197361946105957,70.71067811865474,True,ok,
4dembedded_S__transmission.npy,S__transmission,4,5997,2999,2,150,0.012258529663085938,70.71067811865474,True,ok,
4dembedded_T__macroscopic_removal_cross_section.npy,T__macroscopic_removal_cross_section,4,5997,2999,2,150,0.013095617294311523,70.71067811865474,True,ok,
4dembedded_T__transmission.npy,T__transmission,4,5997,2999,2,150,0.01341557502746582,70.71067811865474,True,ok,
4dembedded_U__macroscopic_removal_cross_section.npy,U__macroscopic_removal_cross_section,4,5997,2999,2,150,0.012433290481567383,70.71067811865474,True,ok,
4dembedded_R__macroscopic_removal_cross_section.npy,R__macroscopic_removal_cross_section,4,5997,2999,2,150,0.012726783752441406,70.71067811865474,True,ok,
5dembedded_R__macroscopic_removal_cross_section.npy,R__macroscopic_removal_cross_section,5,5996,2998,2,150,0.012413740158081055,70.71067811865474,True,ok,
