K,aggregate_circular_mean,aggregate_resultant_length,aggregate_normalized_concentration,aggregate_stabilization_TV
0.0,0.2741753037189798,0.19162108162707425,0.0033493416944245956,0.22006349206349193
0.1208304866765305,0.2840908981017863,0.24462817941384463,0.005353830557182987,0.25212698412698403
0.241660973353061,0.27655903705018653,0.29097690648815594,0.008004264158329891,0.2787936507936506
0.3624914600295915,0.2569376145350853,0.3197395274390746,0.01260490639491796,0.29911111111111094
0.483321946706122,0.23095820479157425,0.31376679399111074,0.021043107191826053,0.3137777777777776
0.6041524333826525,0.1999412059169085,0.26874691705188003,0.028216884708312177,0.34692063492063474
0.724982920059183,0.15690607331745302,0.20400605628031157,0.021572916323708707,0.3890158730158728
0.8458134067357135,0.058716936446646335,0.16213680014795082,0.006951811352791746,0.4723174603174601
0.966643893412244,0.9363038592233637,0.1991668326264139,0.006003278594284674,0.5653333333333331
1.0874743800887745,0.009349382007551301,0.1091295373307546,0.012499439545352457,0.5655873015873015
1.208304866765305,0.450921510928119,0.23542869551777082,0.19184077549134174,0.2624126984126982
1.3291353534418355,0.41680044291846413,0.35738563568897747,0.24518533777491036,0.2657777777777776
1.449965840118366,0.3643120731565851,0.48489714795430144,0.1708002727805399,0.43638095238095215
1.5707963267948966,0.4389493405738151,0.3646746276516385,0.14008162727792628,0.24863492063492051
1.691626813471427,0.4207355892140323,0.42192011029588866,0.02363074061007408,0.022984126984126985
1.8124573001479576,0.4017970611937595,0.4328994989834838,0.027834573649458298,0.02584126984126981
1.933287786824488,0.36001116334385197,0.5409662758699286,0.03306044183156796,0.03161904761904763
2.0541182735010186,0.3366920952444798,0.6114246997466102,0.0656325413808189,0.020126984126984104
2.174948760177549,0.20402222051628155,0.9157177584651994,0.7907133111233546,0.06311111111111115
2.2957792468540794,0.19762047912827746,0.9841088537074947,0.9638643015209798,0.014793650793650833
2.41660973353061,0.18896369299280855,0.6209170585863993,0.5563029287341537,0.005460317460317493
2.5374402202071407,0.1773444823904061,0.7372828369060075,0.642788997843738,0.06590476190476184
2.658270706883671,0.16275805430877555,0.9372401932131253,0.8502807603361737,0.04882539682539678
2.7791011935602015,0.1254051732246077,0.9959099640448632,0.9798524120441849,0.009015873015872969
2.899931680236732,0.14097105660444384,0.9934075454849584,0.4815382533145434,0.016698412698412688
3.0207621669132623,0.13728191029106301,0.9453703094141501,0.46758337709795333,0.016380952380952378
3.141592653589793,0.11165734434142745,0.9042181425627241,0.4962908699452685,0.0008888888888888026
3.2624231402663235,0.13497948708101715,0.8683700982266598,0.35493278359098296,0.04165079365079361
3.383253626942854,0.12278930387803788,0.8434949397857715,0.11847938441427375,0.014730158730158708
3.5040841136193843,0.13801653078791695,0.7907908278696993,0.09556511855761193,0.0034920634920635176
3.624914600295915,0.15596321937846896,0.6820028457824754,0.05646831327971143,0.01453968253968253
3.7457450869724456,0.24313592433844125,0.2712672930584777,0.023644494610988553,0.02146031746031745
3.866575573648976,0.3556074043242409,0.11215214363897573,0.009774533672992625,0.0222222222222222
3.9874060603255064,0.28808997934359076,0.06446828562940747,0.01033810490560031,0.02355555555555552
4.108236547002037,0.16304301238269356,0.00963715991396593,0.009975751779988303,0.023999999999999987
4.229067033678567,0.7610960581489807,0.6187536903680936,0.34288277379283777,0.11415873015873006
4.349897520355098,0.7897596010454039,0.6710328702125969,0.3665605664637908,0.10844444444444437
4.470728007031629,0.8030467872389198,0.9748865041266151,0.9360162957727562,0.02330158730158722
4.591558493708159,0.8039948652935114,0.9954682368049261,0.9596522662476158,0.017460317460317395
4.71238898038469,0.8219309455040908,0.992317945462491,0.4804687689589368,0.00374603174603172
4.83321946706122,0.8217697794704613,0.9437826629383397,0.47906973205254333,0.0023492063492064467
4.9540499537377505,0.8206387638865748,0.9418050297085437,0.22491460761620125,0.009714285714285724
5.074880440414281,0.8083500089748809,0.8690306461698679,0.1617418877782631,0.016571428571428577
5.195710927090811,0.7722478446362475,0.5741592876114244,0.049944610882435535,0.013460317460317447
5.316541413767342,0.7764129437145219,0.4094103067502278,0.025241538963981867,0.025142857142857127
5.437371900443872,0.8028992462057489,0.41427173499738706,0.029410890848489916,0.0238095238095238
5.558202387120403,0.7916876348291528,0.24418095390900907,0.015185098438811035,0.02190476190476189
5.679032873796934,0.8441391965909685,0.2982206092101965,0.016969623620075105,0.025269841269841276
5.799863360473464,0.8487055971220261,0.22855894850101538,0.017076520216848124,0.01942857142857142
5.920693847149995,0.8481546929841439,0.2673549238077358,0.013519961329922565,0.029841269841269842
6.0415243338265245,0.908354802507466,0.24239493595432132,0.015345297014811913,0.0283174603174603
6.162354820503055,0.863802057017572,0.15671894536480466,0.006746788947670806,0.023492063492063467
6.283185307179586,0.9018710377284085,0.24946655930382705,0.011096180286094643,0.02368253968253965
6.404015793856116,0.9496065239075362,0.1889004266194403,0.0817595464105232,0.08628571428571426
6.524846280532647,0.936863064674788,0.24375594447691082,0.014812293944722967,0.01682539682539682
6.645676767209178,0.8655217480217269,0.20682440574614078,0.009691365863207619,0.025523809523809494
6.766507253885708,0.8000817734919402,0.07943184585655448,0.007920628127237147,0.017777777777777788
6.887337740562239,0.8870404483219738,0.11236669864059005,0.007341998562929182,0.022222222222222195
7.008168227238769,0.5493517730017501,0.09798632790040061,0.011281721340376253,0.02082539682539682
7.1289987139152995,0.4036832169483539,0.09077496097524208,0.010241275066943402,0.021714285714285724
7.24982920059183,0.36489963132698716,0.3123693261916879,0.02480089254684207,0.023619047619047588
7.37065968726836,0.2736765606300181,0.162606747813018,0.011932908485192352,0.027111111111111103
7.491490173944891,0.32022779087789793,0.13568505231624897,0.008135458096536026,0.023174603174603167
7.612320660621421,0.37614728803657743,0.19852390572707804,0.02014517577893261,0.023111111111111103
7.733151147297952,0.3824451027390762,0.17324100608666437,0.005279299758306589,0.02311111111111109
7.853981633974483,0.4210276263807812,0.19555285218007454,0.010786418446654131,0.027746031746031727
7.974812120651013,0.41250140748745606,0.23599179510430693,0.008805139983007351,0.019555555555555555
8.095642607327543,0.39358032432132445,0.24285008010559359,0.014736851786515464,0.023111111111111096
8.216473094004074,0.3630373834382993,0.21755437156131358,0.01011078346069886,0.024698412698412674
8.337303580680604,0.3290064718893298,0.2917005997920018,0.018522889280795953,0.022793650793650796
8.458134067357134,0.23512153437408664,0.9150069919355962,0.7922164938263381,0.0658412698412698
8.578964554033666,0.23260297443379752,0.9279166859041116,0.7235078095230585,0.09225396825396831
8.699795040710196,0.21710319177670553,0.9222162882937588,0.40838449330416815,0.04666666666666658
8.820625527386726,0.2115201579236475,0.9061104771934547,0.2348897783001024,0.039873015873015845
8.941456014063258,0.2775403140123205,0.4478990148788004,0.032180570383401136,0.02120634920634925
9.062286500739788,0.2831992037174574,0.32990356748876404,0.014979448951581507,0.023301587301587254
9.183116987416318,0.32148146809719613,0.30626943485418184,0.013331335031666839,0.023682539682539666
9.303947474092848,0.370908895006647,0.22145879693393106,0.008934201842044392,0.022539682539682533
9.42477796076938,0.36932206353839603,0.17884636166847337,0.008895314390218699,0.022095238095238088
9.54560844744591,0.3399372314626046,0.08730480912958756,0.0033884548958093654,0.0194285714285714
9.66643893412244,0.1659622513509893,0.09807044383176401,0.006285457182043212,0.02304761904761904
9.787269420798971,0.1743733254161158,0.1738646828285923,0.007125128486503776,0.024698412698412685
9.908099907475501,0.22075634484419215,0.1796548394806598,0.007326915147944542,0.02609523809523809
10.028930394152031,0.30366786638796817,0.07852813259977705,0.004390883271273729,0.024952380952380948
10.149760880828563,0.4315708491441733,0.04553930269427128,0.004263903324837138,0.02120634920634919
10.270591367505093,0.6079522665764611,0.05082712362974202,0.002570689659674607,0.023238095238095193
10.391421854181623,0.8409197203083428,0.0867036804842647,0.004906177542616857,0.021587301587301575
10.512252340858154,0.774546140392925,0.6211309384717215,0.35508030674729624,0.1250158730158729
10.633082827534684,0.7770165142656376,0.679454950145393,0.4669093056367221,0.11142857142857145
10.753913314211214,0.7864814962718637,0.7564546868421731,0.27446661911265513,0.09701587301587293
10.874743800887744,0.7748692304537249,0.8223130957912785,0.23254639754368692,0.07441269841269842
10.995574287564276,0.7331519626288099,0.325420165956711,0.01674504461426176,0.02596825396825396
11.116404774240806,0.7554582154684085,0.31238036411723813,0.015306309229848863,0.021523809523809494
11.237235260917336,0.7501761602119841,0.2583346339085489,0.013770476451746085,0.020634920634920603
11.358065747593868,0.8124460795141559,0.16511227530706116,0.006941435234168733,0.022031746031746048
11.478896234270398,0.8766445998328148,0.257468227037459,0.01989740309619723,0.022984126984126975
11.599726720946927,0.9150740244903953,0.2303396449540537,0.009102318374802718,0.018984126984126954
11.72055720762346,0.841184904040289,0.2688592011495589,0.010549598798081643,0.02406349206349205
11.84138769429999,0.8369879547661313,0.2981199059275851,0.009928787510604333,0.02126984126984126
11.96221818097652,0.8075456026679321,0.2394565811750476,0.008835340257355741,0.02495238095238093
12.083048667653049,0.8192826212585633,0.2072868190037388,0.006560737866607556,0.020317460317460328
12.20387915432958,0.858845715118939,0.16334512512113183,0.005753624665223589,0.034031746031746024
12.32470964100611,0.8870236070627946,0.24612636003018248,0.018096933307186085,0.03676190476190472
12.44554012768264,0.8315521093721931,0.17576501907680298,0.006914270037225795,0.02495238095238094
12.566370614359172,0.8553192978220382,0.1292793918833281,0.003758032007312015,0.024000000000000004
