sample_id,theta0_rad,theta0_cycles,phase_resultant_length
A,-0.23601587251098563,0.96243690724173,0.17965521178979807
B,-0.4060055461363933,0.9353822104096684,0.2013258809880759
C,-0.5615847535704752,0.910621010504215,0.14260403216054532
D,-0.4967432828598543,0.9209408510851587,0.19472838634946432
R,-0.29504591105913086,0.9530419848158876,0.1745954091964063
S,-0.24272944263488097,0.961368409370718,0.2085647290974128
T,-0.36062519312860847,0.9426047179101126,0.20521982722543733
U,-0.35776663351625515,0.9430596718025415,0.2103576590664238
V,-0.19759683596462244,0.9685514868169119,0.22269287442978183
