sample_id,lag_samples,lag_log_energy,mutual_information
A,25,0.06905273807040757,1.366336248827528
A,26,0.07181484759322387,1.3561920084388772
A,27,0.07457695711604018,1.3483266676640673
A,28,0.07733906663885648,1.3847989739363724
A,29,0.08010117616167278,1.3571642206547994
A,30,0.08286328568448909,1.3528034139329987
A,31,0.08562539520730539,1.3536986943574743
A,32,0.08838750473012169,1.3548847228859096
A,33,0.091149614252938,1.3482336210461776
A,34,0.0939117237757543,1.335569550617656
A,35,0.0966738332985706,1.3623269984287854
A,36,0.0994359428213869,1.3524672254848236
A,37,0.1021980523442032,1.33274839807242
A,38,0.10496016186701951,1.3379975584364354
A,39,0.10772227138983581,1.3387582563424587
A,40,0.11048438091265211,1.338143356793756
A,41,0.11324649043546842,1.3551807691752291
A,42,0.11600859995828472,1.3436592367980893
A,43,0.11877070948110102,1.3417882193627761
A,44,0.12153281900391733,1.3335560267300517
A,45,0.12429492852673363,1.3420366520916156
A,46,0.12705703804954993,1.315293832649382
A,47,0.12981914757236623,1.3211835231153994
A,48,0.13258125709518254,1.3394962712333616
A,49,0.13534336661799884,1.3389094741850878
A,60,0.16572657136897817,1.326859496583988
A,72,0.1988718856427738,1.3475516580967852
A,84,0.23201719991656944,1.3212016859216789
A,95,0.26240040466754877,1.3457232249465516
A,107,0.2955457189413444,1.3174335949978104
A,119,0.32869103321514004,1.300563117250232
A,131,0.3618363474889357,1.3352997103803608
A,142,0.392219552239915,1.2910392418024488
A,154,0.42536486651371064,1.306790597656918
A,166,0.45851018078750627,1.2935243137500603
A,178,0.4916554950613019,1.3028739818628639
A,189,0.5220386998122812,1.2929746829994668
A,201,0.5551840140860769,1.297146975422888
A,213,0.5883293283598725,1.2945350484496299
A,225,0.6214746426336681,1.2979599460996392
A,236,0.6518578473846475,1.3078676571722694
A,248,0.6850031616584431,1.2722870128560375
A,260,0.7181484759322387,1.2953964010203283
A,272,0.7512937902060344,1.2870622856819214
A,283,0.7816769949570137,1.2895310027949058
A,295,0.8148223092308093,1.2795162721428195
A,307,0.847967623504605,1.2797041227745964
A,319,0.8811129377784006,1.2842888422586407
A,330,0.9114961425293799,1.2439636508323941
A,342,0.9446414568031756,1.2542506581429436
A,354,0.9777867710769712,1.2570732626212138
A,366,1.0109320853507668,1.2504941744411537
A,377,1.0413152901017462,1.2555131022419337
A,389,1.0744606043755418,1.2276450769709886
A,401,1.1076059186493374,1.2325940868854675
A,413,1.140751232923133,1.2275632531117662
A,424,1.1711344376741124,1.2398929493099322
A,436,1.204279751947908,1.2149102771962816
A,448,1.2374250662217037,1.2302264389185824
A,460,1.2705703804954993,1.2124159345502195
A,471,1.3009535852464786,1.208826849060899
A,483,1.3340988995202743,1.2106351855018973
A,495,1.36724421379407,1.2075863547599486
A,507,1.4003895280678655,1.2106023529398335
A,518,1.4307727328188449,1.2038064143568539
A,530,1.4639180470926405,1.1787386762206635
A,542,1.4970633613664361,1.18599808216835
A,554,1.5302086756402318,1.1584191300519846
A,565,1.560591880391211,1.1817039652687695
A,577,1.5937371946650067,1.1542716340750108
A,589,1.6268825089388024,1.160975974931647
A,601,1.660027823212598,1.1421025061567613
A,612,1.6904110279635773,1.1305915635870667
A,624,1.723556342237373,1.1554077496985524
A,636,1.7567016565111686,1.1325767159418367
A,648,1.7898469707849642,1.152144426254349
A,659,1.8202301755359436,1.115419966639685
A,671,1.8533754898097392,1.0892357007600895
A,683,1.8865208040835348,1.1149666009377661
A,695,1.9196661183573305,1.1007619828642294
A,706,1.9500493231083098,1.0981393128918313
A,718,1.9831946373821054,1.0788232461145393
A,730,2.016339951655901,1.0913832578623541
A,742,2.0494852659296967,1.0814573635034996
A,753,2.079868470680676,1.0566330118083878
A,765,2.1130137849544717,1.0641705901767695
A,777,2.1461590992282673,1.0508936650284157
A,789,2.179304413502063,1.0468388988998747
A,800,2.2096876182530423,1.0448168143981222
A,812,2.242832932526838,1.0303446467245632
A,824,2.2759782468006335,1.029557640999518
A,836,2.309123561074429,0.9980499799255211
A,847,2.3395067658254085,0.9997659560099343
A,859,2.372652080099204,1.018904320206194
A,871,2.4057973943729998,1.0073603557889994
A,883,2.4389427086467954,0.9947947021291093
A,894,2.4693259133977747,0.9841924925613412
A,906,2.5024712276715704,0.9548955557476839
A,918,2.535616541945366,0.9793786276941336
A,930,2.5687618562191616,0.9759828683531175
A,941,2.599145060970141,0.9516514713667075
A,953,2.6322903752439366,0.9361294364018837
A,965,2.6654356895177322,0.9329610721584798
A,977,2.698581003791528,0.9418131858190355
A,988,2.728964208542507,0.9002008517245343
A,1000,2.762109522816303,0.9058051796644682
B,25,0.06905273807040757,1.0720159918346583
B,36,0.0994359428213869,1.0737626707610701
B,37,0.1021980523442032,1.0767382139717876
B,38,0.10496016186701951,1.0752210766428671
B,39,0.10772227138983581,1.059660880307507
B,40,0.11048438091265211,1.07215052711941
B,41,0.11324649043546842,1.0662459508157704
B,42,0.11600859995828472,1.0654798326910804
B,43,0.11877070948110102,1.0470822911306756
B,44,0.12153281900391733,1.0667015099997927
B,45,0.12429492852673363,1.0687327655999521
B,46,0.12705703804954993,1.0642271334014275
B,47,0.12981914757236623,1.0467232428665891
B,48,0.13258125709518254,1.0621271723862478
B,49,0.13534336661799884,1.055966262391089
B,50,0.13810547614081514,1.0610818568651261
B,51,0.14086758566363144,1.0582129533504245
B,52,0.14362969518644775,1.0596087316578604
B,53,0.14639180470926405,1.0398889974347085
B,54,0.14915391423208035,1.0530433544476088
B,55,0.15191602375489666,1.0596975945725333
B,56,0.15467813327771296,1.044530865627423
B,57,0.15744024280052926,1.0669552272285099
B,58,0.16020235232334556,1.082075661495021
B,59,0.16296446184616187,1.0645636637433444
B,60,0.16572657136897817,1.06571829087091
B,72,0.1988718856427738,1.056249275080937
B,84,0.23201719991656944,1.0505074169918442
B,95,0.26240040466754877,1.039406629558485
B,107,0.2955457189413444,1.03711331735758
B,119,0.32869103321514004,1.043290331421737
B,131,0.3618363474889357,1.0408674697437057
B,142,0.392219552239915,1.0391384518235256
B,154,0.42536486651371064,1.0172282975375913
B,166,0.45851018078750627,1.0018388452385771
B,178,0.4916554950613019,1.0091511365443644
B,189,0.5220386998122812,1.011888817437911
B,201,0.5551840140860769,1.0161502021813895
B,213,0.5883293283598725,1.0093268493559968
B,225,0.6214746426336681,1.0243612505645574
B,236,0.6518578473846475,1.002103725310925
B,248,0.6850031616584431,1.0018772158355693
B,260,0.7181484759322387,0.9972955792568499
B,272,0.7512937902060344,1.0115299780985598
B,283,0.7816769949570137,0.9911833607045191
B,295,0.8148223092308093,0.9970085338691081
B,307,0.847967623504605,0.9946498197393776
B,319,0.8811129377784006,0.9901947310485264
B,330,0.9114961425293799,0.9831033510324589
B,342,0.9446414568031756,1.0158567403335503
B,354,0.9777867710769712,0.9713202516532977
B,366,1.0109320853507668,0.9615146905944867
B,377,1.0413152901017462,0.9817667674492068
B,389,1.0744606043755418,0.9644899843313421
B,401,1.1076059186493374,0.969074343976219
B,413,1.140751232923133,0.9429203659494707
B,424,1.1711344376741124,0.9608841788977278
B,436,1.204279751947908,0.9541587805288057
B,448,1.2374250662217037,0.9593144996016161
B,460,1.2705703804954993,0.9635266596114507
B,471,1.3009535852464786,0.9385070278661383
B,483,1.3340988995202743,0.9303353358881452
B,495,1.36724421379407,0.9335791204458328
B,507,1.4003895280678655,0.9094944991787752
B,518,1.4307727328188449,0.9516003968477138
B,530,1.4639180470926405,0.9285787336943736
B,542,1.4970633613664361,0.9240987236895846
B,554,1.5302086756402318,0.897484209950413
B,565,1.560591880391211,0.893259941436173
B,577,1.5937371946650067,0.9190873146477037
B,589,1.6268825089388024,0.905142146919709
B,601,1.660027823212598,0.9104231508253342
B,612,1.6904110279635773,0.8823486971510599
B,624,1.723556342237373,0.8732748955572003
B,636,1.7567016565111686,0.8645169258645602
B,648,1.7898469707849642,0.8616653419671474
B,659,1.8202301755359436,0.8486688183385995
B,671,1.8533754898097392,0.8363773857212848
B,683,1.8865208040835348,0.8757279843332002
B,695,1.9196661183573305,0.8327453697835727
B,706,1.9500493231083098,0.836208950411609
B,718,1.9831946373821054,0.8146883848272939
B,730,2.016339951655901,0.8178831756270606
B,742,2.0494852659296967,0.8234898255891343
B,753,2.079868470680676,0.8333312780863773
B,765,2.1130137849544717,0.7992656388377597
B,777,2.1461590992282673,0.790999159328484
B,789,2.179304413502063,0.760535634433662
B,800,2.2096876182530423,0.7792401548361916
B,812,2.242832932526838,0.8017595058584694
B,824,2.2759782468006335,0.7917550681374896
B,836,2.309123561074429,0.7908375204059768
B,847,2.3395067658254085,0.7649039320521753
B,859,2.372652080099204,0.7869550554856319
B,871,2.4057973943729998,0.7543683238539698
B,883,2.4389427086467954,0.7692551482106369
B,894,2.4693259133977747,0.7581120410716613
B,906,2.5024712276715704,0.748860692544393
B,918,2.535616541945366,0.7258700903619708
B,930,2.5687618562191616,0.7234477312453373
B,941,2.599145060970141,0.7443718105931811
B,953,2.6322903752439366,0.7353763646724651
B,965,2.6654356895177322,0.719695724440955
B,977,2.698581003791528,0.72278039840874
B,988,2.728964208542507,0.7136032825554608
B,1000,2.762109522816303,0.6971978604951037
C,25,0.06905273807040757,1.0664771476108283
C,37,0.1021980523442032,1.0964235666614872
C,48,0.13258125709518254,1.0911858746459009
C,49,0.13534336661799884,1.0633312574905833
C,50,0.13810547614081514,1.085087563842153
C,51,0.14086758566363144,1.0940333099208441
C,52,0.14362969518644775,1.0768032245187582
C,53,0.14639180470926405,1.0704835954514191
C,54,0.14915391423208035,1.0963747800175154
C,55,0.15191602375489666,1.084662066694582
C,56,0.15467813327771296,1.0662562309079515
C,57,0.15744024280052926,1.0773762364254287
C,58,0.16020235232334556,1.0777316195426945
C,59,0.16296446184616187,1.0986074762101836
C,60,0.16572657136897817,1.074297897987564
C,61,0.16848868089179447,1.0781309610128327
C,62,0.17125079041461078,1.094809837514199
C,63,0.17401289993742708,1.0937527351216785
C,64,0.17677500946024338,1.0510320136793823
C,65,0.17953711898305968,1.088523017391446
C,66,0.182299228505876,1.0762536221474344
C,67,0.1850613380286923,1.0760966487064492
C,68,0.1878234475515086,1.07763872618394
C,69,0.1905855570743249,1.0624763397969126
C,70,0.1933476665971412,1.0808795162317058
C,71,0.1961097761199575,1.0707173138119659
C,72,0.1988718856427738,1.0756636206048054
C,84,0.23201719991656944,1.072061361093513
C,95,0.26240040466754877,1.0710056395934613
C,107,0.2955457189413444,1.0625729970519586
C,119,0.32869103321514004,1.049383987114613
C,131,0.3618363474889357,1.0684691478934125
C,142,0.392219552239915,1.0636302936552573
C,154,0.42536486651371064,1.0454343809277544
C,166,0.45851018078750627,1.036439957661809
C,178,0.4916554950613019,1.0474012388608616
C,189,0.5220386998122812,1.0464825603716639
C,201,0.5551840140860769,1.021258987555588
C,213,0.5883293283598725,1.0295338830883978
C,225,0.6214746426336681,1.0432853788150984
C,236,0.6518578473846475,1.0052610465804301
C,248,0.6850031616584431,1.0020151086089903
C,260,0.7181484759322387,1.0189342012558589
C,272,0.7512937902060344,1.0129956517318375
C,283,0.7816769949570137,1.0199051266158419
C,295,0.8148223092308093,1.019126466842386
C,307,0.847967623504605,1.013227315402366
C,319,0.8811129377784006,1.0173146947167613
C,330,0.9114961425293799,1.0277561767617813
C,342,0.9446414568031756,0.9996448961513824
C,354,0.9777867710769712,1.0059393048701057
C,366,1.0109320853507668,0.9836191331586059
C,377,1.0413152901017462,0.9769709478962199
C,389,1.0744606043755418,0.9759148018497621
C,401,1.1076059186493374,0.9491521085393968
C,413,1.140751232923133,0.977563355413543
C,424,1.1711344376741124,0.9649339380253075
C,436,1.204279751947908,0.9679137121228933
C,448,1.2374250662217037,0.949218178024374
C,460,1.2705703804954993,0.9525906776108721
C,471,1.3009535852464786,0.970385447159952
C,483,1.3340988995202743,0.9404603606686006
C,495,1.36724421379407,0.9283733744490315
C,507,1.4003895280678655,0.9366268801813051
C,518,1.4307727328188449,0.9013850592654791
C,530,1.4639180470926405,0.9125252697603772
C,542,1.4970633613664361,0.9233753768188526
C,554,1.5302086756402318,0.889415960601907
C,565,1.560591880391211,0.8979642458940038
C,577,1.5937371946650067,0.9069038622951844
C,589,1.6268825089388024,0.8933990499470328
C,601,1.660027823212598,0.9005016076380654
C,612,1.6904110279635773,0.88743893474276
C,624,1.723556342237373,0.8955856590471942
C,636,1.7567016565111686,0.8944078342336903
C,648,1.7898469707849642,0.8772104174487163
C,659,1.8202301755359436,0.8828068264863216
C,671,1.8533754898097392,0.8680535031256502
C,683,1.8865208040835348,0.8623058791357572
C,695,1.9196661183573305,0.8439080226662004
C,706,1.9500493231083098,0.8556573407472428
C,718,1.9831946373821054,0.8441733976142842
C,730,2.016339951655901,0.8398146856000714
C,742,2.0494852659296967,0.8293187901302224
C,753,2.079868470680676,0.8351512330744191
C,765,2.1130137849544717,0.8259226301428599
C,777,2.1461590992282673,0.8097985506354419
C,789,2.179304413502063,0.8038507862130553
C,800,2.2096876182530423,0.8137692960894292
C,812,2.242832932526838,0.7933519349701026
C,824,2.2759782468006335,0.7997255008859119
C,836,2.309123561074429,0.7813676842533139
C,847,2.3395067658254085,0.7716729095874415
C,859,2.372652080099204,0.7530152011719959
C,871,2.4057973943729998,0.7408563010635758
C,883,2.4389427086467954,0.7771119347531705
C,894,2.4693259133977747,0.7299026454228077
C,906,2.5024712276715704,0.7548627017018017
C,918,2.535616541945366,0.7464481171395452
C,930,2.5687618562191616,0.7401505476218544
C,941,2.599145060970141,0.7433066833504904
C,953,2.6322903752439366,0.7233002514424198
C,965,2.6654356895177322,0.6987609176094871
C,977,2.698581003791528,0.7270951608190952
C,988,2.728964208542507,0.688206983279601
C,1000,2.762109522816303,0.6707446674427553
D,25,0.06905273807040757,1.035675492352321
D,26,0.07181484759322387,1.0411513724339185
D,27,0.07457695711604018,1.0322259698116403
D,28,0.07733906663885648,1.0324012827510831
D,29,0.08010117616167278,1.038608425608495
D,30,0.08286328568448909,1.0400970183413332
D,31,0.08562539520730539,1.0252816772503568
D,32,0.08838750473012169,1.0037338361489958
D,33,0.091149614252938,1.0121293781793286
D,34,0.0939117237757543,1.0062384790640522
D,35,0.0966738332985706,1.0304364761849554
D,36,0.0994359428213869,1.0498622080862985
D,37,0.1021980523442032,1.0142195385288604
D,38,0.10496016186701951,1.0314583677534745
D,39,0.10772227138983581,1.0309558019682328
D,40,0.11048438091265211,1.0111922410482288
D,41,0.11324649043546842,1.0266809004489774
D,42,0.11600859995828472,1.0293626589032536
D,43,0.11877070948110102,1.0229727750564264
D,44,0.12153281900391733,1.0249514057106097
D,45,0.12429492852673363,1.031256595860075
D,46,0.12705703804954993,1.0305118501273842
D,47,0.12981914757236623,1.0347061016238621
D,48,0.13258125709518254,1.0326766570087136
D,49,0.13534336661799884,1.0047462727711798
D,60,0.16572657136897817,1.0412257769439481
D,72,0.1988718856427738,1.011347566872062
D,84,0.23201719991656944,1.0296887578116607
D,95,0.26240040466754877,1.0071147334604476
D,107,0.2955457189413444,1.0000859093768781
D,119,0.32869103321514004,1.0103342429714415
D,131,0.3618363474889357,1.0015838500925751
D,142,0.392219552239915,1.0162491718816078
D,154,0.42536486651371064,0.9970752576871034
D,166,0.45851018078750627,1.0103618785637591
D,178,0.4916554950613019,0.9828636687709817
D,189,0.5220386998122812,1.0023688435758613
D,201,0.5551840140860769,0.9822751350584848
D,213,0.5883293283598725,0.9607284605060888
D,225,0.6214746426336681,0.9878867901532642
D,236,0.6518578473846475,0.944239668947576
D,248,0.6850031616584431,0.9683169147427293
D,260,0.7181484759322387,0.9669560056062938
D,272,0.7512937902060344,0.9807948176454291
D,283,0.7816769949570137,0.9588776662073597
D,295,0.8148223092308093,0.9463899642889455
D,307,0.847967623504605,0.9681349332532898
D,319,0.8811129377784006,0.9549555468182218
D,330,0.9114961425293799,0.9403258686182303
D,342,0.9446414568031756,0.928920662182338
D,354,0.9777867710769712,0.9336264821915243
D,366,1.0109320853507668,0.9371660653252851
D,377,1.0413152901017462,0.9334077199899777
D,389,1.0744606043755418,0.9260126192385183
D,401,1.1076059186493374,0.9114529581011563
D,413,1.140751232923133,0.9052467746802826
D,424,1.1711344376741124,0.9186779761693495
D,436,1.204279751947908,0.9032890006906307
D,448,1.2374250662217037,0.9051533147058954
D,460,1.2705703804954993,0.9246208421266404
D,471,1.3009535852464786,0.9144640783895088
D,483,1.3340988995202743,0.9006895856254582
D,495,1.36724421379407,0.9106666094583327
D,507,1.4003895280678655,0.8970279817401652
D,518,1.4307727328188449,0.9046964565848548
D,530,1.4639180470926405,0.8983864202388876
D,542,1.4970633613664361,0.8553167837679307
D,554,1.5302086756402318,0.8452400258528243
D,565,1.560591880391211,0.8520470654506056
D,577,1.5937371946650067,0.8580582011137983
D,589,1.6268825089388024,0.8508906697066569
D,601,1.660027823212598,0.8339848770810301
D,612,1.6904110279635773,0.8335434316311385
D,624,1.723556342237373,0.8443763412020218
D,636,1.7567016565111686,0.8266013072454319
D,648,1.7898469707849642,0.8254234989694869
D,659,1.8202301755359436,0.8354678763636105
D,671,1.8533754898097392,0.8314607629220623
D,683,1.8865208040835348,0.8316331462865181
D,695,1.9196661183573305,0.8028281522772476
D,706,1.9500493231083098,0.8062986273992641
D,718,1.9831946373821054,0.7955118808186894
D,730,2.016339951655901,0.7644675335505706
D,742,2.0494852659296967,0.7746348428901397
D,753,2.079868470680676,0.7929959280970689
D,765,2.1130137849544717,0.7675677251127109
D,777,2.1461590992282673,0.7516405006222353
D,789,2.179304413502063,0.7552343786205356
D,800,2.2096876182530423,0.7553235935705285
D,812,2.242832932526838,0.7350093558297006
D,824,2.2759782468006335,0.7528613945187539
D,836,2.309123561074429,0.7604988968074515
D,847,2.3395067658254085,0.7328419377711546
D,859,2.372652080099204,0.7188381503961159
D,871,2.4057973943729998,0.7264585560756869
D,883,2.4389427086467954,0.7378865340609213
D,894,2.4693259133977747,0.7336417979475351
D,906,2.5024712276715704,0.6864173752388201
D,918,2.535616541945366,0.7087287139587213
D,930,2.5687618562191616,0.6942671114254555
D,941,2.599145060970141,0.6942200305298432
D,953,2.6322903752439366,0.6923856190657167
D,965,2.6654356895177322,0.7039110040689209
D,977,2.698581003791528,0.6802478070792413
D,988,2.728964208542507,0.6747249077419548
D,1000,2.762109522816303,0.6635996567431306
R,25,0.06905273807040757,0.9591484227425537
R,26,0.07181484759322387,0.9457718810230231
R,27,0.07457695711604018,0.9267140548028765
R,28,0.07733906663885648,0.9310064968032314
R,29,0.08010117616167278,0.9348735354246429
R,30,0.08286328568448909,0.951009519652799
R,31,0.08562539520730539,0.9102218288796919
R,32,0.08838750473012169,0.9238002998358423
R,33,0.091149614252938,0.9481946761036353
R,34,0.0939117237757543,0.9294506911956395
R,35,0.0966738332985706,0.948761496638344
R,36,0.0994359428213869,0.9369312854735359
R,37,0.1021980523442032,0.9354882505815798
R,38,0.10496016186701951,0.9170797480469206
R,39,0.10772227138983581,0.9282634290229597
R,40,0.11048438091265211,0.9153499493424295
R,41,0.11324649043546842,0.9492276086585845
R,42,0.11600859995828472,0.9206809066262496
R,43,0.11877070948110102,0.9143118568964042
R,44,0.12153281900391733,0.937957492685543
R,45,0.12429492852673363,0.946218882011661
R,46,0.12705703804954993,0.9169625101601167
R,47,0.12981914757236623,0.9405889495518309
R,48,0.13258125709518254,0.9428392374151651
R,49,0.13534336661799884,0.9346348931421966
R,60,0.16572657136897817,0.9371485383331919
R,72,0.1988718856427738,0.9317903775550604
R,84,0.23201719991656944,0.911255068648563
R,95,0.26240040466754877,0.9479558577813254
R,107,0.2955457189413444,0.9055192006545489
R,119,0.32869103321514004,0.906282851297
R,131,0.3618363474889357,0.9124812546224854
R,142,0.392219552239915,0.8903230693616431
R,154,0.42536486651371064,0.9028665416571187
R,166,0.45851018078750627,0.8933006248606503
R,178,0.4916554950613019,0.8898791396918835
R,189,0.5220386998122812,0.90051870781339
R,201,0.5551840140860769,0.8826550063006051
R,213,0.5883293283598725,0.8911706280239677
R,225,0.6214746426336681,0.879929716346477
R,236,0.6518578473846475,0.8747947867795638
R,248,0.6850031616584431,0.8522545721304269
R,260,0.7181484759322387,0.8843059412386252
R,272,0.7512937902060344,0.8884197008239347
R,283,0.7816769949570137,0.888210066078087
R,295,0.8148223092308093,0.8725185003585194
R,307,0.847967623504605,0.8650123881873313
R,319,0.8811129377784006,0.8801585258666211
R,330,0.9114961425293799,0.8700089940745928
R,342,0.9446414568031756,0.8772187091611414
R,354,0.9777867710769712,0.874335156433431
R,366,1.0109320853507668,0.8375898445696013
R,377,1.0413152901017462,0.8352473626248269
R,389,1.0744606043755418,0.8426259325300913
R,401,1.1076059186493374,0.8364524264385693
R,413,1.140751232923133,0.8285225171499757
R,424,1.1711344376741124,0.8270354148971206
R,436,1.204279751947908,0.8426844517584211
R,448,1.2374250662217037,0.8096082728713814
R,460,1.2705703804954993,0.8047692340715011
R,471,1.3009535852464786,0.8293219941969294
R,483,1.3340988995202743,0.8137344914449187
R,495,1.36724421379407,0.8101435174628264
R,507,1.4003895280678655,0.8120139678356146
R,518,1.4307727328188449,0.7823222940734205
R,530,1.4639180470926405,0.7784816117552591
R,542,1.4970633613664361,0.7810307271232002
R,554,1.5302086756402318,0.7641114296698994
R,565,1.560591880391211,0.7900519419577039
R,577,1.5937371946650067,0.7488806005806774
R,589,1.6268825089388024,0.7612544695882377
R,601,1.660027823212598,0.7735074795824959
R,612,1.6904110279635773,0.7456269848624189
R,624,1.723556342237373,0.7448330182236109
R,636,1.7567016565111686,0.7433509009863863
R,648,1.7898469707849642,0.7402476050143569
R,659,1.8202301755359436,0.7217061267832108
R,671,1.8533754898097392,0.7289387851732441
R,683,1.8865208040835348,0.7359046178507116
R,695,1.9196661183573305,0.7247168529542778
R,706,1.9500493231083098,0.7086064379004888
R,718,1.9831946373821054,0.7022034736168532
R,730,2.016339951655901,0.693498247209491
R,742,2.0494852659296967,0.6960130283479993
R,753,2.079868470680676,0.6896712256270083
R,765,2.1130137849544717,0.6665606653122875
R,777,2.1461590992282673,0.6790552344345855
R,789,2.179304413502063,0.6709033251349306
R,800,2.2096876182530423,0.6896466657703133
R,812,2.242832932526838,0.6455030126038066
R,824,2.2759782468006335,0.6860541168495109
R,836,2.309123561074429,0.6531501147242267
R,847,2.3395067658254085,0.6502820289820388
R,859,2.372652080099204,0.66249903470358
R,871,2.4057973943729998,0.6387644763927849
R,883,2.4389427086467954,0.6482774919908723
R,894,2.4693259133977747,0.6189781096076494
R,906,2.5024712276715704,0.6392124056275126
R,918,2.535616541945366,0.6309652270126955
R,930,2.5687618562191616,0.6051520552379763
R,941,2.599145060970141,0.6213466336413696
R,953,2.6322903752439366,0.6178508630713511
R,965,2.6654356895177322,0.6188689862284216
R,977,2.698581003791528,0.5882045102940889
R,988,2.728964208542507,0.5873766196573067
R,1000,2.762109522816303,0.5749917807543126
S,25,0.06905273807040757,0.8283832790779826
S,37,0.1021980523442032,0.8340929142069378
S,48,0.13258125709518254,0.8222452753106371
S,49,0.13534336661799884,0.8099661744704916
S,50,0.13810547614081514,0.8230345238683103
S,51,0.14086758566363144,0.8062257934179291
S,52,0.14362969518644775,0.812253831209655
S,53,0.14639180470926405,0.8300441480797511
S,54,0.14915391423208035,0.8364478051105433
S,55,0.15191602375489666,0.8305064034164129
S,56,0.15467813327771296,0.8312035489603629
S,57,0.15744024280052926,0.8234146867775172
S,58,0.16020235232334556,0.8252783852972829
S,59,0.16296446184616187,0.8169819078248413
S,60,0.16572657136897817,0.8199233357688316
S,61,0.16848868089179447,0.8434606228283137
S,62,0.17125079041461078,0.8433469311263595
S,63,0.17401289993742708,0.8170059591736338
S,64,0.17677500946024338,0.8241338230766662
S,65,0.17953711898305968,0.8156395699257297
S,66,0.182299228505876,0.8241409814668259
S,67,0.1850613380286923,0.8048649293438812
S,68,0.1878234475515086,0.8088793377807448
S,69,0.1905855570743249,0.8411538104553582
S,70,0.1933476665971412,0.855546992406663
S,71,0.1961097761199575,0.8183514619783683
S,72,0.1988718856427738,0.8217417918344987
S,84,0.23201719991656944,0.8381410670023888
S,95,0.26240040466754877,0.7934643734236948
S,107,0.2955457189413444,0.8225106301685514
S,119,0.32869103321514004,0.7990453478310737
S,131,0.3618363474889357,0.7835472036102251
S,142,0.392219552239915,0.8161121833227742
S,154,0.42536486651371064,0.7762592798620345
S,166,0.45851018078750627,0.8261610097149275
S,178,0.4916554950613019,0.796388271977122
S,189,0.5220386998122812,0.7935020411848503
S,201,0.5551840140860769,0.797957969172316
S,213,0.5883293283598725,0.7925578133084707
S,225,0.6214746426336681,0.7671075453785949
S,236,0.6518578473846475,0.790988299776501
S,248,0.6850031616584431,0.7821545649702779
S,260,0.7181484759322387,0.7591216588130996
S,272,0.7512937902060344,0.7655962353961572
S,283,0.7816769949570137,0.7775181419506989
S,295,0.8148223092308093,0.7545474611847602
S,307,0.847967623504605,0.759488515828334
S,319,0.8811129377784006,0.7828975660446869
S,330,0.9114961425293799,0.7580614641650811
S,342,0.9446414568031756,0.7695211183103412
S,354,0.9777867710769712,0.7825615410058848
S,366,1.0109320853507668,0.7494396162844739
S,377,1.0413152901017462,0.7562126701668843
S,389,1.0744606043755418,0.7471770708268437
S,401,1.1076059186493374,0.739873323859622
S,413,1.140751232923133,0.7324058147317674
S,424,1.1711344376741124,0.7225722365123417
S,436,1.204279751947908,0.74117985006023
S,448,1.2374250662217037,0.7292315693520139
S,460,1.2705703804954993,0.7467991432410654
S,471,1.3009535852464786,0.7298945174547669
S,483,1.3340988995202743,0.6928729085816272
S,495,1.36724421379407,0.7423975536777743
S,507,1.4003895280678655,0.7080013765578492
S,518,1.4307727328188449,0.7045948000715674
S,530,1.4639180470926405,0.709524475988399
S,542,1.4970633613664361,0.6978097074590464
S,554,1.5302086756402318,0.6943310980950459
S,565,1.560591880391211,0.6974970117516639
S,577,1.5937371946650067,0.6816270780251887
S,589,1.6268825089388024,0.6857682837008259
S,601,1.660027823212598,0.6736743901760684
S,612,1.6904110279635773,0.665551728861348
S,624,1.723556342237373,0.6550243755352874
S,636,1.7567016565111686,0.6285881426336593
S,648,1.7898469707849642,0.6402146295550946
S,659,1.8202301755359436,0.6272573508837311
S,671,1.8533754898097392,0.6166900000310491
S,683,1.8865208040835348,0.6284239140368211
S,695,1.9196661183573305,0.6223949367485169
S,706,1.9500493231083098,0.6205602290224022
S,718,1.9831946373821054,0.6087706408453624
S,730,2.016339951655901,0.6226619488065843
S,742,2.0494852659296967,0.5904518855106256
S,753,2.079868470680676,0.6056778005704979
S,765,2.1130137849544717,0.5783118021411466
S,777,2.1461590992282673,0.5810704670279279
S,789,2.179304413502063,0.5683918330609776
S,800,2.2096876182530423,0.5951043106262173
S,812,2.242832932526838,0.5906114565699365
S,824,2.2759782468006335,0.5891651624465606
S,836,2.309123561074429,0.5802767734944725
S,847,2.3395067658254085,0.5844907433399786
S,859,2.372652080099204,0.5503270200164243
S,871,2.4057973943729998,0.565080294528947
S,883,2.4389427086467954,0.5551397227124335
S,894,2.4693259133977747,0.5567126817249006
S,906,2.5024712276715704,0.5600481021453341
S,918,2.535616541945366,0.5370839275866492
S,930,2.5687618562191616,0.536067863796708
S,941,2.599145060970141,0.5324659001002798
S,953,2.6322903752439366,0.5091042959674743
S,965,2.6654356895177322,0.5230245239903146
S,977,2.698581003791528,0.5082153112660359
S,988,2.728964208542507,0.5195614013544381
S,1000,2.762109522816303,0.4966419220016185
T,25,0.06905273807040757,0.8474092003379461
T,36,0.0994359428213869,0.8345475947310907
T,37,0.1021980523442032,0.8317154894383121
T,38,0.10496016186701951,0.8187338118352612
T,39,0.10772227138983581,0.812594489572585
T,40,0.11048438091265211,0.8391331457821343
T,41,0.11324649043546842,0.8374953489034196
T,42,0.11600859995828472,0.8318202738862279
T,43,0.11877070948110102,0.8410479951548799
T,44,0.12153281900391733,0.8186630902015883
T,45,0.12429492852673363,0.8127025577610905
T,46,0.12705703804954993,0.8336645502922728
T,47,0.12981914757236623,0.7881519258596148
T,48,0.13258125709518254,0.8127481808058787
T,49,0.13534336661799884,0.8256872000628865
T,50,0.13810547614081514,0.8223675250522771
T,51,0.14086758566363144,0.8230394466212747
T,52,0.14362969518644775,0.8333342582503453
T,53,0.14639180470926405,0.8285086672358002
T,54,0.14915391423208035,0.8327033458174204
T,55,0.15191602375489666,0.8318407150957681
T,56,0.15467813327771296,0.8277309540831546
T,57,0.15744024280052926,0.8323286985412777
T,58,0.16020235232334556,0.8484592718235557
T,59,0.16296446184616187,0.8278133823251563
T,60,0.16572657136897817,0.8196675669374045
T,72,0.1988718856427738,0.8185768361335084
T,84,0.23201719991656944,0.8208233321284091
T,95,0.26240040466754877,0.8218945052672932
T,107,0.2955457189413444,0.7959175003682608
T,119,0.32869103321514004,0.7945826758797239
T,131,0.3618363474889357,0.8028348936730128
T,142,0.392219552239915,0.7910494970561697
T,154,0.42536486651371064,0.8090755737301905
T,166,0.45851018078750627,0.8006425434425921
T,178,0.4916554950613019,0.7829193876698914
T,189,0.5220386998122812,0.7780509032025718
T,201,0.5551840140860769,0.7702318157514059
T,213,0.5883293283598725,0.7816040419262951
T,225,0.6214746426336681,0.7627295370508893
T,236,0.6518578473846475,0.7583715515493834
T,248,0.6850031616584431,0.762293879239059
T,260,0.7181484759322387,0.7556611032063545
T,272,0.7512937902060344,0.7447446248805987
T,283,0.7816769949570137,0.7518719300221628
T,295,0.8148223092308093,0.7547571673904674
T,307,0.847967623504605,0.7574618727451758
T,319,0.8811129377784006,0.7631985368780407
T,330,0.9114961425293799,0.7627364467450111
T,342,0.9446414568031756,0.7454986875262888
T,354,0.9777867710769712,0.7548403030302744
T,366,1.0109320853507668,0.7366117698798593
T,377,1.0413152901017462,0.7303268831398082
T,389,1.0744606043755418,0.7203834137230176
T,401,1.1076059186493374,0.7297352141612814
T,413,1.140751232923133,0.709187061301547
T,424,1.1711344376741124,0.7275031449454801
T,436,1.204279751947908,0.7188622239768367
T,448,1.2374250662217037,0.7278021849970342
T,460,1.2705703804954993,0.7094874077650344
T,471,1.3009535852464786,0.6982334230275677
T,483,1.3340988995202743,0.7188406339462574
T,495,1.36724421379407,0.7045579685942993
T,507,1.4003895280678655,0.6698433142315645
T,518,1.4307727328188449,0.7036018832483331
T,530,1.4639180470926405,0.692471310590733
T,542,1.4970633613664361,0.6739949064429371
T,554,1.5302086756402318,0.6729278498518969
T,565,1.560591880391211,0.6582680461548724
T,577,1.5937371946650067,0.6580604054126757
T,589,1.6268825089388024,0.6617634672644339
T,601,1.660027823212598,0.6610111576110516
T,612,1.6904110279635773,0.6519810524359926
T,624,1.723556342237373,0.6252412948158677
T,636,1.7567016565111686,0.6493351940750767
T,648,1.7898469707849642,0.63781279337028
T,659,1.8202301755359436,0.6352127233206684
T,671,1.8533754898097392,0.613325168401337
T,683,1.8865208040835348,0.6165170236610678
T,695,1.9196661183573305,0.5987643441846906
T,706,1.9500493231083098,0.609706198399663
T,718,1.9831946373821054,0.6157211397027416
T,730,2.016339951655901,0.6035520732932964
T,742,2.0494852659296967,0.6066386898213425
T,753,2.079868470680676,0.585194851780531
T,765,2.1130137849544717,0.5816536844255733
T,777,2.1461590992282673,0.5943291348065216
T,789,2.179304413502063,0.5890833884461548
T,800,2.2096876182530423,0.5765372133676223
T,812,2.242832932526838,0.5625376418070713
T,824,2.2759782468006335,0.5820589507111151
T,836,2.309123561074429,0.5554760007670012
T,847,2.3395067658254085,0.557115924096089
T,859,2.372652080099204,0.536111297228473
T,871,2.4057973943729998,0.5555525921484268
T,883,2.4389427086467954,0.5532417116722241
T,894,2.4693259133977747,0.5514509353618262
T,906,2.5024712276715704,0.5439778041738093
T,918,2.535616541945366,0.5319667787548079
T,930,2.5687618562191616,0.537515871953743
T,941,2.599145060970141,0.5226221635069948
T,953,2.6322903752439366,0.5120799015756274
T,965,2.6654356895177322,0.4916141428270535
T,977,2.698581003791528,0.5135873394311519
T,988,2.728964208542507,0.5102781156584273
T,1000,2.762109522816303,0.49500826786756313
U,25,0.06905273807040757,0.9988806854130381
U,36,0.0994359428213869,0.9974382156352641
U,37,0.1021980523442032,1.0072840527345326
U,38,0.10496016186701951,1.0009697609637103
U,39,0.10772227138983581,1.001671252801633
U,40,0.11048438091265211,0.9998028095715172
U,41,0.11324649043546842,0.9667125309509474
U,42,0.11600859995828472,0.9910034005968997
U,43,0.11877070948110102,0.9872419700021062
U,44,0.12153281900391733,0.9918093164899808
U,45,0.12429492852673363,1.0092575592005675
U,46,0.12705703804954993,0.9693048583436914
U,47,0.12981914757236623,1.0020877266416646
U,48,0.13258125709518254,0.9958162969617383
U,49,0.13534336661799884,0.9919596794705257
U,50,0.13810547614081514,0.9871692722031291
U,51,0.14086758566363144,0.9784391391857081
U,52,0.14362969518644775,0.9713062509955135
U,53,0.14639180470926405,0.980560811874188
U,54,0.14915391423208035,0.9767853450103612
U,55,0.15191602375489666,0.9751370912214945
U,56,0.15467813327771296,0.9843758227495298
U,57,0.15744024280052926,1.0126890162572213
U,58,0.16020235232334556,0.982983648719487
U,59,0.16296446184616187,0.9788009664452719
U,60,0.16572657136897817,0.9980221568708814
U,72,0.1988718856427738,1.0002357817872785
U,84,0.23201719991656944,1.00856308205074
U,95,0.26240040466754877,0.979122452735389
U,107,0.2955457189413444,0.9680135277329018
U,119,0.32869103321514004,0.9481236486041658
U,131,0.3618363474889357,0.9769638630213588
U,142,0.392219552239915,0.9504167843482305
U,154,0.42536486651371064,0.9565538390946235
U,166,0.45851018078750627,0.9635682960291758
U,178,0.4916554950613019,0.921343690089981
U,189,0.5220386998122812,0.9458811858861509
U,201,0.5551840140860769,0.9440381855278082
U,213,0.5883293283598725,0.946777261504077
U,225,0.6214746426336681,0.9355720407625681
U,236,0.6518578473846475,0.939742563679733
U,248,0.6850031616584431,0.9086889400217215
U,260,0.7181484759322387,0.9332775137087985
U,272,0.7512937902060344,0.9147811030693891
U,283,0.7816769949570137,0.911945951002215
U,295,0.8148223092308093,0.9248190201143247
U,307,0.847967623504605,0.9304359195372216
U,319,0.8811129377784006,0.9416044406463087
U,330,0.9114961425293799,0.9161337902398836
U,342,0.9446414568031756,0.916255135789994
U,354,0.9777867710769712,0.9077755820011078
U,366,1.0109320853507668,0.9229479320309242
U,377,1.0413152901017462,0.8936829204538359
U,389,1.0744606043755418,0.8729798235331803
U,401,1.1076059186493374,0.8886098591866327
U,413,1.140751232923133,0.8794734945021485
U,424,1.1711344376741124,0.9037881136294441
U,436,1.204279751947908,0.8758467549755187
U,448,1.2374250662217037,0.8642489644937097
U,460,1.2705703804954993,0.8701471971675838
U,471,1.3009535852464786,0.8809313498024789
U,483,1.3340988995202743,0.8461478254367627
U,495,1.36724421379407,0.8731889027053716
U,507,1.4003895280678655,0.8410139944697539
U,518,1.4307727328188449,0.8421140887659098
U,530,1.4639180470926405,0.8536081979371248
U,542,1.4970633613664361,0.8501887353347968
U,554,1.5302086756402318,0.8356617751558764
U,565,1.560591880391211,0.8404073723003425
U,577,1.5937371946650067,0.8190721240596384
U,589,1.6268825089388024,0.8186287854765721
U,601,1.660027823212598,0.8191495985290267
U,612,1.6904110279635773,0.8045117993184947
U,624,1.723556342237373,0.7951122653286529
U,636,1.7567016565111686,0.7851389555627168
U,648,1.7898469707849642,0.7903411824609048
U,659,1.8202301755359436,0.7807267420416188
U,671,1.8533754898097392,0.7799730028163578
U,683,1.8865208040835348,0.7855343474406924
U,695,1.9196661183573305,0.7685878357896101
U,706,1.9500493231083098,0.7707993084486997
U,718,1.9831946373821054,0.7508316328959355
U,730,2.016339951655901,0.7596426901309812
U,742,2.0494852659296967,0.7472276488751604
U,753,2.079868470680676,0.7436588210854671
U,765,2.1130137849544717,0.7396428268048192
U,777,2.1461590992282673,0.7189794284273088
U,789,2.179304413502063,0.721708296710224
U,800,2.2096876182530423,0.7194695574918937
U,812,2.242832932526838,0.721744523005766
U,824,2.2759782468006335,0.7193535253884837
U,836,2.309123561074429,0.7315945396001764
U,847,2.3395067658254085,0.7010366494629965
U,859,2.372652080099204,0.7029137239243104
U,871,2.4057973943729998,0.6845001433170443
U,883,2.4389427086467954,0.6978798335629248
U,894,2.4693259133977747,0.7027913991001808
U,906,2.5024712276715704,0.6935829571284371
U,918,2.535616541945366,0.6737196722819414
U,930,2.5687618562191616,0.6754722428187367
U,941,2.599145060970141,0.6902359649540593
U,953,2.6322903752439366,0.6730198969434493
U,965,2.6654356895177322,0.6700139413563564
U,977,2.698581003791528,0.6687026639006426
U,988,2.728964208542507,0.6428735266748546
U,1000,2.762109522816303,0.6540363728313912
V,25,0.06905273807040757,1.0964660412737839
V,36,0.0994359428213869,1.0651885663784952
V,37,0.1021980523442032,1.0754346986409047
V,38,0.10496016186701951,1.0739066466326932
V,39,0.10772227138983581,1.0755143366387392
V,40,0.11048438091265211,1.0586520374417505
V,41,0.11324649043546842,1.0658810686577675
V,42,0.11600859995828472,1.0974877952942208
V,43,0.11877070948110102,1.0804379301867053
V,44,0.12153281900391733,1.0676155308662212
V,45,0.12429492852673363,1.0574013080577647
V,46,0.12705703804954993,1.07362578454115
V,47,0.12981914757236623,1.0636026617803962
V,48,0.13258125709518254,1.0610830579705723
V,49,0.13534336661799884,1.0726755826277588
V,50,0.13810547614081514,1.0599230111295945
V,51,0.14086758566363144,1.051494427147528
V,52,0.14362969518644775,1.0663023430239047
V,53,0.14639180470926405,1.0736648263159596
V,54,0.14915391423208035,1.0550570831057255
V,55,0.15191602375489666,1.0653954952364568
V,56,0.15467813327771296,1.0670062200715575
V,57,0.15744024280052926,1.0384070458362578
V,58,0.16020235232334556,1.063105176237304
V,59,0.16296446184616187,1.0581706602515144
V,60,0.16572657136897817,1.0707540984018866
V,72,0.1988718856427738,1.0608511696498208
V,84,0.23201719991656944,1.0673065396844255
V,95,0.26240040466754877,1.0748221551583974
V,107,0.2955457189413444,1.025896992854288
V,119,0.32869103321514004,1.0534693015381915
V,131,0.3618363474889357,1.0242112553725793
V,142,0.392219552239915,1.0346054612891917
V,154,0.42536486651371064,1.034830891711258
V,166,0.45851018078750627,1.020739643411936
V,178,0.4916554950613019,1.0279150128594
V,189,0.5220386998122812,1.0362402075135275
V,201,0.5551840140860769,1.0078782823409567
V,213,0.5883293283598725,1.018509941541442
V,225,0.6214746426336681,1.0067067722967984
V,236,0.6518578473846475,1.0203863316878756
V,248,0.6850031616584431,1.0238030428338716
V,260,0.7181484759322387,1.0174835358742698
V,272,0.7512937902060344,1.0037845121778322
V,283,0.7816769949570137,1.0001040144060056
V,295,0.8148223092308093,0.991768559946852
V,307,0.847967623504605,1.0030678495627114
V,319,0.8811129377784006,1.0091789659496548
V,330,0.9114961425293799,0.9784973645166737
V,342,0.9446414568031756,0.9864136927110669
V,354,0.9777867710769712,0.9861639874571875
V,366,1.0109320853507668,0.9960178274474645
V,377,1.0413152901017462,0.9509625779338711
V,389,1.0744606043755418,0.9462946666740111
V,401,1.1076059186493374,0.9638162751507773
V,413,1.140751232923133,0.9406458163404778
V,424,1.1711344376741124,0.963384725799199
V,436,1.204279751947908,0.9582877219039929
V,448,1.2374250662217037,0.9361403240569866
V,460,1.2705703804954993,0.9399268019266884
V,471,1.3009535852464786,0.945411886017272
V,483,1.3340988995202743,0.9597481181754786
V,495,1.36724421379407,0.917887467303407
V,507,1.4003895280678655,0.9120160294740112
V,518,1.4307727328188449,0.9396207100890583
V,530,1.4639180470926405,0.9242782279654653
V,542,1.4970633613664361,0.9218513473124279
V,554,1.5302086756402318,0.9099440191508101
V,565,1.560591880391211,0.9012276475758378
V,577,1.5937371946650067,0.9092304197431798
V,589,1.6268825089388024,0.897875859832804
V,601,1.660027823212598,0.8742650063241069
V,612,1.6904110279635773,0.8687964830059602
V,624,1.723556342237373,0.877657039893025
V,636,1.7567016565111686,0.8539074417574515
V,648,1.7898469707849642,0.853793323020807
V,659,1.8202301755359436,0.8441143283672963
V,671,1.8533754898097392,0.8414619506213725
V,683,1.8865208040835348,0.8225387321567013
V,695,1.9196661183573305,0.8237005723061168
V,706,1.9500493231083098,0.8295894160561668
V,718,1.9831946373821054,0.8285528679229603
V,730,2.016339951655901,0.8382426501678335
V,742,2.0494852659296967,0.8276639567117234
V,753,2.079868470680676,0.8208747145839457
V,765,2.1130137849544717,0.8075978843654434
V,777,2.1461590992282673,0.815646375129699
V,789,2.179304413502063,0.7989289559431612
V,800,2.2096876182530423,0.7790131816152801
V,812,2.242832932526838,0.7923597306152352
V,824,2.2759782468006335,0.7750324847612253
V,836,2.309123561074429,0.779047784725992
V,847,2.3395067658254085,0.7841445032294976
V,859,2.372652080099204,0.800653647270078
V,871,2.4057973943729998,0.7455906162955204
V,883,2.4389427086467954,0.752126398211467
V,894,2.4693259133977747,0.7679780868790056
V,906,2.5024712276715704,0.7580167301899454
V,918,2.535616541945366,0.7452688234547189
V,930,2.5687618562191616,0.7600413502199519
V,941,2.599145060970141,0.7438154819945053
V,953,2.6322903752439366,0.75604908824194
V,965,2.6654356895177322,0.7426533650972083
V,977,2.698581003791528,0.7258037362165695
V,988,2.728964208542507,0.731618795994402
V,1000,2.762109522816303,0.7125040357417367
