file,path,dataset_id,dataset_name,sample_id,observable,source_column,energy_column,ordered_coordinate,coordinate_step,embedding_dimension,embedding_tau_samples,n_uniform_points,raw_center_for_scaling,raw_scale_for_scaling,source_file
2dembedded_A__transmission.npy,2dembedding_data/2dembedded_A__transmission.npy,N003,ISIS RB2000164 barite-enriched concrete,A,transmission,transmission,energy_eV,log(E/E_min),0.0023016811976257746,2,1,6000,0.6277421178759783,0.05685055692885537,data/processed/RB2000164/rb2000164_physics_ready_strict.csv.gz
3dembedded_A__transmission.npy,3dembedding_data/3dembedded_A__transmission.npy,N003,ISIS RB2000164 barite-enriched concrete,A,transmission,transmission,energy_eV,log(E/E_min),0.0023016811976257746,3,1,6000,0.6277421178759783,0.05685055692885537,data/processed/RB2000164/rb2000164_physics_ready_strict.csv.gz
4dembedded_A__transmission.npy,embeddings_4to10/4dembedded_A__transmission.npy,N003,ISIS RB2000164 barite-enriched concrete,A,transmission,transmission,energy_eV,log(E/E_min),0.0023016811976257746,4,1,6000,0.6277421178759783,0.05685055692885537,data/processed/RB2000164/rb2000164_physics_ready_strict.csv.gz
5dembedded_A__transmission.npy,embeddings_4to10/5dembedded_A__transmission.npy,N003,ISIS RB2000164 barite-enriched concrete,A,transmission,transmission,energy_eV,log(E/E_min),0.0023016811976257746,5,1,6000,0.6277421178759783,0.05685055692885537,data/processed/RB2000164/rb2000164_physics_ready_strict.csv.gz
6dembedded_A__transmission.npy,embeddings_4to10/6dembedded_A__transmission.npy,N003,ISIS RB2000164 barite-enriched concrete,A,transmission,transmission,energy_eV,log(E/E_min),0.0023016811976257746,6,1,6000,0.6277421178759783,0.05685055692885537,data/processed/RB2000164/rb2000164_physics_ready_strict.csv.gz
7dembedded_A__transmission.npy,embeddings_4to10/7dembedded_A__transmission.npy,N003,ISIS RB2000164 barite-enriched concrete,A,transmission,transmission,energy_eV,log(E/E_min),0.0023016811976257746,7,1,6000,0.6277421178759783,0.05685055692885537,data/processed/RB2000164/rb2000164_physics_ready_strict.csv.gz
8dembedded_A__transmission.npy,embeddings_4to10/8dembedded_A__transmission.npy,N003,ISIS RB2000164 barite-enriched concrete,A,transmission,transmission,energy_eV,log(E/E_min),0.0023016811976257746,8,1,6000,0.6277421178759783,0.05685055692885537,data/processed/RB2000164/rb2000164_physics_ready_strict.csv.gz
9dembedded_A__transmission.npy,embeddings_4to10/9dembedded_A__transmission.npy,N003,ISIS RB2000164 barite-enriched concrete,A,transmission,transmission,energy_eV,log(E/E_min),0.0023016811976257746,9,1,6000,0.6277421178759783,0.05685055692885537,data/processed/RB2000164/rb2000164_physics_ready_strict.csv.gz
10dembedded_A__transmission.npy,embeddings_4to10/10dembedded_A__transmission.npy,N003,ISIS RB2000164 barite-enriched concrete,A,transmission,transmission,energy_eV,log(E/E_min),0.0023016811976257746,10,1,6000,0.6277421178759783,0.05685055692885537,data/processed/RB2000164/rb2000164_physics_ready_strict.csv.gz
2dembedded_A__macroscopic_removal_cross_section.npy,2dembedding_data/2dembedded_A__macroscopic_removal_cross_section.npy,N003,ISIS RB2000164 barite-enriched concrete,A,macroscopic_removal_cross_section,Sigma_R_cm_inv,energy_eV,log(E/E_min),0.0023016811976257746,2,1,6000,0.44386034055659296,0.08464130132772826,data/processed/RB2000164/rb2000164_physics_ready_strict.csv.gz
3dembedded_A__macroscopic_removal_cross_section.npy,3dembedding_data/3dembedded_A__macroscopic_removal_cross_section.npy,N003,ISIS RB2000164 barite-enriched concrete,A,macroscopic_removal_cross_section,Sigma_R_cm_inv,energy_eV,log(E/E_min),0.0023016811976257746,3,1,6000,0.44386034055659296,0.08464130132772826,data/processed/RB2000164/rb2000164_physics_ready_strict.csv.gz
4dembedded_A__macroscopic_removal_cross_section.npy,embeddings_4to10/4dembedded_A__macroscopic_removal_cross_section.npy,N003,ISIS RB2000164 barite-enriched concrete,A,macroscopic_removal_cross_section,Sigma_R_cm_inv,energy_eV,log(E/E_min),0.0023016811976257746,4,1,6000,0.44386034055659296,0.08464130132772826,data/processed/RB2000164/rb2000164_physics_ready_strict.csv.gz
5dembedded_A__macroscopic_removal_cross_section.npy,embeddings_4to10/5dembedded_A__macroscopic_removal_cross_section.npy,N003,ISIS RB2000164 barite-enriched concrete,A,macroscopic_removal_cross_section,Sigma_R_cm_inv,energy_eV,log(E/E_min),0.0023016811976257746,5,1,6000,0.44386034055659296,0.08464130132772826,data/processed/RB2000164/rb2000164_physics_ready_strict.csv.gz
6dembedded_A__macroscopic_removal_cross_section.npy,embeddings_4to10/6dembedded_A__macroscopic_removal_cross_section.npy,N003,ISIS RB2000164 barite-enriched concrete,A,macroscopic_removal_cross_section,Sigma_R_cm_inv,energy_eV,log(E/E_min),0.0023016811976257746,6,1,6000,0.44386034055659296,0.08464130132772826,data/processed/RB2000164/rb2000164_physics_ready_strict.csv.gz
7dembedded_A__macroscopic_removal_cross_section.npy,embeddings_4to10/7dembedded_A__macroscopic_removal_cross_section.npy,N003,ISIS RB2000164 barite-enriched concrete,A,macroscopic_removal_cross_section,Sigma_R_cm_inv,energy_eV,log(E/E_min),0.0023016811976257746,7,1,6000,0.44386034055659296,0.08464130132772826,data/processed/RB2000164/rb2000164_physics_ready_strict.csv.gz
8dembedded_A__macroscopic_removal_cross_section.npy,embeddings_4to10/8dembedded_A__macroscopic_removal_cross_section.npy,N003,ISIS RB2000164 barite-enriched concrete,A,macroscopic_removal_cross_section,Sigma_R_cm_inv,energy_eV,log(E/E_min),0.0023016811976257746,8,1,6000,0.44386034055659296,0.08464130132772826,data/processed/RB2000164/rb2000164_physics_ready_strict.csv.gz
9dembedded_A__macroscopic_removal_cross_section.npy,embeddings_4to10/9dembedded_A__macroscopic_removal_cross_section.npy,N003,ISIS RB2000164 barite-enriched concrete,A,macroscopic_removal_cross_section,Sigma_R_cm_inv,energy_eV,log(E/E_min),0.0023016811976257746,9,1,6000,0.44386034055659296,0.08464130132772826,data/processed/RB2000164/rb2000164_physics_ready_strict.csv.gz
10dembedded_A__macroscopic_removal_cross_section.npy,embeddings_4to10/10dembedded_A__macroscopic_removal_cross_section.npy,N003,ISIS RB2000164 barite-enriched concrete,A,macroscopic_removal_cross_section,Sigma_R_cm_inv,energy_eV,log(E/E_min),0.0023016811976257746,10,1,6000,0.44386034055659296,0.08464130132772826,data/processed/RB2000164/rb2000164_physics_ready_strict.csv.gz
2dembedded_B__transmission.npy,2dembedding_data/2dembedded_B__transmission.npy,N003,ISIS RB2000164 barite-enriched concrete,B,transmission,transmission,energy_eV,log(E/E_min),0.0023016811976257746,2,1,6000,0.723503189887625,0.05518312319930991,data/processed/RB2000164/rb2000164_physics_ready_strict.csv.gz
3dembedded_B__transmission.npy,3dembedding_data/3dembedded_B__transmission.npy,N003,ISIS RB2000164 barite-enriched concrete,B,transmission,transmission,energy_eV,log(E/E_min),0.0023016811976257746,3,1,6000,0.723503189887625,0.05518312319930991,data/processed/RB2000164/rb2000164_physics_ready_strict.csv.gz
4dembedded_B__transmission.npy,embeddings_4to10/4dembedded_B__transmission.npy,N003,ISIS RB2000164 barite-enriched concrete,B,transmission,transmission,energy_eV,log(E/E_min),0.0023016811976257746,4,1,6000,0.723503189887625,0.05518312319930991,data/processed/RB2000164/rb2000164_physics_ready_strict.csv.gz
5dembedded_B__transmission.npy,embeddings_4to10/5dembedded_B__transmission.npy,N003,ISIS RB2000164 barite-enriched concrete,B,transmission,transmission,energy_eV,log(E/E_min),0.0023016811976257746,5,1,6000,0.723503189887625,0.05518312319930991,data/processed/RB2000164/rb2000164_physics_ready_strict.csv.gz
6dembedded_B__transmission.npy,embeddings_4to10/6dembedded_B__transmission.npy,N003,ISIS RB2000164 barite-enriched concrete,B,transmission,transmission,energy_eV,log(E/E_min),0.0023016811976257746,6,1,6000,0.723503189887625,0.05518312319930991,data/processed/RB2000164/rb2000164_physics_ready_strict.csv.gz
7dembedded_B__transmission.npy,embeddings_4to10/7dembedded_B__transmission.npy,N003,ISIS RB2000164 barite-enriched concrete,B,transmission,transmission,energy_eV,log(E/E_min),0.0023016811976257746,7,1,6000,0.723503189887625,0.05518312319930991,data/processed/RB2000164/rb2000164_physics_ready_strict.csv.gz
8dembedded_B__transmission.npy,embeddings_4to10/8dembedded_B__transmission.npy,N003,ISIS RB2000164 barite-enriched concrete,B,transmission,transmission,energy_eV,log(E/E_min),0.0023016811976257746,8,1,6000,0.723503189887625,0.05518312319930991,data/processed/RB2000164/rb2000164_physics_ready_strict.csv.gz
9dembedded_B__transmission.npy,embeddings_4to10/9dembedded_B__transmission.npy,N003,ISIS RB2000164 barite-enriched concrete,B,transmission,transmission,energy_eV,log(E/E_min),0.0023016811976257746,9,1,6000,0.723503189887625,0.05518312319930991,data/processed/RB2000164/rb2000164_physics_ready_strict.csv.gz
10dembedded_B__transmission.npy,embeddings_4to10/10dembedded_B__transmission.npy,N003,ISIS RB2000164 barite-enriched concrete,B,transmission,transmission,energy_eV,log(E/E_min),0.0023016811976257746,10,1,6000,0.723503189887625,0.05518312319930991,data/processed/RB2000164/rb2000164_physics_ready_strict.csv.gz
2dembedded_B__macroscopic_removal_cross_section.npy,2dembedding_data/2dembedded_B__macroscopic_removal_cross_section.npy,N003,ISIS RB2000164 barite-enriched concrete,B,macroscopic_removal_cross_section,Sigma_R_cm_inv,energy_eV,log(E/E_min),0.0023016811976257746,2,1,6000,0.26980660648931387,0.06271142256350457,data/processed/RB2000164/rb2000164_physics_ready_strict.csv.gz
3dembedded_B__macroscopic_removal_cross_section.npy,3dembedding_data/3dembedded_B__macroscopic_removal_cross_section.npy,N003,ISIS RB2000164 barite-enriched concrete,B,macroscopic_removal_cross_section,Sigma_R_cm_inv,energy_eV,log(E/E_min),0.0023016811976257746,3,1,6000,0.26980660648931387,0.06271142256350457,data/processed/RB2000164/rb2000164_physics_ready_strict.csv.gz
4dembedded_B__macroscopic_removal_cross_section.npy,embeddings_4to10/4dembedded_B__macroscopic_removal_cross_section.npy,N003,ISIS RB2000164 barite-enriched concrete,B,macroscopic_removal_cross_section,Sigma_R_cm_inv,energy_eV,log(E/E_min),0.0023016811976257746,4,1,6000,0.26980660648931387,0.06271142256350457,data/processed/RB2000164/rb2000164_physics_ready_strict.csv.gz
5dembedded_B__macroscopic_removal_cross_section.npy,embeddings_4to10/5dembedded_B__macroscopic_removal_cross_section.npy,N003,ISIS RB2000164 barite-enriched concrete,B,macroscopic_removal_cross_section,Sigma_R_cm_inv,energy_eV,log(E/E_min),0.0023016811976257746,5,1,6000,0.26980660648931387,0.06271142256350457,data/processed/RB2000164/rb2000164_physics_ready_strict.csv.gz
6dembedded_B__macroscopic_removal_cross_section.npy,embeddings_4to10/6dembedded_B__macroscopic_removal_cross_section.npy,N003,ISIS RB2000164 barite-enriched concrete,B,macroscopic_removal_cross_section,Sigma_R_cm_inv,energy_eV,log(E/E_min),0.0023016811976257746,6,1,6000,0.26980660648931387,0.06271142256350457,data/processed/RB2000164/rb2000164_physics_ready_strict.csv.gz
7dembedded_B__macroscopic_removal_cross_section.npy,embeddings_4to10/7dembedded_B__macroscopic_removal_cross_section.npy,N003,ISIS RB2000164 barite-enriched concrete,B,macroscopic_removal_cross_section,Sigma_R_cm_inv,energy_eV,log(E/E_min),0.0023016811976257746,7,1,6000,0.26980660648931387,0.06271142256350457,data/processed/RB2000164/rb2000164_physics_ready_strict.csv.gz
8dembedded_B__macroscopic_removal_cross_section.npy,embeddings_4to10/8dembedded_B__macroscopic_removal_cross_section.npy,N003,ISIS RB2000164 barite-enriched concrete,B,macroscopic_removal_cross_section,Sigma_R_cm_inv,energy_eV,log(E/E_min),0.0023016811976257746,8,1,6000,0.26980660648931387,0.06271142256350457,data/processed/RB2000164/rb2000164_physics_ready_strict.csv.gz
9dembedded_B__macroscopic_removal_cross_section.npy,embeddings_4to10/9dembedded_B__macroscopic_removal_cross_section.npy,N003,ISIS RB2000164 barite-enriched concrete,B,macroscopic_removal_cross_section,Sigma_R_cm_inv,energy_eV,log(E/E_min),0.0023016811976257746,9,1,6000,0.26980660648931387,0.06271142256350457,data/processed/RB2000164/rb2000164_physics_ready_strict.csv.gz
10dembedded_B__macroscopic_removal_cross_section.npy,embeddings_4to10/10dembedded_B__macroscopic_removal_cross_section.npy,N003,ISIS RB2000164 barite-enriched concrete,B,macroscopic_removal_cross_section,Sigma_R_cm_inv,energy_eV,log(E/E_min),0.0023016811976257746,10,1,6000,0.26980660648931387,0.06271142256350457,data/processed/RB2000164/rb2000164_physics_ready_strict.csv.gz
2dembedded_C__transmission.npy,2dembedding_data/2dembedded_C__transmission.npy,N003,ISIS RB2000164 barite-enriched concrete,C,transmission,transmission,energy_eV,log(E/E_min),0.0023016811976257746,2,1,6000,0.6621140901717582,0.05733028837206433,data/processed/RB2000164/rb2000164_physics_ready_strict.csv.gz
3dembedded_C__transmission.npy,3dembedding_data/3dembedded_C__transmission.npy,N003,ISIS RB2000164 barite-enriched concrete,C,transmission,transmission,energy_eV,log(E/E_min),0.0023016811976257746,3,1,6000,0.6621140901717582,0.05733028837206433,data/processed/RB2000164/rb2000164_physics_ready_strict.csv.gz
4dembedded_C__transmission.npy,embeddings_4to10/4dembedded_C__transmission.npy,N003,ISIS RB2000164 barite-enriched concrete,C,transmission,transmission,energy_eV,log(E/E_min),0.0023016811976257746,4,1,6000,0.6621140901717582,0.05733028837206433,data/processed/RB2000164/rb2000164_physics_ready_strict.csv.gz
5dembedded_C__transmission.npy,embeddings_4to10/5dembedded_C__transmission.npy,N003,ISIS RB2000164 barite-enriched concrete,C,transmission,transmission,energy_eV,log(E/E_min),0.0023016811976257746,5,1,6000,0.6621140901717582,0.05733028837206433,data/processed/RB2000164/rb2000164_physics_ready_strict.csv.gz
6dembedded_C__transmission.npy,embeddings_4to10/6dembedded_C__transmission.npy,N003,ISIS RB2000164 barite-enriched concrete,C,transmission,transmission,energy_eV,log(E/E_min),0.0023016811976257746,6,1,6000,0.6621140901717582,0.05733028837206433,data/processed/RB2000164/rb2000164_physics_ready_strict.csv.gz
7dembedded_C__transmission.npy,embeddings_4to10/7dembedded_C__transmission.npy,N003,ISIS RB2000164 barite-enriched concrete,C,transmission,transmission,energy_eV,log(E/E_min),0.0023016811976257746,7,1,6000,0.6621140901717582,0.05733028837206433,data/processed/RB2000164/rb2000164_physics_ready_strict.csv.gz
8dembedded_C__transmission.npy,embeddings_4to10/8dembedded_C__transmission.npy,N003,ISIS RB2000164 barite-enriched concrete,C,transmission,transmission,energy_eV,log(E/E_min),0.0023016811976257746,8,1,6000,0.6621140901717582,0.05733028837206433,data/processed/RB2000164/rb2000164_physics_ready_strict.csv.gz
9dembedded_C__transmission.npy,embeddings_4to10/9dembedded_C__transmission.npy,N003,ISIS RB2000164 barite-enriched concrete,C,transmission,transmission,energy_eV,log(E/E_min),0.0023016811976257746,9,1,6000,0.6621140901717582,0.05733028837206433,data/processed/RB2000164/rb2000164_physics_ready_strict.csv.gz
10dembedded_C__transmission.npy,embeddings_4to10/10dembedded_C__transmission.npy,N003,ISIS RB2000164 barite-enriched concrete,C,transmission,transmission,energy_eV,log(E/E_min),0.0023016811976257746,10,1,6000,0.6621140901717582,0.05733028837206433,data/processed/RB2000164/rb2000164_physics_ready_strict.csv.gz
2dembedded_C__macroscopic_removal_cross_section.npy,2dembedding_data/2dembedded_C__macroscopic_removal_cross_section.npy,N003,ISIS RB2000164 barite-enriched concrete,C,macroscopic_removal_cross_section,Sigma_R_cm_inv,energy_eV,log(E/E_min),0.0023016811976257746,2,1,6000,0.35889506014877837,0.07448071777581489,data/processed/RB2000164/rb2000164_physics_ready_strict.csv.gz
3dembedded_C__macroscopic_removal_cross_section.npy,3dembedding_data/3dembedded_C__macroscopic_removal_cross_section.npy,N003,ISIS RB2000164 barite-enriched concrete,C,macroscopic_removal_cross_section,Sigma_R_cm_inv,energy_eV,log(E/E_min),0.0023016811976257746,3,1,6000,0.35889506014877837,0.07448071777581489,data/processed/RB2000164/rb2000164_physics_ready_strict.csv.gz
4dembedded_C__macroscopic_removal_cross_section.npy,embeddings_4to10/4dembedded_C__macroscopic_removal_cross_section.npy,N003,ISIS RB2000164 barite-enriched concrete,C,macroscopic_removal_cross_section,Sigma_R_cm_inv,energy_eV,log(E/E_min),0.0023016811976257746,4,1,6000,0.35889506014877837,0.07448071777581489,data/processed/RB2000164/rb2000164_physics_ready_strict.csv.gz
5dembedded_C__macroscopic_removal_cross_section.npy,embeddings_4to10/5dembedded_C__macroscopic_removal_cross_section.npy,N003,ISIS RB2000164 barite-enriched concrete,C,macroscopic_removal_cross_section,Sigma_R_cm_inv,energy_eV,log(E/E_min),0.0023016811976257746,5,1,6000,0.35889506014877837,0.07448071777581489,data/processed/RB2000164/rb2000164_physics_ready_strict.csv.gz
6dembedded_C__macroscopic_removal_cross_section.npy,embeddings_4to10/6dembedded_C__macroscopic_removal_cross_section.npy,N003,ISIS RB2000164 barite-enriched concrete,C,macroscopic_removal_cross_section,Sigma_R_cm_inv,energy_eV,log(E/E_min),0.0023016811976257746,6,1,6000,0.35889506014877837,0.07448071777581489,data/processed/RB2000164/rb2000164_physics_ready_strict.csv.gz
7dembedded_C__macroscopic_removal_cross_section.npy,embeddings_4to10/7dembedded_C__macroscopic_removal_cross_section.npy,N003,ISIS RB2000164 barite-enriched concrete,C,macroscopic_removal_cross_section,Sigma_R_cm_inv,energy_eV,log(E/E_min),0.0023016811976257746,7,1,6000,0.35889506014877837,0.07448071777581489,data/processed/RB2000164/rb2000164_physics_ready_strict.csv.gz
8dembedded_C__macroscopic_removal_cross_section.npy,embeddings_4to10/8dembedded_C__macroscopic_removal_cross_section.npy,N003,ISIS RB2000164 barite-enriched concrete,C,macroscopic_removal_cross_section,Sigma_R_cm_inv,energy_eV,log(E/E_min),0.0023016811976257746,8,1,6000,0.35889506014877837,0.07448071777581489,data/processed/RB2000164/rb2000164_physics_ready_strict.csv.gz
9dembedded_C__macroscopic_removal_cross_section.npy,embeddings_4to10/9dembedded_C__macroscopic_removal_cross_section.npy,N003,ISIS RB2000164 barite-enriched concrete,C,macroscopic_removal_cross_section,Sigma_R_cm_inv,energy_eV,log(E/E_min),0.0023016811976257746,9,1,6000,0.35889506014877837,0.07448071777581489,data/processed/RB2000164/rb2000164_physics_ready_strict.csv.gz
10dembedded_C__macroscopic_removal_cross_section.npy,embeddings_4to10/10dembedded_C__macroscopic_removal_cross_section.npy,N003,ISIS RB2000164 barite-enriched concrete,C,macroscopic_removal_cross_section,Sigma_R_cm_inv,energy_eV,log(E/E_min),0.0023016811976257746,10,1,6000,0.35889506014877837,0.07448071777581489,data/processed/RB2000164/rb2000164_physics_ready_strict.csv.gz
2dembedded_D__transmission.npy,2dembedding_data/2dembedded_D__transmission.npy,N003,ISIS RB2000164 barite-enriched concrete,D,transmission,transmission,energy_eV,log(E/E_min),0.0023016811976257746,2,1,6000,0.7368812422864606,0.054183780287314874,data/processed/RB2000164/rb2000164_physics_ready_strict.csv.gz
3dembedded_D__transmission.npy,3dembedding_data/3dembedded_D__transmission.npy,N003,ISIS RB2000164 barite-enriched concrete,D,transmission,transmission,energy_eV,log(E/E_min),0.0023016811976257746,3,1,6000,0.7368812422864606,0.054183780287314874,data/processed/RB2000164/rb2000164_physics_ready_strict.csv.gz
4dembedded_D__transmission.npy,embeddings_4to10/4dembedded_D__transmission.npy,N003,ISIS RB2000164 barite-enriched concrete,D,transmission,transmission,energy_eV,log(E/E_min),0.0023016811976257746,4,1,6000,0.7368812422864606,0.054183780287314874,data/processed/RB2000164/rb2000164_physics_ready_strict.csv.gz
5dembedded_D__transmission.npy,embeddings_4to10/5dembedded_D__transmission.npy,N003,ISIS RB2000164 barite-enriched concrete,D,transmission,transmission,energy_eV,log(E/E_min),0.0023016811976257746,5,1,6000,0.7368812422864606,0.054183780287314874,data/processed/RB2000164/rb2000164_physics_ready_strict.csv.gz
6dembedded_D__transmission.npy,embeddings_4to10/6dembedded_D__transmission.npy,N003,ISIS RB2000164 barite-enriched concrete,D,transmission,transmission,energy_eV,log(E/E_min),0.0023016811976257746,6,1,6000,0.7368812422864606,0.054183780287314874,data/processed/RB2000164/rb2000164_physics_ready_strict.csv.gz
7dembedded_D__transmission.npy,embeddings_4to10/7dembedded_D__transmission.npy,N003,ISIS RB2000164 barite-enriched concrete,D,transmission,transmission,energy_eV,log(E/E_min),0.0023016811976257746,7,1,6000,0.7368812422864606,0.054183780287314874,data/processed/RB2000164/rb2000164_physics_ready_strict.csv.gz
8dembedded_D__transmission.npy,embeddings_4to10/8dembedded_D__transmission.npy,N003,ISIS RB2000164 barite-enriched concrete,D,transmission,transmission,energy_eV,log(E/E_min),0.0023016811976257746,8,1,6000,0.7368812422864606,0.054183780287314874,data/processed/RB2000164/rb2000164_physics_ready_strict.csv.gz
9dembedded_D__transmission.npy,embeddings_4to10/9dembedded_D__transmission.npy,N003,ISIS RB2000164 barite-enriched concrete,D,transmission,transmission,energy_eV,log(E/E_min),0.0023016811976257746,9,1,6000,0.7368812422864606,0.054183780287314874,data/processed/RB2000164/rb2000164_physics_ready_strict.csv.gz
10dembedded_D__transmission.npy,embeddings_4to10/10dembedded_D__transmission.npy,N003,ISIS RB2000164 barite-enriched concrete,D,transmission,transmission,energy_eV,log(E/E_min),0.0023016811976257746,10,1,6000,0.7368812422864606,0.054183780287314874,data/processed/RB2000164/rb2000164_physics_ready_strict.csv.gz
2dembedded_D__macroscopic_removal_cross_section.npy,2dembedding_data/2dembedded_D__macroscopic_removal_cross_section.npy,N003,ISIS RB2000164 barite-enriched concrete,D,macroscopic_removal_cross_section,Sigma_R_cm_inv,energy_eV,log(E/E_min),0.0023016811976257746,2,1,6000,0.2779534886006782,0.06660506639197895,data/processed/RB2000164/rb2000164_physics_ready_strict.csv.gz
3dembedded_D__macroscopic_removal_cross_section.npy,3dembedding_data/3dembedded_D__macroscopic_removal_cross_section.npy,N003,ISIS RB2000164 barite-enriched concrete,D,macroscopic_removal_cross_section,Sigma_R_cm_inv,energy_eV,log(E/E_min),0.0023016811976257746,3,1,6000,0.2779534886006782,0.06660506639197895,data/processed/RB2000164/rb2000164_physics_ready_strict.csv.gz
4dembedded_D__macroscopic_removal_cross_section.npy,embeddings_4to10/4dembedded_D__macroscopic_removal_cross_section.npy,N003,ISIS RB2000164 barite-enriched concrete,D,macroscopic_removal_cross_section,Sigma_R_cm_inv,energy_eV,log(E/E_min),0.0023016811976257746,4,1,6000,0.2779534886006782,0.06660506639197895,data/processed/RB2000164/rb2000164_physics_ready_strict.csv.gz
5dembedded_D__macroscopic_removal_cross_section.npy,embeddings_4to10/5dembedded_D__macroscopic_removal_cross_section.npy,N003,ISIS RB2000164 barite-enriched concrete,D,macroscopic_removal_cross_section,Sigma_R_cm_inv,energy_eV,log(E/E_min),0.0023016811976257746,5,1,6000,0.2779534886006782,0.06660506639197895,data/processed/RB2000164/rb2000164_physics_ready_strict.csv.gz
6dembedded_D__macroscopic_removal_cross_section.npy,embeddings_4to10/6dembedded_D__macroscopic_removal_cross_section.npy,N003,ISIS RB2000164 barite-enriched concrete,D,macroscopic_removal_cross_section,Sigma_R_cm_inv,energy_eV,log(E/E_min),0.0023016811976257746,6,1,6000,0.2779534886006782,0.06660506639197895,data/processed/RB2000164/rb2000164_physics_ready_strict.csv.gz
7dembedded_D__macroscopic_removal_cross_section.npy,embeddings_4to10/7dembedded_D__macroscopic_removal_cross_section.npy,N003,ISIS RB2000164 barite-enriched concrete,D,macroscopic_removal_cross_section,Sigma_R_cm_inv,energy_eV,log(E/E_min),0.0023016811976257746,7,1,6000,0.2779534886006782,0.06660506639197895,data/processed/RB2000164/rb2000164_physics_ready_strict.csv.gz
8dembedded_D__macroscopic_removal_cross_section.npy,embeddings_4to10/8dembedded_D__macroscopic_removal_cross_section.npy,N003,ISIS RB2000164 barite-enriched concrete,D,macroscopic_removal_cross_section,Sigma_R_cm_inv,energy_eV,log(E/E_min),0.0023016811976257746,8,1,6000,0.2779534886006782,0.06660506639197895,data/processed/RB2000164/rb2000164_physics_ready_strict.csv.gz
9dembedded_D__macroscopic_removal_cross_section.npy,embeddings_4to10/9dembedded_D__macroscopic_removal_cross_section.npy,N003,ISIS RB2000164 barite-enriched concrete,D,macroscopic_removal_cross_section,Sigma_R_cm_inv,energy_eV,log(E/E_min),0.0023016811976257746,9,1,6000,0.2779534886006782,0.06660506639197895,data/processed/RB2000164/rb2000164_physics_ready_strict.csv.gz
10dembedded_D__macroscopic_removal_cross_section.npy,embeddings_4to10/10dembedded_D__macroscopic_removal_cross_section.npy,N003,ISIS RB2000164 barite-enriched concrete,D,macroscopic_removal_cross_section,Sigma_R_cm_inv,energy_eV,log(E/E_min),0.0023016811976257746,10,1,6000,0.2779534886006782,0.06660506639197895,data/processed/RB2000164/rb2000164_physics_ready_strict.csv.gz
2dembedded_R__transmission.npy,2dembedding_data/2dembedded_R__transmission.npy,N003,ISIS RB2000164 barite-enriched concrete,R,transmission,transmission,energy_eV,log(E/E_min),0.0023016811976257746,2,1,6000,0.7331053449854512,0.05665832339002736,data/processed/RB2000164/rb2000164_physics_ready_strict.csv.gz
3dembedded_R__transmission.npy,3dembedding_data/3dembedded_R__transmission.npy,N003,ISIS RB2000164 barite-enriched concrete,R,transmission,transmission,energy_eV,log(E/E_min),0.0023016811976257746,3,1,6000,0.7331053449854512,0.05665832339002736,data/processed/RB2000164/rb2000164_physics_ready_strict.csv.gz
4dembedded_R__transmission.npy,embeddings_4to10/4dembedded_R__transmission.npy,N003,ISIS RB2000164 barite-enriched concrete,R,transmission,transmission,energy_eV,log(E/E_min),0.0023016811976257746,4,1,6000,0.7331053449854512,0.05665832339002736,data/processed/RB2000164/rb2000164_physics_ready_strict.csv.gz
5dembedded_R__transmission.npy,embeddings_4to10/5dembedded_R__transmission.npy,N003,ISIS RB2000164 barite-enriched concrete,R,transmission,transmission,energy_eV,log(E/E_min),0.0023016811976257746,5,1,6000,0.7331053449854512,0.05665832339002736,data/processed/RB2000164/rb2000164_physics_ready_strict.csv.gz
6dembedded_R__transmission.npy,embeddings_4to10/6dembedded_R__transmission.npy,N003,ISIS RB2000164 barite-enriched concrete,R,transmission,transmission,energy_eV,log(E/E_min),0.0023016811976257746,6,1,6000,0.7331053449854512,0.05665832339002736,data/processed/RB2000164/rb2000164_physics_ready_strict.csv.gz
7dembedded_R__transmission.npy,embeddings_4to10/7dembedded_R__transmission.npy,N003,ISIS RB2000164 barite-enriched concrete,R,transmission,transmission,energy_eV,log(E/E_min),0.0023016811976257746,7,1,6000,0.7331053449854512,0.05665832339002736,data/processed/RB2000164/rb2000164_physics_ready_strict.csv.gz
8dembedded_R__transmission.npy,embeddings_4to10/8dembedded_R__transmission.npy,N003,ISIS RB2000164 barite-enriched concrete,R,transmission,transmission,energy_eV,log(E/E_min),0.0023016811976257746,8,1,6000,0.7331053449854512,0.05665832339002736,data/processed/RB2000164/rb2000164_physics_ready_strict.csv.gz
9dembedded_R__transmission.npy,embeddings_4to10/9dembedded_R__transmission.npy,N003,ISIS RB2000164 barite-enriched concrete,R,transmission,transmission,energy_eV,log(E/E_min),0.0023016811976257746,9,1,6000,0.7331053449854512,0.05665832339002736,data/processed/RB2000164/rb2000164_physics_ready_strict.csv.gz
10dembedded_R__transmission.npy,embeddings_4to10/10dembedded_R__transmission.npy,N003,ISIS RB2000164 barite-enriched concrete,R,transmission,transmission,energy_eV,log(E/E_min),0.0023016811976257746,10,1,6000,0.7331053449854512,0.05665832339002736,data/processed/RB2000164/rb2000164_physics_ready_strict.csv.gz
2dembedded_R__macroscopic_removal_cross_section.npy,2dembedding_data/2dembedded_R__macroscopic_removal_cross_section.npy,N003,ISIS RB2000164 barite-enriched concrete,R,macroscopic_removal_cross_section,Sigma_R_cm_inv,energy_eV,log(E/E_min),0.0023016811976257746,2,1,6000,0.270238178937487,0.06652427250334329,data/processed/RB2000164/rb2000164_physics_ready_strict.csv.gz
3dembedded_R__macroscopic_removal_cross_section.npy,3dembedding_data/3dembedded_R__macroscopic_removal_cross_section.npy,N003,ISIS RB2000164 barite-enriched concrete,R,macroscopic_removal_cross_section,Sigma_R_cm_inv,energy_eV,log(E/E_min),0.0023016811976257746,3,1,6000,0.270238178937487,0.06652427250334329,data/processed/RB2000164/rb2000164_physics_ready_strict.csv.gz
4dembedded_R__macroscopic_removal_cross_section.npy,embeddings_4to10/4dembedded_R__macroscopic_removal_cross_section.npy,N003,ISIS RB2000164 barite-enriched concrete,R,macroscopic_removal_cross_section,Sigma_R_cm_inv,energy_eV,log(E/E_min),0.0023016811976257746,4,1,6000,0.270238178937487,0.06652427250334329,data/processed/RB2000164/rb2000164_physics_ready_strict.csv.gz
5dembedded_R__macroscopic_removal_cross_section.npy,embeddings_4to10/5dembedded_R__macroscopic_removal_cross_section.npy,N003,ISIS RB2000164 barite-enriched concrete,R,macroscopic_removal_cross_section,Sigma_R_cm_inv,energy_eV,log(E/E_min),0.0023016811976257746,5,1,6000,0.270238178937487,0.06652427250334329,data/processed/RB2000164/rb2000164_physics_ready_strict.csv.gz
6dembedded_R__macroscopic_removal_cross_section.npy,embeddings_4to10/6dembedded_R__macroscopic_removal_cross_section.npy,N003,ISIS RB2000164 barite-enriched concrete,R,macroscopic_removal_cross_section,Sigma_R_cm_inv,energy_eV,log(E/E_min),0.0023016811976257746,6,1,6000,0.270238178937487,0.06652427250334329,data/processed/RB2000164/rb2000164_physics_ready_strict.csv.gz
7dembedded_R__macroscopic_removal_cross_section.npy,embeddings_4to10/7dembedded_R__macroscopic_removal_cross_section.npy,N003,ISIS RB2000164 barite-enriched concrete,R,macroscopic_removal_cross_section,Sigma_R_cm_inv,energy_eV,log(E/E_min),0.0023016811976257746,7,1,6000,0.270238178937487,0.06652427250334329,data/processed/RB2000164/rb2000164_physics_ready_strict.csv.gz
8dembedded_R__macroscopic_removal_cross_section.npy,embeddings_4to10/8dembedded_R__macroscopic_removal_cross_section.npy,N003,ISIS RB2000164 barite-enriched concrete,R,macroscopic_removal_cross_section,Sigma_R_cm_inv,energy_eV,log(E/E_min),0.0023016811976257746,8,1,6000,0.270238178937487,0.06652427250334329,data/processed/RB2000164/rb2000164_physics_ready_strict.csv.gz
9dembedded_R__macroscopic_removal_cross_section.npy,embeddings_4to10/9dembedded_R__macroscopic_removal_cross_section.npy,N003,ISIS RB2000164 barite-enriched concrete,R,macroscopic_removal_cross_section,Sigma_R_cm_inv,energy_eV,log(E/E_min),0.0023016811976257746,9,1,6000,0.270238178937487,0.06652427250334329,data/processed/RB2000164/rb2000164_physics_ready_strict.csv.gz
10dembedded_R__macroscopic_removal_cross_section.npy,embeddings_4to10/10dembedded_R__macroscopic_removal_cross_section.npy,N003,ISIS RB2000164 barite-enriched concrete,R,macroscopic_removal_cross_section,Sigma_R_cm_inv,energy_eV,log(E/E_min),0.0023016811976257746,10,1,6000,0.270238178937487,0.06652427250334329,data/processed/RB2000164/rb2000164_physics_ready_strict.csv.gz
2dembedded_S__transmission.npy,2dembedding_data/2dembedded_S__transmission.npy,N003,ISIS RB2000164 barite-enriched concrete,S,transmission,transmission,energy_eV,log(E/E_min),0.0023016811976257746,2,1,6000,0.7263908060181008,0.06477858594249439,data/processed/RB2000164/rb2000164_physics_ready_strict.csv.gz
3dembedded_S__transmission.npy,3dembedding_data/3dembedded_S__transmission.npy,N003,ISIS RB2000164 barite-enriched concrete,S,transmission,transmission,energy_eV,log(E/E_min),0.0023016811976257746,3,1,6000,0.7263908060181008,0.06477858594249439,data/processed/RB2000164/rb2000164_physics_ready_strict.csv.gz
4dembedded_S__transmission.npy,embeddings_4to10/4dembedded_S__transmission.npy,N003,ISIS RB2000164 barite-enriched concrete,S,transmission,transmission,energy_eV,log(E/E_min),0.0023016811976257746,4,1,6000,0.7263908060181008,0.06477858594249439,data/processed/RB2000164/rb2000164_physics_ready_strict.csv.gz
5dembedded_S__transmission.npy,embeddings_4to10/5dembedded_S__transmission.npy,N003,ISIS RB2000164 barite-enriched concrete,S,transmission,transmission,energy_eV,log(E/E_min),0.0023016811976257746,5,1,6000,0.7263908060181008,0.06477858594249439,data/processed/RB2000164/rb2000164_physics_ready_strict.csv.gz
6dembedded_S__transmission.npy,embeddings_4to10/6dembedded_S__transmission.npy,N003,ISIS RB2000164 barite-enriched concrete,S,transmission,transmission,energy_eV,log(E/E_min),0.0023016811976257746,6,1,6000,0.7263908060181008,0.06477858594249439,data/processed/RB2000164/rb2000164_physics_ready_strict.csv.gz
7dembedded_S__transmission.npy,embeddings_4to10/7dembedded_S__transmission.npy,N003,ISIS RB2000164 barite-enriched concrete,S,transmission,transmission,energy_eV,log(E/E_min),0.0023016811976257746,7,1,6000,0.7263908060181008,0.06477858594249439,data/processed/RB2000164/rb2000164_physics_ready_strict.csv.gz
8dembedded_S__transmission.npy,embeddings_4to10/8dembedded_S__transmission.npy,N003,ISIS RB2000164 barite-enriched concrete,S,transmission,transmission,energy_eV,log(E/E_min),0.0023016811976257746,8,1,6000,0.7263908060181008,0.06477858594249439,data/processed/RB2000164/rb2000164_physics_ready_strict.csv.gz
9dembedded_S__transmission.npy,embeddings_4to10/9dembedded_S__transmission.npy,N003,ISIS RB2000164 barite-enriched concrete,S,transmission,transmission,energy_eV,log(E/E_min),0.0023016811976257746,9,1,6000,0.7263908060181008,0.06477858594249439,data/processed/RB2000164/rb2000164_physics_ready_strict.csv.gz
10dembedded_S__transmission.npy,embeddings_4to10/10dembedded_S__transmission.npy,N003,ISIS RB2000164 barite-enriched concrete,S,transmission,transmission,energy_eV,log(E/E_min),0.0023016811976257746,10,1,6000,0.7263908060181008,0.06477858594249439,data/processed/RB2000164/rb2000164_physics_ready_strict.csv.gz
2dembedded_S__macroscopic_removal_cross_section.npy,2dembedding_data/2dembedded_S__macroscopic_removal_cross_section.npy,N003,ISIS RB2000164 barite-enriched concrete,S,macroscopic_removal_cross_section,Sigma_R_cm_inv,energy_eV,log(E/E_min),0.0023016811976257746,2,1,6000,0.29111554207025364,0.08008827891814926,data/processed/RB2000164/rb2000164_physics_ready_strict.csv.gz
3dembedded_S__macroscopic_removal_cross_section.npy,3dembedding_data/3dembedded_S__macroscopic_removal_cross_section.npy,N003,ISIS RB2000164 barite-enriched concrete,S,macroscopic_removal_cross_section,Sigma_R_cm_inv,energy_eV,log(E/E_min),0.0023016811976257746,3,1,6000,0.29111554207025364,0.08008827891814926,data/processed/RB2000164/rb2000164_physics_ready_strict.csv.gz
4dembedded_S__macroscopic_removal_cross_section.npy,embeddings_4to10/4dembedded_S__macroscopic_removal_cross_section.npy,N003,ISIS RB2000164 barite-enriched concrete,S,macroscopic_removal_cross_section,Sigma_R_cm_inv,energy_eV,log(E/E_min),0.0023016811976257746,4,1,6000,0.29111554207025364,0.08008827891814926,data/processed/RB2000164/rb2000164_physics_ready_strict.csv.gz
5dembedded_S__macroscopic_removal_cross_section.npy,embeddings_4to10/5dembedded_S__macroscopic_removal_cross_section.npy,N003,ISIS RB2000164 barite-enriched concrete,S,macroscopic_removal_cross_section,Sigma_R_cm_inv,energy_eV,log(E/E_min),0.0023016811976257746,5,1,6000,0.29111554207025364,0.08008827891814926,data/processed/RB2000164/rb2000164_physics_ready_strict.csv.gz
6dembedded_S__macroscopic_removal_cross_section.npy,embeddings_4to10/6dembedded_S__macroscopic_removal_cross_section.npy,N003,ISIS RB2000164 barite-enriched concrete,S,macroscopic_removal_cross_section,Sigma_R_cm_inv,energy_eV,log(E/E_min),0.0023016811976257746,6,1,6000,0.29111554207025364,0.08008827891814926,data/processed/RB2000164/rb2000164_physics_ready_strict.csv.gz
7dembedded_S__macroscopic_removal_cross_section.npy,embeddings_4to10/7dembedded_S__macroscopic_removal_cross_section.npy,N003,ISIS RB2000164 barite-enriched concrete,S,macroscopic_removal_cross_section,Sigma_R_cm_inv,energy_eV,log(E/E_min),0.0023016811976257746,7,1,6000,0.29111554207025364,0.08008827891814926,data/processed/RB2000164/rb2000164_physics_ready_strict.csv.gz
8dembedded_S__macroscopic_removal_cross_section.npy,embeddings_4to10/8dembedded_S__macroscopic_removal_cross_section.npy,N003,ISIS RB2000164 barite-enriched concrete,S,macroscopic_removal_cross_section,Sigma_R_cm_inv,energy_eV,log(E/E_min),0.0023016811976257746,8,1,6000,0.29111554207025364,0.08008827891814926,data/processed/RB2000164/rb2000164_physics_ready_strict.csv.gz
9dembedded_S__macroscopic_removal_cross_section.npy,embeddings_4to10/9dembedded_S__macroscopic_removal_cross_section.npy,N003,ISIS RB2000164 barite-enriched concrete,S,macroscopic_removal_cross_section,Sigma_R_cm_inv,energy_eV,log(E/E_min),0.0023016811976257746,9,1,6000,0.29111554207025364,0.08008827891814926,data/processed/RB2000164/rb2000164_physics_ready_strict.csv.gz
10dembedded_S__macroscopic_removal_cross_section.npy,embeddings_4to10/10dembedded_S__macroscopic_removal_cross_section.npy,N003,ISIS RB2000164 barite-enriched concrete,S,macroscopic_removal_cross_section,Sigma_R_cm_inv,energy_eV,log(E/E_min),0.0023016811976257746,10,1,6000,0.29111554207025364,0.08008827891814926,data/processed/RB2000164/rb2000164_physics_ready_strict.csv.gz
2dembedded_T__transmission.npy,2dembedding_data/2dembedded_T__transmission.npy,N003,ISIS RB2000164 barite-enriched concrete,T,transmission,transmission,energy_eV,log(E/E_min),0.0023016811976257746,2,1,6000,0.7280383399090362,0.06548242791898225,data/processed/RB2000164/rb2000164_physics_ready_strict.csv.gz
3dembedded_T__transmission.npy,3dembedding_data/3dembedded_T__transmission.npy,N003,ISIS RB2000164 barite-enriched concrete,T,transmission,transmission,energy_eV,log(E/E_min),0.0023016811976257746,3,1,6000,0.7280383399090362,0.06548242791898225,data/processed/RB2000164/rb2000164_physics_ready_strict.csv.gz
4dembedded_T__transmission.npy,embeddings_4to10/4dembedded_T__transmission.npy,N003,ISIS RB2000164 barite-enriched concrete,T,transmission,transmission,energy_eV,log(E/E_min),0.0023016811976257746,4,1,6000,0.7280383399090362,0.06548242791898225,data/processed/RB2000164/rb2000164_physics_ready_strict.csv.gz
5dembedded_T__transmission.npy,embeddings_4to10/5dembedded_T__transmission.npy,N003,ISIS RB2000164 barite-enriched concrete,T,transmission,transmission,energy_eV,log(E/E_min),0.0023016811976257746,5,1,6000,0.7280383399090362,0.06548242791898225,data/processed/RB2000164/rb2000164_physics_ready_strict.csv.gz
6dembedded_T__transmission.npy,embeddings_4to10/6dembedded_T__transmission.npy,N003,ISIS RB2000164 barite-enriched concrete,T,transmission,transmission,energy_eV,log(E/E_min),0.0023016811976257746,6,1,6000,0.7280383399090362,0.06548242791898225,data/processed/RB2000164/rb2000164_physics_ready_strict.csv.gz
7dembedded_T__transmission.npy,embeddings_4to10/7dembedded_T__transmission.npy,N003,ISIS RB2000164 barite-enriched concrete,T,transmission,transmission,energy_eV,log(E/E_min),0.0023016811976257746,7,1,6000,0.7280383399090362,0.06548242791898225,data/processed/RB2000164/rb2000164_physics_ready_strict.csv.gz
8dembedded_T__transmission.npy,embeddings_4to10/8dembedded_T__transmission.npy,N003,ISIS RB2000164 barite-enriched concrete,T,transmission,transmission,energy_eV,log(E/E_min),0.0023016811976257746,8,1,6000,0.7280383399090362,0.06548242791898225,data/processed/RB2000164/rb2000164_physics_ready_strict.csv.gz
9dembedded_T__transmission.npy,embeddings_4to10/9dembedded_T__transmission.npy,N003,ISIS RB2000164 barite-enriched concrete,T,transmission,transmission,energy_eV,log(E/E_min),0.0023016811976257746,9,1,6000,0.7280383399090362,0.06548242791898225,data/processed/RB2000164/rb2000164_physics_ready_strict.csv.gz
10dembedded_T__transmission.npy,embeddings_4to10/10dembedded_T__transmission.npy,N003,ISIS RB2000164 barite-enriched concrete,T,transmission,transmission,energy_eV,log(E/E_min),0.0023016811976257746,10,1,6000,0.7280383399090362,0.06548242791898225,data/processed/RB2000164/rb2000164_physics_ready_strict.csv.gz
2dembedded_T__macroscopic_removal_cross_section.npy,2dembedding_data/2dembedded_T__macroscopic_removal_cross_section.npy,N003,ISIS RB2000164 barite-enriched concrete,T,macroscopic_removal_cross_section,Sigma_R_cm_inv,energy_eV,log(E/E_min),0.0023016811976257746,2,1,6000,0.2891429837231948,0.08095464710062472,data/processed/RB2000164/rb2000164_physics_ready_strict.csv.gz
3dembedded_T__macroscopic_removal_cross_section.npy,3dembedding_data/3dembedded_T__macroscopic_removal_cross_section.npy,N003,ISIS RB2000164 barite-enriched concrete,T,macroscopic_removal_cross_section,Sigma_R_cm_inv,energy_eV,log(E/E_min),0.0023016811976257746,3,1,6000,0.2891429837231948,0.08095464710062472,data/processed/RB2000164/rb2000164_physics_ready_strict.csv.gz
4dembedded_T__macroscopic_removal_cross_section.npy,embeddings_4to10/4dembedded_T__macroscopic_removal_cross_section.npy,N003,ISIS RB2000164 barite-enriched concrete,T,macroscopic_removal_cross_section,Sigma_R_cm_inv,energy_eV,log(E/E_min),0.0023016811976257746,4,1,6000,0.2891429837231948,0.08095464710062472,data/processed/RB2000164/rb2000164_physics_ready_strict.csv.gz
5dembedded_T__macroscopic_removal_cross_section.npy,embeddings_4to10/5dembedded_T__macroscopic_removal_cross_section.npy,N003,ISIS RB2000164 barite-enriched concrete,T,macroscopic_removal_cross_section,Sigma_R_cm_inv,energy_eV,log(E/E_min),0.0023016811976257746,5,1,6000,0.2891429837231948,0.08095464710062472,data/processed/RB2000164/rb2000164_physics_ready_strict.csv.gz
6dembedded_T__macroscopic_removal_cross_section.npy,embeddings_4to10/6dembedded_T__macroscopic_removal_cross_section.npy,N003,ISIS RB2000164 barite-enriched concrete,T,macroscopic_removal_cross_section,Sigma_R_cm_inv,energy_eV,log(E/E_min),0.0023016811976257746,6,1,6000,0.2891429837231948,0.08095464710062472,data/processed/RB2000164/rb2000164_physics_ready_strict.csv.gz
7dembedded_T__macroscopic_removal_cross_section.npy,embeddings_4to10/7dembedded_T__macroscopic_removal_cross_section.npy,N003,ISIS RB2000164 barite-enriched concrete,T,macroscopic_removal_cross_section,Sigma_R_cm_inv,energy_eV,log(E/E_min),0.0023016811976257746,7,1,6000,0.2891429837231948,0.08095464710062472,data/processed/RB2000164/rb2000164_physics_ready_strict.csv.gz
8dembedded_T__macroscopic_removal_cross_section.npy,embeddings_4to10/8dembedded_T__macroscopic_removal_cross_section.npy,N003,ISIS RB2000164 barite-enriched concrete,T,macroscopic_removal_cross_section,Sigma_R_cm_inv,energy_eV,log(E/E_min),0.0023016811976257746,8,1,6000,0.2891429837231948,0.08095464710062472,data/processed/RB2000164/rb2000164_physics_ready_strict.csv.gz
9dembedded_T__macroscopic_removal_cross_section.npy,embeddings_4to10/9dembedded_T__macroscopic_removal_cross_section.npy,N003,ISIS RB2000164 barite-enriched concrete,T,macroscopic_removal_cross_section,Sigma_R_cm_inv,energy_eV,log(E/E_min),0.0023016811976257746,9,1,6000,0.2891429837231948,0.08095464710062472,data/processed/RB2000164/rb2000164_physics_ready_strict.csv.gz
10dembedded_T__macroscopic_removal_cross_section.npy,embeddings_4to10/10dembedded_T__macroscopic_removal_cross_section.npy,N003,ISIS RB2000164 barite-enriched concrete,T,macroscopic_removal_cross_section,Sigma_R_cm_inv,energy_eV,log(E/E_min),0.0023016811976257746,10,1,6000,0.2891429837231948,0.08095464710062472,data/processed/RB2000164/rb2000164_physics_ready_strict.csv.gz
2dembedded_U__transmission.npy,2dembedding_data/2dembedded_U__transmission.npy,N003,ISIS RB2000164 barite-enriched concrete,U,transmission,transmission,energy_eV,log(E/E_min),0.0023016811976257746,2,1,6000,0.7273232957109275,0.05561953278278619,data/processed/RB2000164/rb2000164_physics_ready_strict.csv.gz
3dembedded_U__transmission.npy,3dembedding_data/3dembedded_U__transmission.npy,N003,ISIS RB2000164 barite-enriched concrete,U,transmission,transmission,energy_eV,log(E/E_min),0.0023016811976257746,3,1,6000,0.7273232957109275,0.05561953278278619,data/processed/RB2000164/rb2000164_physics_ready_strict.csv.gz
4dembedded_U__transmission.npy,embeddings_4to10/4dembedded_U__transmission.npy,N003,ISIS RB2000164 barite-enriched concrete,U,transmission,transmission,energy_eV,log(E/E_min),0.0023016811976257746,4,1,6000,0.7273232957109275,0.05561953278278619,data/processed/RB2000164/rb2000164_physics_ready_strict.csv.gz
5dembedded_U__transmission.npy,embeddings_4to10/5dembedded_U__transmission.npy,N003,ISIS RB2000164 barite-enriched concrete,U,transmission,transmission,energy_eV,log(E/E_min),0.0023016811976257746,5,1,6000,0.7273232957109275,0.05561953278278619,data/processed/RB2000164/rb2000164_physics_ready_strict.csv.gz
6dembedded_U__transmission.npy,embeddings_4to10/6dembedded_U__transmission.npy,N003,ISIS RB2000164 barite-enriched concrete,U,transmission,transmission,energy_eV,log(E/E_min),0.0023016811976257746,6,1,6000,0.7273232957109275,0.05561953278278619,data/processed/RB2000164/rb2000164_physics_ready_strict.csv.gz
7dembedded_U__transmission.npy,embeddings_4to10/7dembedded_U__transmission.npy,N003,ISIS RB2000164 barite-enriched concrete,U,transmission,transmission,energy_eV,log(E/E_min),0.0023016811976257746,7,1,6000,0.7273232957109275,0.05561953278278619,data/processed/RB2000164/rb2000164_physics_ready_strict.csv.gz
8dembedded_U__transmission.npy,embeddings_4to10/8dembedded_U__transmission.npy,N003,ISIS RB2000164 barite-enriched concrete,U,transmission,transmission,energy_eV,log(E/E_min),0.0023016811976257746,8,1,6000,0.7273232957109275,0.05561953278278619,data/processed/RB2000164/rb2000164_physics_ready_strict.csv.gz
9dembedded_U__transmission.npy,embeddings_4to10/9dembedded_U__transmission.npy,N003,ISIS RB2000164 barite-enriched concrete,U,transmission,transmission,energy_eV,log(E/E_min),0.0023016811976257746,9,1,6000,0.7273232957109275,0.05561953278278619,data/processed/RB2000164/rb2000164_physics_ready_strict.csv.gz
10dembedded_U__transmission.npy,embeddings_4to10/10dembedded_U__transmission.npy,N003,ISIS RB2000164 barite-enriched concrete,U,transmission,transmission,energy_eV,log(E/E_min),0.0023016811976257746,10,1,6000,0.7273232957109275,0.05561953278278619,data/processed/RB2000164/rb2000164_physics_ready_strict.csv.gz
2dembedded_U__macroscopic_removal_cross_section.npy,2dembedding_data/2dembedded_U__macroscopic_removal_cross_section.npy,N003,ISIS RB2000164 barite-enriched concrete,U,macroscopic_removal_cross_section,Sigma_R_cm_inv,energy_eV,log(E/E_min),0.0023016811976257746,2,1,6000,0.2772615662716508,0.06560342184707735,data/processed/RB2000164/rb2000164_physics_ready_strict.csv.gz
3dembedded_U__macroscopic_removal_cross_section.npy,3dembedding_data/3dembedded_U__macroscopic_removal_cross_section.npy,N003,ISIS RB2000164 barite-enriched concrete,U,macroscopic_removal_cross_section,Sigma_R_cm_inv,energy_eV,log(E/E_min),0.0023016811976257746,3,1,6000,0.2772615662716508,0.06560342184707735,data/processed/RB2000164/rb2000164_physics_ready_strict.csv.gz
4dembedded_U__macroscopic_removal_cross_section.npy,embeddings_4to10/4dembedded_U__macroscopic_removal_cross_section.npy,N003,ISIS RB2000164 barite-enriched concrete,U,macroscopic_removal_cross_section,Sigma_R_cm_inv,energy_eV,log(E/E_min),0.0023016811976257746,4,1,6000,0.2772615662716508,0.06560342184707735,data/processed/RB2000164/rb2000164_physics_ready_strict.csv.gz
5dembedded_U__macroscopic_removal_cross_section.npy,embeddings_4to10/5dembedded_U__macroscopic_removal_cross_section.npy,N003,ISIS RB2000164 barite-enriched concrete,U,macroscopic_removal_cross_section,Sigma_R_cm_inv,energy_eV,log(E/E_min),0.0023016811976257746,5,1,6000,0.2772615662716508,0.06560342184707735,data/processed/RB2000164/rb2000164_physics_ready_strict.csv.gz
6dembedded_U__macroscopic_removal_cross_section.npy,embeddings_4to10/6dembedded_U__macroscopic_removal_cross_section.npy,N003,ISIS RB2000164 barite-enriched concrete,U,macroscopic_removal_cross_section,Sigma_R_cm_inv,energy_eV,log(E/E_min),0.0023016811976257746,6,1,6000,0.2772615662716508,0.06560342184707735,data/processed/RB2000164/rb2000164_physics_ready_strict.csv.gz
7dembedded_U__macroscopic_removal_cross_section.npy,embeddings_4to10/7dembedded_U__macroscopic_removal_cross_section.npy,N003,ISIS RB2000164 barite-enriched concrete,U,macroscopic_removal_cross_section,Sigma_R_cm_inv,energy_eV,log(E/E_min),0.0023016811976257746,7,1,6000,0.2772615662716508,0.06560342184707735,data/processed/RB2000164/rb2000164_physics_ready_strict.csv.gz
8dembedded_U__macroscopic_removal_cross_section.npy,embeddings_4to10/8dembedded_U__macroscopic_removal_cross_section.npy,N003,ISIS RB2000164 barite-enriched concrete,U,macroscopic_removal_cross_section,Sigma_R_cm_inv,energy_eV,log(E/E_min),0.0023016811976257746,8,1,6000,0.2772615662716508,0.06560342184707735,data/processed/RB2000164/rb2000164_physics_ready_strict.csv.gz
9dembedded_U__macroscopic_removal_cross_section.npy,embeddings_4to10/9dembedded_U__macroscopic_removal_cross_section.npy,N003,ISIS RB2000164 barite-enriched concrete,U,macroscopic_removal_cross_section,Sigma_R_cm_inv,energy_eV,log(E/E_min),0.0023016811976257746,9,1,6000,0.2772615662716508,0.06560342184707735,data/processed/RB2000164/rb2000164_physics_ready_strict.csv.gz
10dembedded_U__macroscopic_removal_cross_section.npy,embeddings_4to10/10dembedded_U__macroscopic_removal_cross_section.npy,N003,ISIS RB2000164 barite-enriched concrete,U,macroscopic_removal_cross_section,Sigma_R_cm_inv,energy_eV,log(E/E_min),0.0023016811976257746,10,1,6000,0.2772615662716508,0.06560342184707735,data/processed/RB2000164/rb2000164_physics_ready_strict.csv.gz
2dembedded_V__transmission.npy,2dembedding_data/2dembedded_V__transmission.npy,N003,ISIS RB2000164 barite-enriched concrete,V,transmission,transmission,energy_eV,log(E/E_min),0.0023016811976257746,2,1,6000,0.7485227341815179,0.042242455884652606,data/processed/RB2000164/rb2000164_physics_ready_strict.csv.gz
3dembedded_V__transmission.npy,3dembedding_data/3dembedded_V__transmission.npy,N003,ISIS RB2000164 barite-enriched concrete,V,transmission,transmission,energy_eV,log(E/E_min),0.0023016811976257746,3,1,6000,0.7485227341815179,0.042242455884652606,data/processed/RB2000164/rb2000164_physics_ready_strict.csv.gz
4dembedded_V__transmission.npy,embeddings_4to10/4dembedded_V__transmission.npy,N003,ISIS RB2000164 barite-enriched concrete,V,transmission,transmission,energy_eV,log(E/E_min),0.0023016811976257746,4,1,6000,0.7485227341815179,0.042242455884652606,data/processed/RB2000164/rb2000164_physics_ready_strict.csv.gz
5dembedded_V__transmission.npy,embeddings_4to10/5dembedded_V__transmission.npy,N003,ISIS RB2000164 barite-enriched concrete,V,transmission,transmission,energy_eV,log(E/E_min),0.0023016811976257746,5,1,6000,0.7485227341815179,0.042242455884652606,data/processed/RB2000164/rb2000164_physics_ready_strict.csv.gz
6dembedded_V__transmission.npy,embeddings_4to10/6dembedded_V__transmission.npy,N003,ISIS RB2000164 barite-enriched concrete,V,transmission,transmission,energy_eV,log(E/E_min),0.0023016811976257746,6,1,6000,0.7485227341815179,0.042242455884652606,data/processed/RB2000164/rb2000164_physics_ready_strict.csv.gz
7dembedded_V__transmission.npy,embeddings_4to10/7dembedded_V__transmission.npy,N003,ISIS RB2000164 barite-enriched concrete,V,transmission,transmission,energy_eV,log(E/E_min),0.0023016811976257746,7,1,6000,0.7485227341815179,0.042242455884652606,data/processed/RB2000164/rb2000164_physics_ready_strict.csv.gz
8dembedded_V__transmission.npy,embeddings_4to10/8dembedded_V__transmission.npy,N003,ISIS RB2000164 barite-enriched concrete,V,transmission,transmission,energy_eV,log(E/E_min),0.0023016811976257746,8,1,6000,0.7485227341815179,0.042242455884652606,data/processed/RB2000164/rb2000164_physics_ready_strict.csv.gz
9dembedded_V__transmission.npy,embeddings_4to10/9dembedded_V__transmission.npy,N003,ISIS RB2000164 barite-enriched concrete,V,transmission,transmission,energy_eV,log(E/E_min),0.0023016811976257746,9,1,6000,0.7485227341815179,0.042242455884652606,data/processed/RB2000164/rb2000164_physics_ready_strict.csv.gz
10dembedded_V__transmission.npy,embeddings_4to10/10dembedded_V__transmission.npy,N003,ISIS RB2000164 barite-enriched concrete,V,transmission,transmission,energy_eV,log(E/E_min),0.0023016811976257746,10,1,6000,0.7485227341815179,0.042242455884652606,data/processed/RB2000164/rb2000164_physics_ready_strict.csv.gz
2dembedded_V__macroscopic_removal_cross_section.npy,2dembedding_data/2dembedded_V__macroscopic_removal_cross_section.npy,N003,ISIS RB2000164 barite-enriched concrete,V,macroscopic_removal_cross_section,Sigma_R_cm_inv,energy_eV,log(E/E_min),0.0023016811976257746,2,1,6000,0.28424288437344336,0.05518330663836137,data/processed/RB2000164/rb2000164_physics_ready_strict.csv.gz
3dembedded_V__macroscopic_removal_cross_section.npy,3dembedding_data/3dembedded_V__macroscopic_removal_cross_section.npy,N003,ISIS RB2000164 barite-enriched concrete,V,macroscopic_removal_cross_section,Sigma_R_cm_inv,energy_eV,log(E/E_min),0.0023016811976257746,3,1,6000,0.28424288437344336,0.05518330663836137,data/processed/RB2000164/rb2000164_physics_ready_strict.csv.gz
4dembedded_V__macroscopic_removal_cross_section.npy,embeddings_4to10/4dembedded_V__macroscopic_removal_cross_section.npy,N003,ISIS RB2000164 barite-enriched concrete,V,macroscopic_removal_cross_section,Sigma_R_cm_inv,energy_eV,log(E/E_min),0.0023016811976257746,4,1,6000,0.28424288437344336,0.05518330663836137,data/processed/RB2000164/rb2000164_physics_ready_strict.csv.gz
5dembedded_V__macroscopic_removal_cross_section.npy,embeddings_4to10/5dembedded_V__macroscopic_removal_cross_section.npy,N003,ISIS RB2000164 barite-enriched concrete,V,macroscopic_removal_cross_section,Sigma_R_cm_inv,energy_eV,log(E/E_min),0.0023016811976257746,5,1,6000,0.28424288437344336,0.05518330663836137,data/processed/RB2000164/rb2000164_physics_ready_strict.csv.gz
6dembedded_V__macroscopic_removal_cross_section.npy,embeddings_4to10/6dembedded_V__macroscopic_removal_cross_section.npy,N003,ISIS RB2000164 barite-enriched concrete,V,macroscopic_removal_cross_section,Sigma_R_cm_inv,energy_eV,log(E/E_min),0.0023016811976257746,6,1,6000,0.28424288437344336,0.05518330663836137,data/processed/RB2000164/rb2000164_physics_ready_strict.csv.gz
7dembedded_V__macroscopic_removal_cross_section.npy,embeddings_4to10/7dembedded_V__macroscopic_removal_cross_section.npy,N003,ISIS RB2000164 barite-enriched concrete,V,macroscopic_removal_cross_section,Sigma_R_cm_inv,energy_eV,log(E/E_min),0.0023016811976257746,7,1,6000,0.28424288437344336,0.05518330663836137,data/processed/RB2000164/rb2000164_physics_ready_strict.csv.gz
8dembedded_V__macroscopic_removal_cross_section.npy,embeddings_4to10/8dembedded_V__macroscopic_removal_cross_section.npy,N003,ISIS RB2000164 barite-enriched concrete,V,macroscopic_removal_cross_section,Sigma_R_cm_inv,energy_eV,log(E/E_min),0.0023016811976257746,8,1,6000,0.28424288437344336,0.05518330663836137,data/processed/RB2000164/rb2000164_physics_ready_strict.csv.gz
9dembedded_V__macroscopic_removal_cross_section.npy,embeddings_4to10/9dembedded_V__macroscopic_removal_cross_section.npy,N003,ISIS RB2000164 barite-enriched concrete,V,macroscopic_removal_cross_section,Sigma_R_cm_inv,energy_eV,log(E/E_min),0.0023016811976257746,9,1,6000,0.28424288437344336,0.05518330663836137,data/processed/RB2000164/rb2000164_physics_ready_strict.csv.gz
10dembedded_V__macroscopic_removal_cross_section.npy,embeddings_4to10/10dembedded_V__macroscopic_removal_cross_section.npy,N003,ISIS RB2000164 barite-enriched concrete,V,macroscopic_removal_cross_section,Sigma_R_cm_inv,energy_eV,log(E/E_min),0.0023016811976257746,10,1,6000,0.28424288437344336,0.05518330663836137,data/processed/RB2000164/rb2000164_physics_ready_strict.csv.gz
