detector,source_proton_MeV,shield_thickness_cm,off_axis_cm,energy_lower_MeV,energy_upper_MeV,lethargy_flux_n_cm2_per_uC,error_percent,geometry_id,source_normalization_id,additional_iron_collimator_cm,peak_source_intensity_x1e9_n_sr_uC,peak_source_intensity_n_sr_uC
BC501A,43,25,0,43,44,6740.0,10.3,JAERI_43MEV_BC501A_T025_FE040,JAERI_43MEV_PEAK_3.45E9_N_SR_UC,40.0,3.45,3450000000.0
BC501A,43,25,0,42,43,13200.0,6.3,JAERI_43MEV_BC501A_T025_FE040,JAERI_43MEV_PEAK_3.45E9_N_SR_UC,40.0,3.45,3450000000.0
BC501A,43,25,0,41,42,19700.0,4.6,JAERI_43MEV_BC501A_T025_FE040,JAERI_43MEV_PEAK_3.45E9_N_SR_UC,40.0,3.45,3450000000.0
BC501A,43,25,0,40,41,22700.0,4.7,JAERI_43MEV_BC501A_T025_FE040,JAERI_43MEV_PEAK_3.45E9_N_SR_UC,40.0,3.45,3450000000.0
BC501A,43,25,0,39,40,20200.0,5.3,JAERI_43MEV_BC501A_T025_FE040,JAERI_43MEV_PEAK_3.45E9_N_SR_UC,40.0,3.45,3450000000.0
BC501A,43,25,0,38,39,14000.0,6.0,JAERI_43MEV_BC501A_T025_FE040,JAERI_43MEV_PEAK_3.45E9_N_SR_UC,40.0,3.45,3450000000.0
BC501A,43,25,0,37,38,7430.0,6.0,JAERI_43MEV_BC501A_T025_FE040,JAERI_43MEV_PEAK_3.45E9_N_SR_UC,40.0,3.45,3450000000.0
BC501A,43,25,0,36,37,3130.0,5.8,JAERI_43MEV_BC501A_T025_FE040,JAERI_43MEV_PEAK_3.45E9_N_SR_UC,40.0,3.45,3450000000.0
BC501A,43,25,0,35,36,1330.0,12.9,JAERI_43MEV_BC501A_T025_FE040,JAERI_43MEV_PEAK_3.45E9_N_SR_UC,40.0,3.45,3450000000.0
BC501A,43,25,0,34,35,1020.0,17.8,JAERI_43MEV_BC501A_T025_FE040,JAERI_43MEV_PEAK_3.45E9_N_SR_UC,40.0,3.45,3450000000.0
BC501A,43,25,0,33,34,1270.0,13.8,JAERI_43MEV_BC501A_T025_FE040,JAERI_43MEV_PEAK_3.45E9_N_SR_UC,40.0,3.45,3450000000.0
BC501A,43,25,0,32,33,1610.0,11.4,JAERI_43MEV_BC501A_T025_FE040,JAERI_43MEV_PEAK_3.45E9_N_SR_UC,40.0,3.45,3450000000.0
BC501A,43,25,0,31,32,1880.0,10.4,JAERI_43MEV_BC501A_T025_FE040,JAERI_43MEV_PEAK_3.45E9_N_SR_UC,40.0,3.45,3450000000.0
BC501A,43,25,0,30,31,2050.0,9.5,JAERI_43MEV_BC501A_T025_FE040,JAERI_43MEV_PEAK_3.45E9_N_SR_UC,40.0,3.45,3450000000.0
BC501A,43,25,0,29,30,2150.0,8.8,JAERI_43MEV_BC501A_T025_FE040,JAERI_43MEV_PEAK_3.45E9_N_SR_UC,40.0,3.45,3450000000.0
BC501A,43,25,0,28,29,2170.0,9.1,JAERI_43MEV_BC501A_T025_FE040,JAERI_43MEV_PEAK_3.45E9_N_SR_UC,40.0,3.45,3450000000.0
BC501A,43,25,0,27,28,2130.0,11.2,JAERI_43MEV_BC501A_T025_FE040,JAERI_43MEV_PEAK_3.45E9_N_SR_UC,40.0,3.45,3450000000.0
BC501A,43,25,0,26,27,2040.0,15.0,JAERI_43MEV_BC501A_T025_FE040,JAERI_43MEV_PEAK_3.45E9_N_SR_UC,40.0,3.45,3450000000.0
BC501A,43,25,0,25,26,1930.0,19.5,JAERI_43MEV_BC501A_T025_FE040,JAERI_43MEV_PEAK_3.45E9_N_SR_UC,40.0,3.45,3450000000.0
BC501A,43,25,0,24,25,1820.0,22.3,JAERI_43MEV_BC501A_T025_FE040,JAERI_43MEV_PEAK_3.45E9_N_SR_UC,40.0,3.45,3450000000.0
BC501A,43,25,0,23,24,1730.0,22.1,JAERI_43MEV_BC501A_T025_FE040,JAERI_43MEV_PEAK_3.45E9_N_SR_UC,40.0,3.45,3450000000.0
BC501A,43,25,0,22,23,1670.0,17.9,JAERI_43MEV_BC501A_T025_FE040,JAERI_43MEV_PEAK_3.45E9_N_SR_UC,40.0,3.45,3450000000.0
BC501A,43,25,0,21,22,1640.0,11.2,JAERI_43MEV_BC501A_T025_FE040,JAERI_43MEV_PEAK_3.45E9_N_SR_UC,40.0,3.45,3450000000.0
BC501A,43,25,0,20,21,1640.0,4.9,JAERI_43MEV_BC501A_T025_FE040,JAERI_43MEV_PEAK_3.45E9_N_SR_UC,40.0,3.45,3450000000.0
BC501A,43,25,0,19,20,1650.0,8.8,JAERI_43MEV_BC501A_T025_FE040,JAERI_43MEV_PEAK_3.45E9_N_SR_UC,40.0,3.45,3450000000.0
BC501A,43,25,0,18,19,1630.0,13.3,JAERI_43MEV_BC501A_T025_FE040,JAERI_43MEV_PEAK_3.45E9_N_SR_UC,40.0,3.45,3450000000.0
BC501A,43,25,0,17,18,1550.0,13.4,JAERI_43MEV_BC501A_T025_FE040,JAERI_43MEV_PEAK_3.45E9_N_SR_UC,40.0,3.45,3450000000.0
BC501A,43,25,0,16,17,1420.0,8.7,JAERI_43MEV_BC501A_T025_FE040,JAERI_43MEV_PEAK_3.45E9_N_SR_UC,40.0,3.45,3450000000.0
BC501A,43,25,0,15,16,1270.0,4.8,JAERI_43MEV_BC501A_T025_FE040,JAERI_43MEV_PEAK_3.45E9_N_SR_UC,40.0,3.45,3450000000.0
BC501A,43,25,0,14,15,1160.0,5.6,JAERI_43MEV_BC501A_T025_FE040,JAERI_43MEV_PEAK_3.45E9_N_SR_UC,40.0,3.45,3450000000.0
BC501A,43,25,0,13,14,1110.0,4.7,JAERI_43MEV_BC501A_T025_FE040,JAERI_43MEV_PEAK_3.45E9_N_SR_UC,40.0,3.45,3450000000.0
BC501A,43,25,0,12,13,1090.0,9.2,JAERI_43MEV_BC501A_T025_FE040,JAERI_43MEV_PEAK_3.45E9_N_SR_UC,40.0,3.45,3450000000.0
BC501A,43,25,0,11,12,1050.0,13.1,JAERI_43MEV_BC501A_T025_FE040,JAERI_43MEV_PEAK_3.45E9_N_SR_UC,40.0,3.45,3450000000.0
BC501A,43,25,0,10,11,985.0,13.7,JAERI_43MEV_BC501A_T025_FE040,JAERI_43MEV_PEAK_3.45E9_N_SR_UC,40.0,3.45,3450000000.0
BC501A,43,25,0,9,10,911.0,11.9,JAERI_43MEV_BC501A_T025_FE040,JAERI_43MEV_PEAK_3.45E9_N_SR_UC,40.0,3.45,3450000000.0
BC501A,43,25,0,8,9,846.0,7.2,JAERI_43MEV_BC501A_T025_FE040,JAERI_43MEV_PEAK_3.45E9_N_SR_UC,40.0,3.45,3450000000.0
BC501A,43,25,0,7,8,756.0,10.8,JAERI_43MEV_BC501A_T025_FE040,JAERI_43MEV_PEAK_3.45E9_N_SR_UC,40.0,3.45,3450000000.0
BC501A,43,25,0,6,7,676.0,22.7,JAERI_43MEV_BC501A_T025_FE040,JAERI_43MEV_PEAK_3.45E9_N_SR_UC,40.0,3.45,3450000000.0
BC501A,43,25,0,5,6,694.0,6.9,JAERI_43MEV_BC501A_T025_FE040,JAERI_43MEV_PEAK_3.45E9_N_SR_UC,40.0,3.45,3450000000.0
BC501A,43,25,0,4,5,634.0,43.1,JAERI_43MEV_BC501A_T025_FE040,JAERI_43MEV_PEAK_3.45E9_N_SR_UC,40.0,3.45,3450000000.0
BC501A,43,25,20,43,44,103.0,55.9,JAERI_43MEV_BC501A_T025_FE040,JAERI_43MEV_PEAK_3.45E9_N_SR_UC,40.0,3.45,3450000000.0
BC501A,43,25,20,42,43,186.0,64.5,JAERI_43MEV_BC501A_T025_FE040,JAERI_43MEV_PEAK_3.45E9_N_SR_UC,40.0,3.45,3450000000.0
BC501A,43,25,20,41,42,322.0,40.0,JAERI_43MEV_BC501A_T025_FE040,JAERI_43MEV_PEAK_3.45E9_N_SR_UC,40.0,3.45,3450000000.0
BC501A,43,25,20,40,41,461.0,12.7,JAERI_43MEV_BC501A_T025_FE040,JAERI_43MEV_PEAK_3.45E9_N_SR_UC,40.0,3.45,3450000000.0
BC501A,43,25,20,39,40,504.0,11.3,JAERI_43MEV_BC501A_T025_FE040,JAERI_43MEV_PEAK_3.45E9_N_SR_UC,40.0,3.45,3450000000.0
BC501A,43,25,20,38,39,415.0,24.4,JAERI_43MEV_BC501A_T025_FE040,JAERI_43MEV_PEAK_3.45E9_N_SR_UC,40.0,3.45,3450000000.0
BC501A,43,25,20,37,38,274.0,29.7,JAERI_43MEV_BC501A_T025_FE040,JAERI_43MEV_PEAK_3.45E9_N_SR_UC,40.0,3.45,3450000000.0
BC501A,43,25,20,36,37,173.0,22.0,JAERI_43MEV_BC501A_T025_FE040,JAERI_43MEV_PEAK_3.45E9_N_SR_UC,40.0,3.45,3450000000.0
BC501A,43,25,20,35,36,130.0,10.7,JAERI_43MEV_BC501A_T025_FE040,JAERI_43MEV_PEAK_3.45E9_N_SR_UC,40.0,3.45,3450000000.0
BC501A,43,25,20,34,35,119.0,11.2,JAERI_43MEV_BC501A_T025_FE040,JAERI_43MEV_PEAK_3.45E9_N_SR_UC,40.0,3.45,3450000000.0
BC501A,43,25,20,33,34,117.0,10.6,JAERI_43MEV_BC501A_T025_FE040,JAERI_43MEV_PEAK_3.45E9_N_SR_UC,40.0,3.45,3450000000.0
BC501A,43,25,20,32,33,116.0,9.2,JAERI_43MEV_BC501A_T025_FE040,JAERI_43MEV_PEAK_3.45E9_N_SR_UC,40.0,3.45,3450000000.0
BC501A,43,25,20,31,32,114.0,8.3,JAERI_43MEV_BC501A_T025_FE040,JAERI_43MEV_PEAK_3.45E9_N_SR_UC,40.0,3.45,3450000000.0
BC501A,43,25,20,30,31,113.0,8.5,JAERI_43MEV_BC501A_T025_FE040,JAERI_43MEV_PEAK_3.45E9_N_SR_UC,40.0,3.45,3450000000.0
BC501A,43,25,20,29,30,111.0,9.6,JAERI_43MEV_BC501A_T025_FE040,JAERI_43MEV_PEAK_3.45E9_N_SR_UC,40.0,3.45,3450000000.0
BC501A,43,25,20,28,29,108.0,11.3,JAERI_43MEV_BC501A_T025_FE040,JAERI_43MEV_PEAK_3.45E9_N_SR_UC,40.0,3.45,3450000000.0
BC501A,43,25,20,27,28,105.0,13.7,JAERI_43MEV_BC501A_T025_FE040,JAERI_43MEV_PEAK_3.45E9_N_SR_UC,40.0,3.45,3450000000.0
BC501A,43,25,20,26,27,102.0,16.5,JAERI_43MEV_BC501A_T025_FE040,JAERI_43MEV_PEAK_3.45E9_N_SR_UC,40.0,3.45,3450000000.0
BC501A,43,25,20,25,26,99.2,18.6,JAERI_43MEV_BC501A_T025_FE040,JAERI_43MEV_PEAK_3.45E9_N_SR_UC,40.0,3.45,3450000000.0
BC501A,43,25,20,24,25,97.2,19.3,JAERI_43MEV_BC501A_T025_FE040,JAERI_43MEV_PEAK_3.45E9_N_SR_UC,40.0,3.45,3450000000.0
BC501A,43,25,20,23,24,95.7,17.8,JAERI_43MEV_BC501A_T025_FE040,JAERI_43MEV_PEAK_3.45E9_N_SR_UC,40.0,3.45,3450000000.0
BC501A,43,25,20,22,23,94.5,14.1,JAERI_43MEV_BC501A_T025_FE040,JAERI_43MEV_PEAK_3.45E9_N_SR_UC,40.0,3.45,3450000000.0
BC501A,43,25,20,21,22,93.4,8.9,JAERI_43MEV_BC501A_T025_FE040,JAERI_43MEV_PEAK_3.45E9_N_SR_UC,40.0,3.45,3450000000.0
BC501A,43,25,20,20,21,92.0,4.8,JAERI_43MEV_BC501A_T025_FE040,JAERI_43MEV_PEAK_3.45E9_N_SR_UC,40.0,3.45,3450000000.0
BC501A,43,25,20,19,20,90.3,6.7,JAERI_43MEV_BC501A_T025_FE040,JAERI_43MEV_PEAK_3.45E9_N_SR_UC,40.0,3.45,3450000000.0
BC501A,43,25,20,18,19,88.0,9.3,JAERI_43MEV_BC501A_T025_FE040,JAERI_43MEV_PEAK_3.45E9_N_SR_UC,40.0,3.45,3450000000.0
BC501A,43,25,20,17,18,84.9,9.3,JAERI_43MEV_BC501A_T025_FE040,JAERI_43MEV_PEAK_3.45E9_N_SR_UC,40.0,3.45,3450000000.0
BC501A,43,25,20,16,17,81.3,7.1,JAERI_43MEV_BC501A_T025_FE040,JAERI_43MEV_PEAK_3.45E9_N_SR_UC,40.0,3.45,3450000000.0
BC501A,43,25,20,15,16,77.5,5.2,JAERI_43MEV_BC501A_T025_FE040,JAERI_43MEV_PEAK_3.45E9_N_SR_UC,40.0,3.45,3450000000.0
BC501A,43,25,20,14,15,74.2,4.9,JAERI_43MEV_BC501A_T025_FE040,JAERI_43MEV_PEAK_3.45E9_N_SR_UC,40.0,3.45,3450000000.0
BC501A,43,25,20,13,14,71.6,5.7,JAERI_43MEV_BC501A_T025_FE040,JAERI_43MEV_PEAK_3.45E9_N_SR_UC,40.0,3.45,3450000000.0
BC501A,43,25,20,12,13,69.6,8.0,JAERI_43MEV_BC501A_T025_FE040,JAERI_43MEV_PEAK_3.45E9_N_SR_UC,40.0,3.45,3450000000.0
BC501A,43,25,20,11,12,67.9,9.9,JAERI_43MEV_BC501A_T025_FE040,JAERI_43MEV_PEAK_3.45E9_N_SR_UC,40.0,3.45,3450000000.0
BC501A,43,25,20,10,11,66.3,10.4,JAERI_43MEV_BC501A_T025_FE040,JAERI_43MEV_PEAK_3.45E9_N_SR_UC,40.0,3.45,3450000000.0
BC501A,43,25,20,9,10,65.0,8.7,JAERI_43MEV_BC501A_T025_FE040,JAERI_43MEV_PEAK_3.45E9_N_SR_UC,40.0,3.45,3450000000.0
BC501A,43,25,20,8,9,63.5,4.5,JAERI_43MEV_BC501A_T025_FE040,JAERI_43MEV_PEAK_3.45E9_N_SR_UC,40.0,3.45,3450000000.0
BC501A,43,25,20,7,8,59.1,14.9,JAERI_43MEV_BC501A_T025_FE040,JAERI_43MEV_PEAK_3.45E9_N_SR_UC,40.0,3.45,3450000000.0
BC501A,43,25,20,6,7,48.5,38.7,JAERI_43MEV_BC501A_T025_FE040,JAERI_43MEV_PEAK_3.45E9_N_SR_UC,40.0,3.45,3450000000.0
BC501A,43,25,40,43,44,12.4,20.5,JAERI_43MEV_BC501A_T025_FE040,JAERI_43MEV_PEAK_3.45E9_N_SR_UC,40.0,3.45,3450000000.0
BC501A,43,25,40,42,43,23.3,21.9,JAERI_43MEV_BC501A_T025_FE040,JAERI_43MEV_PEAK_3.45E9_N_SR_UC,40.0,3.45,3450000000.0
BC501A,43,25,40,41,42,32.0,17.4,JAERI_43MEV_BC501A_T025_FE040,JAERI_43MEV_PEAK_3.45E9_N_SR_UC,40.0,3.45,3450000000.0
BC501A,43,25,40,40,41,34.6,8.1,JAERI_43MEV_BC501A_T025_FE040,JAERI_43MEV_PEAK_3.45E9_N_SR_UC,40.0,3.45,3450000000.0
BC501A,43,25,40,39,40,32.6,9.4,JAERI_43MEV_BC501A_T025_FE040,JAERI_43MEV_PEAK_3.45E9_N_SR_UC,40.0,3.45,3450000000.0
BC501A,43,25,40,38,39,28.5,17.6,JAERI_43MEV_BC501A_T025_FE040,JAERI_43MEV_PEAK_3.45E9_N_SR_UC,40.0,3.45,3450000000.0
BC501A,43,25,40,37,38,23.2,17.6,JAERI_43MEV_BC501A_T025_FE040,JAERI_43MEV_PEAK_3.45E9_N_SR_UC,40.0,3.45,3450000000.0
BC501A,43,25,40,36,37,18.3,10.5,JAERI_43MEV_BC501A_T025_FE040,JAERI_43MEV_PEAK_3.45E9_N_SR_UC,40.0,3.45,3450000000.0
BC501A,43,25,40,35,36,15.5,6.0,JAERI_43MEV_BC501A_T025_FE040,JAERI_43MEV_PEAK_3.45E9_N_SR_UC,40.0,3.45,3450000000.0
BC501A,43,25,40,34,35,14.6,7.0,JAERI_43MEV_BC501A_T025_FE040,JAERI_43MEV_PEAK_3.45E9_N_SR_UC,40.0,3.45,3450000000.0
BC501A,43,25,40,33,34,14.5,6.9,JAERI_43MEV_BC501A_T025_FE040,JAERI_43MEV_PEAK_3.45E9_N_SR_UC,40.0,3.45,3450000000.0
BC501A,43,25,40,32,33,14.5,6.3,JAERI_43MEV_BC501A_T025_FE040,JAERI_43MEV_PEAK_3.45E9_N_SR_UC,40.0,3.45,3450000000.0
BC501A,43,25,40,31,32,14.4,6.1,JAERI_43MEV_BC501A_T025_FE040,JAERI_43MEV_PEAK_3.45E9_N_SR_UC,40.0,3.45,3450000000.0
BC501A,43,25,40,30,31,14.2,6.3,JAERI_43MEV_BC501A_T025_FE040,JAERI_43MEV_PEAK_3.45E9_N_SR_UC,40.0,3.45,3450000000.0
BC501A,43,25,40,29,30,13.9,6.8,JAERI_43MEV_BC501A_T025_FE040,JAERI_43MEV_PEAK_3.45E9_N_SR_UC,40.0,3.45,3450000000.0
BC501A,43,25,40,28,29,13.7,7.7,JAERI_43MEV_BC501A_T025_FE040,JAERI_43MEV_PEAK_3.45E9_N_SR_UC,40.0,3.45,3450000000.0
BC501A,43,25,40,27,28,13.4,9.0,JAERI_43MEV_BC501A_T025_FE040,JAERI_43MEV_PEAK_3.45E9_N_SR_UC,40.0,3.45,3450000000.0
BC501A,43,25,40,26,27,13.2,10.5,JAERI_43MEV_BC501A_T025_FE040,JAERI_43MEV_PEAK_3.45E9_N_SR_UC,40.0,3.45,3450000000.0
BC501A,43,25,40,25,26,13.1,11.6,JAERI_43MEV_BC501A_T025_FE040,JAERI_43MEV_PEAK_3.45E9_N_SR_UC,40.0,3.45,3450000000.0
BC501A,43,25,40,24,25,13.0,11.7,JAERI_43MEV_BC501A_T025_FE040,JAERI_43MEV_PEAK_3.45E9_N_SR_UC,40.0,3.45,3450000000.0
BC501A,43,25,40,23,24,13.0,10.8,JAERI_43MEV_BC501A_T025_FE040,JAERI_43MEV_PEAK_3.45E9_N_SR_UC,40.0,3.45,3450000000.0
BC501A,43,25,40,22,23,13.0,8.8,JAERI_43MEV_BC501A_T025_FE040,JAERI_43MEV_PEAK_3.45E9_N_SR_UC,40.0,3.45,3450000000.0
BC501A,43,25,40,21,22,13.1,6.2,JAERI_43MEV_BC501A_T025_FE040,JAERI_43MEV_PEAK_3.45E9_N_SR_UC,40.0,3.45,3450000000.0
BC501A,43,25,40,20,21,13.1,4.5,JAERI_43MEV_BC501A_T025_FE040,JAERI_43MEV_PEAK_3.45E9_N_SR_UC,40.0,3.45,3450000000.0
BC501A,43,25,40,19,20,13.0,5.1,JAERI_43MEV_BC501A_T025_FE040,JAERI_43MEV_PEAK_3.45E9_N_SR_UC,40.0,3.45,3450000000.0
BC501A,43,25,40,18,19,12.9,6.0,JAERI_43MEV_BC501A_T025_FE040,JAERI_43MEV_PEAK_3.45E9_N_SR_UC,40.0,3.45,3450000000.0
BC501A,43,25,40,17,18,12.5,5.9,JAERI_43MEV_BC501A_T025_FE040,JAERI_43MEV_PEAK_3.45E9_N_SR_UC,40.0,3.45,3450000000.0
BC501A,43,25,40,16,17,12.1,5.1,JAERI_43MEV_BC501A_T025_FE040,JAERI_43MEV_PEAK_3.45E9_N_SR_UC,40.0,3.45,3450000000.0
BC501A,43,25,40,15,16,11.7,4.6,JAERI_43MEV_BC501A_T025_FE040,JAERI_43MEV_PEAK_3.45E9_N_SR_UC,40.0,3.45,3450000000.0
BC501A,43,25,40,14,15,11.3,4.5,JAERI_43MEV_BC501A_T025_FE040,JAERI_43MEV_PEAK_3.45E9_N_SR_UC,40.0,3.45,3450000000.0
BC501A,43,25,40,13,14,11.1,4.7,JAERI_43MEV_BC501A_T025_FE040,JAERI_43MEV_PEAK_3.45E9_N_SR_UC,40.0,3.45,3450000000.0
BC501A,43,25,40,12,13,11.0,5.5,JAERI_43MEV_BC501A_T025_FE040,JAERI_43MEV_PEAK_3.45E9_N_SR_UC,40.0,3.45,3450000000.0
BC501A,43,25,40,11,12,11.0,6.1,JAERI_43MEV_BC501A_T025_FE040,JAERI_43MEV_PEAK_3.45E9_N_SR_UC,40.0,3.45,3450000000.0
BC501A,43,25,40,10,11,11.0,6.2,JAERI_43MEV_BC501A_T025_FE040,JAERI_43MEV_PEAK_3.45E9_N_SR_UC,40.0,3.45,3450000000.0
BC501A,43,25,40,9,10,11.1,5.5,JAERI_43MEV_BC501A_T025_FE040,JAERI_43MEV_PEAK_3.45E9_N_SR_UC,40.0,3.45,3450000000.0
BC501A,43,25,40,8,9,11.3,4.4,JAERI_43MEV_BC501A_T025_FE040,JAERI_43MEV_PEAK_3.45E9_N_SR_UC,40.0,3.45,3450000000.0
BC501A,43,25,40,7,8,11.1,7.4,JAERI_43MEV_BC501A_T025_FE040,JAERI_43MEV_PEAK_3.45E9_N_SR_UC,40.0,3.45,3450000000.0
BC501A,43,25,40,6,7,9.77,15.6,JAERI_43MEV_BC501A_T025_FE040,JAERI_43MEV_PEAK_3.45E9_N_SR_UC,40.0,3.45,3450000000.0
BC501A,43,50,0,43,44,929.0,10.9,JAERI_43MEV_BC501A_T050_FE040,JAERI_43MEV_PEAK_3.45E9_N_SR_UC,40.0,3.45,3450000000.0
BC501A,43,50,0,42,43,1610.0,6.5,JAERI_43MEV_BC501A_T050_FE040,JAERI_43MEV_PEAK_3.45E9_N_SR_UC,40.0,3.45,3450000000.0
BC501A,43,50,0,41,42,2220.0,4.6,JAERI_43MEV_BC501A_T050_FE040,JAERI_43MEV_PEAK_3.45E9_N_SR_UC,40.0,3.45,3450000000.0
BC501A,43,50,0,40,41,2430.0,4.7,JAERI_43MEV_BC501A_T050_FE040,JAERI_43MEV_PEAK_3.45E9_N_SR_UC,40.0,3.45,3450000000.0
BC501A,43,50,0,39,40,2110.0,5.2,JAERI_43MEV_BC501A_T050_FE040,JAERI_43MEV_PEAK_3.45E9_N_SR_UC,40.0,3.45,3450000000.0
BC501A,43,50,0,38,39,1450.0,5.7,JAERI_43MEV_BC501A_T050_FE040,JAERI_43MEV_PEAK_3.45E9_N_SR_UC,40.0,3.45,3450000000.0
BC501A,43,50,0,37,38,794.0,5.5,JAERI_43MEV_BC501A_T050_FE040,JAERI_43MEV_PEAK_3.45E9_N_SR_UC,40.0,3.45,3450000000.0
BC501A,43,50,0,36,37,371.0,5.3,JAERI_43MEV_BC501A_T050_FE040,JAERI_43MEV_PEAK_3.45E9_N_SR_UC,40.0,3.45,3450000000.0
BC501A,43,50,0,35,36,191.0,11.8,JAERI_43MEV_BC501A_T050_FE040,JAERI_43MEV_PEAK_3.45E9_N_SR_UC,40.0,3.45,3450000000.0
BC501A,43,50,0,34,35,152.0,14.6,JAERI_43MEV_BC501A_T050_FE040,JAERI_43MEV_PEAK_3.45E9_N_SR_UC,40.0,3.45,3450000000.0
BC501A,43,50,0,33,34,164.0,12.0,JAERI_43MEV_BC501A_T050_FE040,JAERI_43MEV_PEAK_3.45E9_N_SR_UC,40.0,3.45,3450000000.0
BC501A,43,50,0,32,33,183.0,10.7,JAERI_43MEV_BC501A_T050_FE040,JAERI_43MEV_PEAK_3.45E9_N_SR_UC,40.0,3.45,3450000000.0
BC501A,43,50,0,31,32,197.0,10.6,JAERI_43MEV_BC501A_T050_FE040,JAERI_43MEV_PEAK_3.45E9_N_SR_UC,40.0,3.45,3450000000.0
BC501A,43,50,0,30,31,205.0,10.3,JAERI_43MEV_BC501A_T050_FE040,JAERI_43MEV_PEAK_3.45E9_N_SR_UC,40.0,3.45,3450000000.0
BC501A,43,50,0,29,30,207.0,9.9,JAERI_43MEV_BC501A_T050_FE040,JAERI_43MEV_PEAK_3.45E9_N_SR_UC,40.0,3.45,3450000000.0
BC501A,43,50,0,28,29,203.0,10.5,JAERI_43MEV_BC501A_T050_FE040,JAERI_43MEV_PEAK_3.45E9_N_SR_UC,40.0,3.45,3450000000.0
BC501A,43,50,0,27,28,192.0,13.3,JAERI_43MEV_BC501A_T050_FE040,JAERI_43MEV_PEAK_3.45E9_N_SR_UC,40.0,3.45,3450000000.0
BC501A,43,50,0,26,27,176.0,18.8,JAERI_43MEV_BC501A_T050_FE040,JAERI_43MEV_PEAK_3.45E9_N_SR_UC,40.0,3.45,3450000000.0
BC501A,43,50,0,25,26,158.0,25.5,JAERI_43MEV_BC501A_T050_FE040,JAERI_43MEV_PEAK_3.45E9_N_SR_UC,40.0,3.45,3450000000.0
BC501A,43,50,0,24,25,143.0,30.7,JAERI_43MEV_BC501A_T050_FE040,JAERI_43MEV_PEAK_3.45E9_N_SR_UC,40.0,3.45,3450000000.0
BC501A,43,50,0,23,24,133.0,30.7,JAERI_43MEV_BC501A_T050_FE040,JAERI_43MEV_PEAK_3.45E9_N_SR_UC,40.0,3.45,3450000000.0
BC501A,43,50,0,22,23,130.0,24.8,JAERI_43MEV_BC501A_T050_FE040,JAERI_43MEV_PEAK_3.45E9_N_SR_UC,40.0,3.45,3450000000.0
BC501A,43,50,0,21,22,130.0,14.7,JAERI_43MEV_BC501A_T050_FE040,JAERI_43MEV_PEAK_3.45E9_N_SR_UC,40.0,3.45,3450000000.0
BC501A,43,50,0,20,21,132.0,5.3,JAERI_43MEV_BC501A_T050_FE040,JAERI_43MEV_PEAK_3.45E9_N_SR_UC,40.0,3.45,3450000000.0
BC501A,43,50,0,19,20,133.0,11.2,JAERI_43MEV_BC501A_T050_FE040,JAERI_43MEV_PEAK_3.45E9_N_SR_UC,40.0,3.45,3450000000.0
BC501A,43,50,0,18,19,130.0,18.1,JAERI_43MEV_BC501A_T050_FE040,JAERI_43MEV_PEAK_3.45E9_N_SR_UC,40.0,3.45,3450000000.0
BC501A,43,50,0,17,18,119.0,18.9,JAERI_43MEV_BC501A_T050_FE040,JAERI_43MEV_PEAK_3.45E9_N_SR_UC,40.0,3.45,3450000000.0
BC501A,43,50,0,16,17,103.0,12.5,JAERI_43MEV_BC501A_T050_FE040,JAERI_43MEV_PEAK_3.45E9_N_SR_UC,40.0,3.45,3450000000.0
BC501A,43,50,0,15,16,87.5,5.4,JAERI_43MEV_BC501A_T050_FE040,JAERI_43MEV_PEAK_3.45E9_N_SR_UC,40.0,3.45,3450000000.0
BC501A,43,50,0,14,15,78.4,7.1,JAERI_43MEV_BC501A_T050_FE040,JAERI_43MEV_PEAK_3.45E9_N_SR_UC,40.0,3.45,3450000000.0
BC501A,43,50,0,13,14,77.5,5.1,JAERI_43MEV_BC501A_T050_FE040,JAERI_43MEV_PEAK_3.45E9_N_SR_UC,40.0,3.45,3450000000.0
BC501A,43,50,0,12,13,80.4,12.9,JAERI_43MEV_BC501A_T050_FE040,JAERI_43MEV_PEAK_3.45E9_N_SR_UC,40.0,3.45,3450000000.0
BC501A,43,50,0,11,12,81.4,18.2,JAERI_43MEV_BC501A_T050_FE040,JAERI_43MEV_PEAK_3.45E9_N_SR_UC,40.0,3.45,3450000000.0
BC501A,43,50,0,10,11,78.4,18.4,JAERI_43MEV_BC501A_T050_FE040,JAERI_43MEV_PEAK_3.45E9_N_SR_UC,40.0,3.45,3450000000.0
BC501A,43,50,0,9,10,73.7,15.7,JAERI_43MEV_BC501A_T050_FE040,JAERI_43MEV_PEAK_3.45E9_N_SR_UC,40.0,3.45,3450000000.0
BC501A,43,50,0,8,9,68.0,8.8,JAERI_43MEV_BC501A_T050_FE040,JAERI_43MEV_PEAK_3.45E9_N_SR_UC,40.0,3.45,3450000000.0
BC501A,43,50,0,7,8,56.9,15.0,JAERI_43MEV_BC501A_T050_FE040,JAERI_43MEV_PEAK_3.45E9_N_SR_UC,40.0,3.45,3450000000.0
BC501A,43,50,0,6,7,48.2,38.4,JAERI_43MEV_BC501A_T050_FE040,JAERI_43MEV_PEAK_3.45E9_N_SR_UC,40.0,3.45,3450000000.0
BC501A,43,50,0,5,6,50.1,28.5,JAERI_43MEV_BC501A_T050_FE040,JAERI_43MEV_PEAK_3.45E9_N_SR_UC,40.0,3.45,3450000000.0
BC501A,43,50,0,4,5,32.0,73.7,JAERI_43MEV_BC501A_T050_FE040,JAERI_43MEV_PEAK_3.45E9_N_SR_UC,40.0,3.45,3450000000.0
BC501A,43,50,20,43,44,76.4,30.7,JAERI_43MEV_BC501A_T050_FE040,JAERI_43MEV_PEAK_3.45E9_N_SR_UC,40.0,3.45,3450000000.0
BC501A,43,50,20,42,43,139.0,35.2,JAERI_43MEV_BC501A_T050_FE040,JAERI_43MEV_PEAK_3.45E9_N_SR_UC,40.0,3.45,3450000000.0
BC501A,43,50,20,41,42,222.0,23.7,JAERI_43MEV_BC501A_T050_FE040,JAERI_43MEV_PEAK_3.45E9_N_SR_UC,40.0,3.45,3450000000.0
BC501A,43,50,20,40,41,296.0,8.6,JAERI_43MEV_BC501A_T050_FE040,JAERI_43MEV_PEAK_3.45E9_N_SR_UC,40.0,3.45,3450000000.0
BC501A,43,50,20,39,40,316.0,8.0,JAERI_43MEV_BC501A_T050_FE040,JAERI_43MEV_PEAK_3.45E9_N_SR_UC,40.0,3.45,3450000000.0
BC501A,43,50,20,38,39,266.0,15.7,JAERI_43MEV_BC501A_T050_FE040,JAERI_43MEV_PEAK_3.45E9_N_SR_UC,40.0,3.45,3450000000.0
BC501A,43,50,20,37,38,179.0,18.6,JAERI_43MEV_BC501A_T050_FE040,JAERI_43MEV_PEAK_3.45E9_N_SR_UC,40.0,3.45,3450000000.0
BC501A,43,50,20,36,37,107.0,14.8,JAERI_43MEV_BC501A_T050_FE040,JAERI_43MEV_PEAK_3.45E9_N_SR_UC,40.0,3.45,3450000000.0
BC501A,43,50,20,35,36,70.6,8.3,JAERI_43MEV_BC501A_T050_FE040,JAERI_43MEV_PEAK_3.45E9_N_SR_UC,40.0,3.45,3450000000.0
BC501A,43,50,20,34,35,58.4,8.9,JAERI_43MEV_BC501A_T050_FE040,JAERI_43MEV_PEAK_3.45E9_N_SR_UC,40.0,3.45,3450000000.0
BC501A,43,50,20,33,34,55.5,8.7,JAERI_43MEV_BC501A_T050_FE040,JAERI_43MEV_PEAK_3.45E9_N_SR_UC,40.0,3.45,3450000000.0
BC501A,43,50,20,32,33,54.6,7.7,JAERI_43MEV_BC501A_T050_FE040,JAERI_43MEV_PEAK_3.45E9_N_SR_UC,40.0,3.45,3450000000.0
BC501A,43,50,20,31,32,53.6,7.4,JAERI_43MEV_BC501A_T050_FE040,JAERI_43MEV_PEAK_3.45E9_N_SR_UC,40.0,3.45,3450000000.0
BC501A,43,50,20,30,31,52.3,7.9,JAERI_43MEV_BC501A_T050_FE040,JAERI_43MEV_PEAK_3.45E9_N_SR_UC,40.0,3.45,3450000000.0
BC501A,43,50,20,29,30,50.7,9.0,JAERI_43MEV_BC501A_T050_FE040,JAERI_43MEV_PEAK_3.45E9_N_SR_UC,40.0,3.45,3450000000.0
BC501A,43,50,20,28,29,49.1,10.8,JAERI_43MEV_BC501A_T050_FE040,JAERI_43MEV_PEAK_3.45E9_N_SR_UC,40.0,3.45,3450000000.0
BC501A,43,50,20,27,28,47.5,13.2,JAERI_43MEV_BC501A_T050_FE040,JAERI_43MEV_PEAK_3.45E9_N_SR_UC,40.0,3.45,3450000000.0
BC501A,43,50,20,26,27,46.0,15.9,JAERI_43MEV_BC501A_T050_FE040,JAERI_43MEV_PEAK_3.45E9_N_SR_UC,40.0,3.45,3450000000.0
BC501A,43,50,20,25,26,44.4,18.1,JAERI_43MEV_BC501A_T050_FE040,JAERI_43MEV_PEAK_3.45E9_N_SR_UC,40.0,3.45,3450000000.0
BC501A,43,50,20,24,25,42.7,19.1,JAERI_43MEV_BC501A_T050_FE040,JAERI_43MEV_PEAK_3.45E9_N_SR_UC,40.0,3.45,3450000000.0
BC501A,43,50,20,23,24,40.6,18.2,JAERI_43MEV_BC501A_T050_FE040,JAERI_43MEV_PEAK_3.45E9_N_SR_UC,40.0,3.45,3450000000.0
BC501A,43,50,20,22,23,38.3,15.1,JAERI_43MEV_BC501A_T050_FE040,JAERI_43MEV_PEAK_3.45E9_N_SR_UC,40.0,3.45,3450000000.0
BC501A,43,50,20,21,22,35.8,9.9,JAERI_43MEV_BC501A_T050_FE040,JAERI_43MEV_PEAK_3.45E9_N_SR_UC,40.0,3.45,3450000000.0
BC501A,43,50,20,20,21,33.1,4.9,JAERI_43MEV_BC501A_T050_FE040,JAERI_43MEV_PEAK_3.45E9_N_SR_UC,40.0,3.45,3450000000.0
BC501A,43,50,20,19,20,30.6,7.8,JAERI_43MEV_BC501A_T050_FE040,JAERI_43MEV_PEAK_3.45E9_N_SR_UC,40.0,3.45,3450000000.0
BC501A,43,50,20,18,19,28.4,11.9,JAERI_43MEV_BC501A_T050_FE040,JAERI_43MEV_PEAK_3.45E9_N_SR_UC,40.0,3.45,3450000000.0
BC501A,43,50,20,17,18,26.7,12.2,JAERI_43MEV_BC501A_T050_FE040,JAERI_43MEV_PEAK_3.45E9_N_SR_UC,40.0,3.45,3450000000.0
BC501A,43,50,20,16,17,25.4,8.9,JAERI_43MEV_BC501A_T050_FE040,JAERI_43MEV_PEAK_3.45E9_N_SR_UC,40.0,3.45,3450000000.0
BC501A,43,50,20,15,16,24.2,5.8,JAERI_43MEV_BC501A_T050_FE040,JAERI_43MEV_PEAK_3.45E9_N_SR_UC,40.0,3.45,3450000000.0
BC501A,43,50,20,14,15,23.1,5.2,JAERI_43MEV_BC501A_T050_FE040,JAERI_43MEV_PEAK_3.45E9_N_SR_UC,40.0,3.45,3450000000.0
BC501A,43,50,20,13,14,22.0,6.8,JAERI_43MEV_BC501A_T050_FE040,JAERI_43MEV_PEAK_3.45E9_N_SR_UC,40.0,3.45,3450000000.0
BC501A,43,50,20,12,13,20.9,10.7,JAERI_43MEV_BC501A_T050_FE040,JAERI_43MEV_PEAK_3.45E9_N_SR_UC,40.0,3.45,3450000000.0
BC501A,43,50,20,11,12,19.9,14.0,JAERI_43MEV_BC501A_T050_FE040,JAERI_43MEV_PEAK_3.45E9_N_SR_UC,40.0,3.45,3450000000.0
BC501A,43,50,20,10,11,19.2,14.7,JAERI_43MEV_BC501A_T050_FE040,JAERI_43MEV_PEAK_3.45E9_N_SR_UC,40.0,3.45,3450000000.0
BC501A,43,50,20,9,10,19.0,11.9,JAERI_43MEV_BC501A_T050_FE040,JAERI_43MEV_PEAK_3.45E9_N_SR_UC,40.0,3.45,3450000000.0
BC501A,43,50,20,8,9,19.4,4.6,JAERI_43MEV_BC501A_T050_FE040,JAERI_43MEV_PEAK_3.45E9_N_SR_UC,40.0,3.45,3450000000.0
BC501A,43,50,20,7,8,20.2,18.6,JAERI_43MEV_BC501A_T050_FE040,JAERI_43MEV_PEAK_3.45E9_N_SR_UC,40.0,3.45,3450000000.0
BC501A,43,50,20,6,7,19.5,42.0,JAERI_43MEV_BC501A_T050_FE040,JAERI_43MEV_PEAK_3.45E9_N_SR_UC,40.0,3.45,3450000000.0
BC501A,43,50,40,43,44,11.5,20.5,JAERI_43MEV_BC501A_T050_FE040,JAERI_43MEV_PEAK_3.45E9_N_SR_UC,40.0,3.45,3450000000.0
BC501A,43,50,40,42,43,22.4,21.3,JAERI_43MEV_BC501A_T050_FE040,JAERI_43MEV_PEAK_3.45E9_N_SR_UC,40.0,3.45,3450000000.0
BC501A,43,50,40,41,42,33.4,15.5,JAERI_43MEV_BC501A_T050_FE040,JAERI_43MEV_PEAK_3.45E9_N_SR_UC,40.0,3.45,3450000000.0
BC501A,43,50,40,40,41,40.1,7.0,JAERI_43MEV_BC501A_T050_FE040,JAERI_43MEV_PEAK_3.45E9_N_SR_UC,40.0,3.45,3450000000.0
BC501A,43,50,40,39,40,40.1,7.7,JAERI_43MEV_BC501A_T050_FE040,JAERI_43MEV_PEAK_3.45E9_N_SR_UC,40.0,3.45,3450000000.0
BC501A,43,50,40,38,39,33.9,14.2,JAERI_43MEV_BC501A_T050_FE040,JAERI_43MEV_PEAK_3.45E9_N_SR_UC,40.0,3.45,3450000000.0
BC501A,43,50,40,37,38,24.7,15.8,JAERI_43MEV_BC501A_T050_FE040,JAERI_43MEV_PEAK_3.45E9_N_SR_UC,40.0,3.45,3450000000.0
BC501A,43,50,40,36,37,16.9,10.7,JAERI_43MEV_BC501A_T050_FE040,JAERI_43MEV_PEAK_3.45E9_N_SR_UC,40.0,3.45,3450000000.0
BC501A,43,50,40,35,36,12.8,6.3,JAERI_43MEV_BC501A_T050_FE040,JAERI_43MEV_PEAK_3.45E9_N_SR_UC,40.0,3.45,3450000000.0
BC501A,43,50,40,34,35,11.4,8.1,JAERI_43MEV_BC501A_T050_FE040,JAERI_43MEV_PEAK_3.45E9_N_SR_UC,40.0,3.45,3450000000.0
BC501A,43,50,40,33,34,11.0,7.9,JAERI_43MEV_BC501A_T050_FE040,JAERI_43MEV_PEAK_3.45E9_N_SR_UC,40.0,3.45,3450000000.0
BC501A,43,50,40,32,33,10.6,7.2,JAERI_43MEV_BC501A_T050_FE040,JAERI_43MEV_PEAK_3.45E9_N_SR_UC,40.0,3.45,3450000000.0
BC501A,43,50,40,31,32,10.3,6.9,JAERI_43MEV_BC501A_T050_FE040,JAERI_43MEV_PEAK_3.45E9_N_SR_UC,40.0,3.45,3450000000.0
BC501A,43,50,40,30,31,9.85,7.2,JAERI_43MEV_BC501A_T050_FE040,JAERI_43MEV_PEAK_3.45E9_N_SR_UC,40.0,3.45,3450000000.0
BC501A,43,50,40,29,30,9.36,8.1,JAERI_43MEV_BC501A_T050_FE040,JAERI_43MEV_PEAK_3.45E9_N_SR_UC,40.0,3.45,3450000000.0
BC501A,43,50,40,28,29,8.81,9.6,JAERI_43MEV_BC501A_T050_FE040,JAERI_43MEV_PEAK_3.45E9_N_SR_UC,40.0,3.45,3450000000.0
BC501A,43,50,40,27,28,8.21,12.1,JAERI_43MEV_BC501A_T050_FE040,JAERI_43MEV_PEAK_3.45E9_N_SR_UC,40.0,3.45,3450000000.0
BC501A,43,50,40,26,27,7.61,15.1,JAERI_43MEV_BC501A_T050_FE040,JAERI_43MEV_PEAK_3.45E9_N_SR_UC,40.0,3.45,3450000000.0
BC501A,43,50,40,25,26,7.1,17.8,JAERI_43MEV_BC501A_T050_FE040,JAERI_43MEV_PEAK_3.45E9_N_SR_UC,40.0,3.45,3450000000.0
BC501A,43,50,40,24,25,6.77,19.0,JAERI_43MEV_BC501A_T050_FE040,JAERI_43MEV_PEAK_3.45E9_N_SR_UC,40.0,3.45,3450000000.0
BC501A,43,50,40,23,24,6.66,17.5,JAERI_43MEV_BC501A_T050_FE040,JAERI_43MEV_PEAK_3.45E9_N_SR_UC,40.0,3.45,3450000000.0
BC501A,43,50,40,22,23,6.77,13.6,JAERI_43MEV_BC501A_T050_FE040,JAERI_43MEV_PEAK_3.45E9_N_SR_UC,40.0,3.45,3450000000.0
BC501A,43,50,40,21,22,7.03,8.3,JAERI_43MEV_BC501A_T050_FE040,JAERI_43MEV_PEAK_3.45E9_N_SR_UC,40.0,3.45,3450000000.0
BC501A,43,50,40,20,21,7.33,4.7,JAERI_43MEV_BC501A_T050_FE040,JAERI_43MEV_PEAK_3.45E9_N_SR_UC,40.0,3.45,3450000000.0
BC501A,43,50,40,19,20,7.5,5.9,JAERI_43MEV_BC501A_T050_FE040,JAERI_43MEV_PEAK_3.45E9_N_SR_UC,40.0,3.45,3450000000.0
BC501A,43,50,40,18,19,7.4,7.7,JAERI_43MEV_BC501A_T050_FE040,JAERI_43MEV_PEAK_3.45E9_N_SR_UC,40.0,3.45,3450000000.0
BC501A,43,50,40,17,18,6.98,7.7,JAERI_43MEV_BC501A_T050_FE040,JAERI_43MEV_PEAK_3.45E9_N_SR_UC,40.0,3.45,3450000000.0
BC501A,43,50,40,16,17,6.34,6.3,JAERI_43MEV_BC501A_T050_FE040,JAERI_43MEV_PEAK_3.45E9_N_SR_UC,40.0,3.45,3450000000.0
BC501A,43,50,40,15,16,5.75,5.0,JAERI_43MEV_BC501A_T050_FE040,JAERI_43MEV_PEAK_3.45E9_N_SR_UC,40.0,3.45,3450000000.0
BC501A,43,50,40,14,15,5.4,4.8,JAERI_43MEV_BC501A_T050_FE040,JAERI_43MEV_PEAK_3.45E9_N_SR_UC,40.0,3.45,3450000000.0
BC501A,43,50,40,13,14,5.34,5.5,JAERI_43MEV_BC501A_T050_FE040,JAERI_43MEV_PEAK_3.45E9_N_SR_UC,40.0,3.45,3450000000.0
BC501A,43,50,40,12,13,5.43,7.3,JAERI_43MEV_BC501A_T050_FE040,JAERI_43MEV_PEAK_3.45E9_N_SR_UC,40.0,3.45,3450000000.0
BC501A,43,50,40,11,12,5.51,8.7,JAERI_43MEV_BC501A_T050_FE040,JAERI_43MEV_PEAK_3.45E9_N_SR_UC,40.0,3.45,3450000000.0
BC501A,43,50,40,10,11,5.51,8.8,JAERI_43MEV_BC501A_T050_FE040,JAERI_43MEV_PEAK_3.45E9_N_SR_UC,40.0,3.45,3450000000.0
BC501A,43,50,40,9,10,5.41,7.5,JAERI_43MEV_BC501A_T050_FE040,JAERI_43MEV_PEAK_3.45E9_N_SR_UC,40.0,3.45,3450000000.0
BC501A,43,50,40,8,9,5.06,4.5,JAERI_43MEV_BC501A_T050_FE040,JAERI_43MEV_PEAK_3.45E9_N_SR_UC,40.0,3.45,3450000000.0
BC501A,43,50,40,7,8,4.09,14.8,JAERI_43MEV_BC501A_T050_FE040,JAERI_43MEV_PEAK_3.45E9_N_SR_UC,40.0,3.45,3450000000.0
BC501A,43,100,0,43,44,7.98,7.7,JAERI_43MEV_BC501A_T100_FE000,JAERI_43MEV_PEAK_3.15E9_N_SR_UC,0.0,3.15,3150000000.0
BC501A,43,100,0,42,43,16.6,5.7,JAERI_43MEV_BC501A_T100_FE000,JAERI_43MEV_PEAK_3.15E9_N_SR_UC,0.0,3.15,3150000000.0
BC501A,43,100,0,41,42,27.4,4.8,JAERI_43MEV_BC501A_T100_FE000,JAERI_43MEV_PEAK_3.15E9_N_SR_UC,0.0,3.15,3150000000.0
BC501A,43,100,0,40,41,35.9,4.5,JAERI_43MEV_BC501A_T100_FE000,JAERI_43MEV_PEAK_3.15E9_N_SR_UC,0.0,3.15,3150000000.0
BC501A,43,100,0,39,40,37.3,4.9,JAERI_43MEV_BC501A_T100_FE000,JAERI_43MEV_PEAK_3.15E9_N_SR_UC,0.0,3.15,3150000000.0
BC501A,43,100,0,38,39,31.0,5.9,JAERI_43MEV_BC501A_T100_FE000,JAERI_43MEV_PEAK_3.15E9_N_SR_UC,0.0,3.15,3150000000.0
BC501A,43,100,0,37,38,21.3,6.6,JAERI_43MEV_BC501A_T100_FE000,JAERI_43MEV_PEAK_3.15E9_N_SR_UC,0.0,3.15,3150000000.0
BC501A,43,100,0,36,37,13.1,5.8,JAERI_43MEV_BC501A_T100_FE000,JAERI_43MEV_PEAK_3.15E9_N_SR_UC,0.0,3.15,3150000000.0
BC501A,43,100,0,35,36,8.37,5.0,JAERI_43MEV_BC501A_T100_FE000,JAERI_43MEV_PEAK_3.15E9_N_SR_UC,0.0,3.15,3150000000.0
BC501A,43,100,0,34,35,6.42,7.4,JAERI_43MEV_BC501A_T100_FE000,JAERI_43MEV_PEAK_3.15E9_N_SR_UC,0.0,3.15,3150000000.0
BC501A,43,100,0,33,34,5.78,8.0,JAERI_43MEV_BC501A_T100_FE000,JAERI_43MEV_PEAK_3.15E9_N_SR_UC,0.0,3.15,3150000000.0
BC501A,43,100,0,32,33,5.53,7.6,JAERI_43MEV_BC501A_T100_FE000,JAERI_43MEV_PEAK_3.15E9_N_SR_UC,0.0,3.15,3150000000.0
BC501A,43,100,0,31,32,5.31,7.6,JAERI_43MEV_BC501A_T100_FE000,JAERI_43MEV_PEAK_3.15E9_N_SR_UC,0.0,3.15,3150000000.0
BC501A,43,100,0,30,31,5.06,7.7,JAERI_43MEV_BC501A_T100_FE000,JAERI_43MEV_PEAK_3.15E9_N_SR_UC,0.0,3.15,3150000000.0
BC501A,43,100,0,29,30,4.8,7.8,JAERI_43MEV_BC501A_T100_FE000,JAERI_43MEV_PEAK_3.15E9_N_SR_UC,0.0,3.15,3150000000.0
BC501A,43,100,0,28,29,4.54,8.7,JAERI_43MEV_BC501A_T100_FE000,JAERI_43MEV_PEAK_3.15E9_N_SR_UC,0.0,3.15,3150000000.0
BC501A,43,100,0,27,28,4.29,11.0,JAERI_43MEV_BC501A_T100_FE000,JAERI_43MEV_PEAK_3.15E9_N_SR_UC,0.0,3.15,3150000000.0
BC501A,43,100,0,26,27,4.04,15.0,JAERI_43MEV_BC501A_T100_FE000,JAERI_43MEV_PEAK_3.15E9_N_SR_UC,0.0,3.15,3150000000.0
BC501A,43,100,0,25,26,3.75,19.9,JAERI_43MEV_BC501A_T100_FE000,JAERI_43MEV_PEAK_3.15E9_N_SR_UC,0.0,3.15,3150000000.0
BC501A,43,100,0,24,25,3.4,23.7,JAERI_43MEV_BC501A_T100_FE000,JAERI_43MEV_PEAK_3.15E9_N_SR_UC,0.0,3.15,3150000000.0
BC501A,43,100,0,23,24,3.03,24.8,JAERI_43MEV_BC501A_T100_FE000,JAERI_43MEV_PEAK_3.15E9_N_SR_UC,0.0,3.15,3150000000.0
BC501A,43,100,0,22,23,2.68,21.9,JAERI_43MEV_BC501A_T100_FE000,JAERI_43MEV_PEAK_3.15E9_N_SR_UC,0.0,3.15,3150000000.0
BC501A,43,100,0,21,22,2.38,14.7,JAERI_43MEV_BC501A_T100_FE000,JAERI_43MEV_PEAK_3.15E9_N_SR_UC,0.0,3.15,3150000000.0
BC501A,43,100,0,20,21,2.17,5.7,JAERI_43MEV_BC501A_T100_FE000,JAERI_43MEV_PEAK_3.15E9_N_SR_UC,0.0,3.15,3150000000.0
BC501A,43,100,0,19,20,2.03,12.9,JAERI_43MEV_BC501A_T100_FE000,JAERI_43MEV_PEAK_3.15E9_N_SR_UC,0.0,3.15,3150000000.0
BC501A,43,100,0,18,19,1.93,21.3,JAERI_43MEV_BC501A_T100_FE000,JAERI_43MEV_PEAK_3.15E9_N_SR_UC,0.0,3.15,3150000000.0
BC501A,43,100,0,17,18,1.85,21.2,JAERI_43MEV_BC501A_T100_FE000,JAERI_43MEV_PEAK_3.15E9_N_SR_UC,0.0,3.15,3150000000.0
BC501A,43,100,0,16,17,1.75,12.6,JAERI_43MEV_BC501A_T100_FE000,JAERI_43MEV_PEAK_3.15E9_N_SR_UC,0.0,3.15,3150000000.0
BC501A,43,100,0,15,16,1.65,5.7,JAERI_43MEV_BC501A_T100_FE000,JAERI_43MEV_PEAK_3.15E9_N_SR_UC,0.0,3.15,3150000000.0
BC501A,43,100,0,14,15,1.55,7.2,JAERI_43MEV_BC501A_T100_FE000,JAERI_43MEV_PEAK_3.15E9_N_SR_UC,0.0,3.15,3150000000.0
BC501A,43,100,0,13,14,1.46,5.1,JAERI_43MEV_BC501A_T100_FE000,JAERI_43MEV_PEAK_3.15E9_N_SR_UC,0.0,3.15,3150000000.0
BC501A,43,100,0,12,13,1.39,13.3,JAERI_43MEV_BC501A_T100_FE000,JAERI_43MEV_PEAK_3.15E9_N_SR_UC,0.0,3.15,3150000000.0
BC501A,43,100,0,11,12,1.33,20.2,JAERI_43MEV_BC501A_T100_FE000,JAERI_43MEV_PEAK_3.15E9_N_SR_UC,0.0,3.15,3150000000.0
BC501A,43,100,0,10,11,1.3,20.4,JAERI_43MEV_BC501A_T100_FE000,JAERI_43MEV_PEAK_3.15E9_N_SR_UC,0.0,3.15,3150000000.0
BC501A,43,100,0,9,10,1.31,16.2,JAERI_43MEV_BC501A_T100_FE000,JAERI_43MEV_PEAK_3.15E9_N_SR_UC,0.0,3.15,3150000000.0
BC501A,43,100,0,8,9,1.38,8.2,JAERI_43MEV_BC501A_T100_FE000,JAERI_43MEV_PEAK_3.15E9_N_SR_UC,0.0,3.15,3150000000.0
BC501A,43,100,0,7,8,1.44,11.4,JAERI_43MEV_BC501A_T100_FE000,JAERI_43MEV_PEAK_3.15E9_N_SR_UC,0.0,3.15,3150000000.0
BC501A,43,100,0,6,7,1.52,22.7,JAERI_43MEV_BC501A_T100_FE000,JAERI_43MEV_PEAK_3.15E9_N_SR_UC,0.0,3.15,3150000000.0
BC501A,43,100,0,5,6,1.66,16.3,JAERI_43MEV_BC501A_T100_FE000,JAERI_43MEV_PEAK_3.15E9_N_SR_UC,0.0,3.15,3150000000.0
BC501A,43,100,0,4,5,1.57,27.5,JAERI_43MEV_BC501A_T100_FE000,JAERI_43MEV_PEAK_3.15E9_N_SR_UC,0.0,3.15,3150000000.0
BC501A,43,150,0,43,44,0.203,11.7,JAERI_43MEV_BC501A_T150_FE000,JAERI_43MEV_PEAK_3.15E9_N_SR_UC,0.0,3.15,3150000000.0
BC501A,43,150,0,42,43,0.391,8.8,JAERI_43MEV_BC501A_T150_FE000,JAERI_43MEV_PEAK_3.15E9_N_SR_UC,0.0,3.15,3150000000.0
BC501A,43,150,0,41,42,0.625,7.2,JAERI_43MEV_BC501A_T150_FE000,JAERI_43MEV_PEAK_3.15E9_N_SR_UC,0.0,3.15,3150000000.0
BC501A,43,150,0,40,41,0.816,5.8,JAERI_43MEV_BC501A_T150_FE000,JAERI_43MEV_PEAK_3.15E9_N_SR_UC,0.0,3.15,3150000000.0
BC501A,43,150,0,39,40,0.865,4.9,JAERI_43MEV_BC501A_T150_FE000,JAERI_43MEV_PEAK_3.15E9_N_SR_UC,0.0,3.15,3150000000.0
BC501A,43,150,0,38,39,0.747,8.2,JAERI_43MEV_BC501A_T150_FE000,JAERI_43MEV_PEAK_3.15E9_N_SR_UC,0.0,3.15,3150000000.0
BC501A,43,150,0,37,38,0.54,15.6,JAERI_43MEV_BC501A_T150_FE000,JAERI_43MEV_PEAK_3.15E9_N_SR_UC,0.0,3.15,3150000000.0
BC501A,43,150,0,36,37,0.357,21.2,JAERI_43MEV_BC501A_T150_FE000,JAERI_43MEV_PEAK_3.15E9_N_SR_UC,0.0,3.15,3150000000.0
BC501A,43,150,0,35,36,0.251,15.7,JAERI_43MEV_BC501A_T150_FE000,JAERI_43MEV_PEAK_3.15E9_N_SR_UC,0.0,3.15,3150000000.0
BC501A,43,150,0,34,35,0.211,7.0,JAERI_43MEV_BC501A_T150_FE000,JAERI_43MEV_PEAK_3.15E9_N_SR_UC,0.0,3.15,3150000000.0
BC501A,43,150,0,33,34,0.2,13.7,JAERI_43MEV_BC501A_T150_FE000,JAERI_43MEV_PEAK_3.15E9_N_SR_UC,0.0,3.15,3150000000.0
BC501A,43,150,0,32,33,0.193,16.3,JAERI_43MEV_BC501A_T150_FE000,JAERI_43MEV_PEAK_3.15E9_N_SR_UC,0.0,3.15,3150000000.0
BC501A,43,150,0,31,32,0.185,15.6,JAERI_43MEV_BC501A_T150_FE000,JAERI_43MEV_PEAK_3.15E9_N_SR_UC,0.0,3.15,3150000000.0
BC501A,43,150,0,30,31,0.174,14.4,JAERI_43MEV_BC501A_T150_FE000,JAERI_43MEV_PEAK_3.15E9_N_SR_UC,0.0,3.15,3150000000.0
BC501A,43,150,0,29,30,0.163,13.8,JAERI_43MEV_BC501A_T150_FE000,JAERI_43MEV_PEAK_3.15E9_N_SR_UC,0.0,3.15,3150000000.0
BC501A,43,150,0,28,29,0.153,14.6,JAERI_43MEV_BC501A_T150_FE000,JAERI_43MEV_PEAK_3.15E9_N_SR_UC,0.0,3.15,3150000000.0
BC501A,43,150,0,27,28,0.146,16.5,JAERI_43MEV_BC501A_T150_FE000,JAERI_43MEV_PEAK_3.15E9_N_SR_UC,0.0,3.15,3150000000.0
BC501A,43,150,0,26,27,0.141,19.0,JAERI_43MEV_BC501A_T150_FE000,JAERI_43MEV_PEAK_3.15E9_N_SR_UC,0.0,3.15,3150000000.0
BC501A,43,150,0,25,26,0.136,21.3,JAERI_43MEV_BC501A_T150_FE000,JAERI_43MEV_PEAK_3.15E9_N_SR_UC,0.0,3.15,3150000000.0
BC501A,43,150,0,24,25,0.129,22.6,JAERI_43MEV_BC501A_T150_FE000,JAERI_43MEV_PEAK_3.15E9_N_SR_UC,0.0,3.15,3150000000.0
BC501A,43,150,0,23,24,0.118,22.2,JAERI_43MEV_BC501A_T150_FE000,JAERI_43MEV_PEAK_3.15E9_N_SR_UC,0.0,3.15,3150000000.0
BC501A,43,150,0,22,23,0.105,19.4,JAERI_43MEV_BC501A_T150_FE000,JAERI_43MEV_PEAK_3.15E9_N_SR_UC,0.0,3.15,3150000000.0
BC501A,43,150,0,21,22,0.0881,13.7,JAERI_43MEV_BC501A_T150_FE000,JAERI_43MEV_PEAK_3.15E9_N_SR_UC,0.0,3.15,3150000000.0
BC501A,43,150,0,20,21,0.0713,6.6,JAERI_43MEV_BC501A_T150_FE000,JAERI_43MEV_PEAK_3.15E9_N_SR_UC,0.0,3.15,3150000000.0
BC501A,43,150,0,19,20,0.0571,12.8,JAERI_43MEV_BC501A_T150_FE000,JAERI_43MEV_PEAK_3.15E9_N_SR_UC,0.0,3.15,3150000000.0
BC501A,43,150,0,18,19,0.0481,22.4,JAERI_43MEV_BC501A_T150_FE000,JAERI_43MEV_PEAK_3.15E9_N_SR_UC,0.0,3.15,3150000000.0
BC501A,43,150,0,17,18,0.0453,22.4,JAERI_43MEV_BC501A_T150_FE000,JAERI_43MEV_PEAK_3.15E9_N_SR_UC,0.0,3.15,3150000000.0
BC501A,43,150,0,16,17,0.0467,14.6,JAERI_43MEV_BC501A_T150_FE000,JAERI_43MEV_PEAK_3.15E9_N_SR_UC,0.0,3.15,3150000000.0
BC501A,43,150,0,15,16,0.0487,8.2,JAERI_43MEV_BC501A_T150_FE000,JAERI_43MEV_PEAK_3.15E9_N_SR_UC,0.0,3.15,3150000000.0
BC501A,43,150,0,14,15,0.0483,6.7,JAERI_43MEV_BC501A_T150_FE000,JAERI_43MEV_PEAK_3.15E9_N_SR_UC,0.0,3.15,3150000000.0
BC501A,43,150,0,13,14,0.045,9.8,JAERI_43MEV_BC501A_T150_FE000,JAERI_43MEV_PEAK_3.15E9_N_SR_UC,0.0,3.15,3150000000.0
BC501A,43,150,0,12,13,0.0406,18.0,JAERI_43MEV_BC501A_T150_FE000,JAERI_43MEV_PEAK_3.15E9_N_SR_UC,0.0,3.15,3150000000.0
BC501A,43,150,0,11,12,0.0371,25.5,JAERI_43MEV_BC501A_T150_FE000,JAERI_43MEV_PEAK_3.15E9_N_SR_UC,0.0,3.15,3150000000.0
BC501A,43,150,0,10,11,0.0359,27.1,JAERI_43MEV_BC501A_T150_FE000,JAERI_43MEV_PEAK_3.15E9_N_SR_UC,0.0,3.15,3150000000.0
BC501A,43,150,0,9,10,0.0378,20.4,JAERI_43MEV_BC501A_T150_FE000,JAERI_43MEV_PEAK_3.15E9_N_SR_UC,0.0,3.15,3150000000.0
BC501A,43,150,0,8,9,0.0451,5.2,JAERI_43MEV_BC501A_T150_FE000,JAERI_43MEV_PEAK_3.15E9_N_SR_UC,0.0,3.15,3150000000.0
BC501A,43,150,0,7,8,0.0583,22.8,JAERI_43MEV_BC501A_T150_FE000,JAERI_43MEV_PEAK_3.15E9_N_SR_UC,0.0,3.15,3150000000.0
BC501A,43,150,0,6,7,0.0687,42.2,JAERI_43MEV_BC501A_T150_FE000,JAERI_43MEV_PEAK_3.15E9_N_SR_UC,0.0,3.15,3150000000.0
BC501A,43,150,0,5,6,0.0631,54.9,JAERI_43MEV_BC501A_T150_FE000,JAERI_43MEV_PEAK_3.15E9_N_SR_UC,0.0,3.15,3150000000.0
BC501A,68,25,0,68,70,16000.0,4.8,JAERI_68MEV_BC501A_T025_FE080,JAERI_68MEV_PEAK_4.77E9_N_SR_UC,80.0,4.77,4770000000.0
BC501A,68,25,0,66,68,32400.0,4.7,JAERI_68MEV_BC501A_T025_FE080,JAERI_68MEV_PEAK_4.77E9_N_SR_UC,80.0,4.77,4770000000.0
BC501A,68,25,0,64,66,45800.0,4.5,JAERI_68MEV_BC501A_T025_FE080,JAERI_68MEV_PEAK_4.77E9_N_SR_UC,80.0,4.77,4770000000.0
BC501A,68,25,0,62,64,46600.0,4.4,JAERI_68MEV_BC501A_T025_FE080,JAERI_68MEV_PEAK_4.77E9_N_SR_UC,80.0,4.77,4770000000.0
BC501A,68,25,0,60,62,34800.0,4.7,JAERI_68MEV_BC501A_T025_FE080,JAERI_68MEV_PEAK_4.77E9_N_SR_UC,80.0,4.77,4770000000.0
BC501A,68,25,0,58,60,19500.0,5.1,JAERI_68MEV_BC501A_T025_FE080,JAERI_68MEV_PEAK_4.77E9_N_SR_UC,80.0,4.77,4770000000.0
BC501A,68,25,0,56,58,9140.0,4.9,JAERI_68MEV_BC501A_T025_FE080,JAERI_68MEV_PEAK_4.77E9_N_SR_UC,80.0,4.77,4770000000.0
BC501A,68,25,0,54,56,5440.0,5.9,JAERI_68MEV_BC501A_T025_FE080,JAERI_68MEV_PEAK_4.77E9_N_SR_UC,80.0,4.77,4770000000.0
BC501A,68,25,0,52,54,5550.0,6.3,JAERI_68MEV_BC501A_T025_FE080,JAERI_68MEV_PEAK_4.77E9_N_SR_UC,80.0,4.77,4770000000.0
BC501A,68,25,0,50,52,6560.0,5.5,JAERI_68MEV_BC501A_T025_FE080,JAERI_68MEV_PEAK_4.77E9_N_SR_UC,80.0,4.77,4770000000.0
BC501A,68,25,0,48,50,7050.0,5.2,JAERI_68MEV_BC501A_T025_FE080,JAERI_68MEV_PEAK_4.77E9_N_SR_UC,80.0,4.77,4770000000.0
BC501A,68,25,0,46,48,6740.0,5.2,JAERI_68MEV_BC501A_T025_FE080,JAERI_68MEV_PEAK_4.77E9_N_SR_UC,80.0,4.77,4770000000.0
BC501A,68,25,0,44,46,5920.0,5.2,JAERI_68MEV_BC501A_T025_FE080,JAERI_68MEV_PEAK_4.77E9_N_SR_UC,80.0,4.77,4770000000.0
BC501A,68,25,0,43,44,5280.0,5.3,JAERI_68MEV_BC501A_T025_FE080,JAERI_68MEV_PEAK_4.77E9_N_SR_UC,80.0,4.77,4770000000.0
BC501A,68,25,0,42,43,4940.0,5.5,JAERI_68MEV_BC501A_T025_FE080,JAERI_68MEV_PEAK_4.77E9_N_SR_UC,80.0,4.77,4770000000.0
BC501A,68,25,0,41,42,4690.0,5.7,JAERI_68MEV_BC501A_T025_FE080,JAERI_68MEV_PEAK_4.77E9_N_SR_UC,80.0,4.77,4770000000.0
BC501A,68,25,0,40,41,4530.0,5.9,JAERI_68MEV_BC501A_T025_FE080,JAERI_68MEV_PEAK_4.77E9_N_SR_UC,80.0,4.77,4770000000.0
BC501A,68,25,0,39,40,4420.0,6.3,JAERI_68MEV_BC501A_T025_FE080,JAERI_68MEV_PEAK_4.77E9_N_SR_UC,80.0,4.77,4770000000.0
BC501A,68,25,0,38,39,4350.0,6.7,JAERI_68MEV_BC501A_T025_FE080,JAERI_68MEV_PEAK_4.77E9_N_SR_UC,80.0,4.77,4770000000.0
BC501A,68,25,0,37,38,4270.0,6.9,JAERI_68MEV_BC501A_T025_FE080,JAERI_68MEV_PEAK_4.77E9_N_SR_UC,80.0,4.77,4770000000.0
BC501A,68,25,0,36,37,4170.0,7.1,JAERI_68MEV_BC501A_T025_FE080,JAERI_68MEV_PEAK_4.77E9_N_SR_UC,80.0,4.77,4770000000.0
BC501A,68,25,0,35,36,4020.0,7.3,JAERI_68MEV_BC501A_T025_FE080,JAERI_68MEV_PEAK_4.77E9_N_SR_UC,80.0,4.77,4770000000.0
BC501A,68,25,0,34,35,3830.0,7.6,JAERI_68MEV_BC501A_T025_FE080,JAERI_68MEV_PEAK_4.77E9_N_SR_UC,80.0,4.77,4770000000.0
BC501A,68,25,0,33,34,3630.0,7.8,JAERI_68MEV_BC501A_T025_FE080,JAERI_68MEV_PEAK_4.77E9_N_SR_UC,80.0,4.77,4770000000.0
BC501A,68,25,0,32,33,3440.0,8.1,JAERI_68MEV_BC501A_T025_FE080,JAERI_68MEV_PEAK_4.77E9_N_SR_UC,80.0,4.77,4770000000.0
BC501A,68,25,0,31,32,3310.0,8.2,JAERI_68MEV_BC501A_T025_FE080,JAERI_68MEV_PEAK_4.77E9_N_SR_UC,80.0,4.77,4770000000.0
BC501A,68,25,0,30,31,3240.0,8.2,JAERI_68MEV_BC501A_T025_FE080,JAERI_68MEV_PEAK_4.77E9_N_SR_UC,80.0,4.77,4770000000.0
BC501A,68,25,0,29,30,3230.0,8.3,JAERI_68MEV_BC501A_T025_FE080,JAERI_68MEV_PEAK_4.77E9_N_SR_UC,80.0,4.77,4770000000.0
BC501A,68,25,0,28,29,3240.0,8.7,JAERI_68MEV_BC501A_T025_FE080,JAERI_68MEV_PEAK_4.77E9_N_SR_UC,80.0,4.77,4770000000.0
BC501A,68,25,0,27,28,3210.0,9.6,JAERI_68MEV_BC501A_T025_FE080,JAERI_68MEV_PEAK_4.77E9_N_SR_UC,80.0,4.77,4770000000.0
BC501A,68,25,0,26,27,3100.0,10.8,JAERI_68MEV_BC501A_T025_FE080,JAERI_68MEV_PEAK_4.77E9_N_SR_UC,80.0,4.77,4770000000.0
BC501A,68,25,0,25,26,2900.0,12.3,JAERI_68MEV_BC501A_T025_FE080,JAERI_68MEV_PEAK_4.77E9_N_SR_UC,80.0,4.77,4770000000.0
BC501A,68,25,0,24,25,2630.0,13.6,JAERI_68MEV_BC501A_T025_FE080,JAERI_68MEV_PEAK_4.77E9_N_SR_UC,80.0,4.77,4770000000.0
BC501A,68,25,0,23,24,2310.0,14.0,JAERI_68MEV_BC501A_T025_FE080,JAERI_68MEV_PEAK_4.77E9_N_SR_UC,80.0,4.77,4770000000.0
BC501A,68,25,0,22,23,2000.0,12.8,JAERI_68MEV_BC501A_T025_FE080,JAERI_68MEV_PEAK_4.77E9_N_SR_UC,80.0,4.77,4770000000.0
BC501A,68,25,0,21,22,1690.0,9.7,JAERI_68MEV_BC501A_T025_FE080,JAERI_68MEV_PEAK_4.77E9_N_SR_UC,80.0,4.77,4770000000.0
BC501A,68,25,0,20,21,1400.0,6.0,JAERI_68MEV_BC501A_T025_FE080,JAERI_68MEV_PEAK_4.77E9_N_SR_UC,80.0,4.77,4770000000.0
BC501A,68,25,0,19,20,1140.0,10.9,JAERI_68MEV_BC501A_T025_FE080,JAERI_68MEV_PEAK_4.77E9_N_SR_UC,80.0,4.77,4770000000.0
BC501A,68,25,0,18,19,922.0,17.9,JAERI_68MEV_BC501A_T025_FE080,JAERI_68MEV_PEAK_4.77E9_N_SR_UC,80.0,4.77,4770000000.0
BC501A,68,25,0,17,18,764.0,21.0,JAERI_68MEV_BC501A_T025_FE080,JAERI_68MEV_PEAK_4.77E9_N_SR_UC,80.0,4.77,4770000000.0
BC501A,68,25,0,16,17,672.0,17.7,JAERI_68MEV_BC501A_T025_FE080,JAERI_68MEV_PEAK_4.77E9_N_SR_UC,80.0,4.77,4770000000.0
BC501A,68,25,0,15,16,632.0,11.7,JAERI_68MEV_BC501A_T025_FE080,JAERI_68MEV_PEAK_4.77E9_N_SR_UC,80.0,4.77,4770000000.0
BC501A,68,25,0,14,15,617.0,8.4,JAERI_68MEV_BC501A_T025_FE080,JAERI_68MEV_PEAK_4.77E9_N_SR_UC,80.0,4.77,4770000000.0
BC501A,68,25,0,13,14,599.0,10.0,JAERI_68MEV_BC501A_T025_FE080,JAERI_68MEV_PEAK_4.77E9_N_SR_UC,80.0,4.77,4770000000.0
BC501A,68,25,0,12,13,571.0,15.9,JAERI_68MEV_BC501A_T025_FE080,JAERI_68MEV_PEAK_4.77E9_N_SR_UC,80.0,4.77,4770000000.0
BC501A,68,25,0,11,12,541.0,21.1,JAERI_68MEV_BC501A_T025_FE080,JAERI_68MEV_PEAK_4.77E9_N_SR_UC,80.0,4.77,4770000000.0
BC501A,68,25,0,10,11,522.0,22.1,JAERI_68MEV_BC501A_T025_FE080,JAERI_68MEV_PEAK_4.77E9_N_SR_UC,80.0,4.77,4770000000.0
BC501A,68,25,0,9,10,521.0,17.5,JAERI_68MEV_BC501A_T025_FE080,JAERI_68MEV_PEAK_4.77E9_N_SR_UC,80.0,4.77,4770000000.0
BC501A,68,25,0,8,9,535.0,5.7,JAERI_68MEV_BC501A_T025_FE080,JAERI_68MEV_PEAK_4.77E9_N_SR_UC,80.0,4.77,4770000000.0
BC501A,68,25,0,7,8,549.0,28.1,JAERI_68MEV_BC501A_T025_FE080,JAERI_68MEV_PEAK_4.77E9_N_SR_UC,80.0,4.77,4770000000.0
BC501A,68,25,0,6,7,521.0,64.0,JAERI_68MEV_BC501A_T025_FE080,JAERI_68MEV_PEAK_4.77E9_N_SR_UC,80.0,4.77,4770000000.0
BC501A,68,25,20,68,70,108.0,11.6,JAERI_68MEV_BC501A_T025_FE080,JAERI_68MEV_PEAK_4.77E9_N_SR_UC,80.0,4.77,4770000000.0
BC501A,68,25,20,66,68,258.0,14.6,JAERI_68MEV_BC501A_T025_FE080,JAERI_68MEV_PEAK_4.77E9_N_SR_UC,80.0,4.77,4770000000.0
BC501A,68,25,20,64,66,495.0,11.3,JAERI_68MEV_BC501A_T025_FE080,JAERI_68MEV_PEAK_4.77E9_N_SR_UC,80.0,4.77,4770000000.0
BC501A,68,25,20,62,64,534.0,11.6,JAERI_68MEV_BC501A_T025_FE080,JAERI_68MEV_PEAK_4.77E9_N_SR_UC,80.0,4.77,4770000000.0
BC501A,68,25,20,60,62,376.0,15.8,JAERI_68MEV_BC501A_T025_FE080,JAERI_68MEV_PEAK_4.77E9_N_SR_UC,80.0,4.77,4770000000.0
BC501A,68,25,20,58,60,177.0,15.8,JAERI_68MEV_BC501A_T025_FE080,JAERI_68MEV_PEAK_4.77E9_N_SR_UC,80.0,4.77,4770000000.0
BC501A,68,25,20,56,58,123.0,13.6,JAERI_68MEV_BC501A_T025_FE080,JAERI_68MEV_PEAK_4.77E9_N_SR_UC,80.0,4.77,4770000000.0
BC501A,68,25,20,54,56,151.0,9.6,JAERI_68MEV_BC501A_T025_FE080,JAERI_68MEV_PEAK_4.77E9_N_SR_UC,80.0,4.77,4770000000.0
BC501A,68,25,20,52,54,175.0,6.2,JAERI_68MEV_BC501A_T025_FE080,JAERI_68MEV_PEAK_4.77E9_N_SR_UC,80.0,4.77,4770000000.0
BC501A,68,25,20,50,52,189.0,5.7,JAERI_68MEV_BC501A_T025_FE080,JAERI_68MEV_PEAK_4.77E9_N_SR_UC,80.0,4.77,4770000000.0
BC501A,68,25,20,48,50,200.0,5.9,JAERI_68MEV_BC501A_T025_FE080,JAERI_68MEV_PEAK_4.77E9_N_SR_UC,80.0,4.77,4770000000.0
BC501A,68,25,20,46,48,214.0,6.3,JAERI_68MEV_BC501A_T025_FE080,JAERI_68MEV_PEAK_4.77E9_N_SR_UC,80.0,4.77,4770000000.0
BC501A,68,25,20,44,46,224.0,6.2,JAERI_68MEV_BC501A_T025_FE080,JAERI_68MEV_PEAK_4.77E9_N_SR_UC,80.0,4.77,4770000000.0
BC501A,68,25,20,43,44,226.0,6.0,JAERI_68MEV_BC501A_T025_FE080,JAERI_68MEV_PEAK_4.77E9_N_SR_UC,80.0,4.77,4770000000.0
BC501A,68,25,20,42,43,226.0,5.8,JAERI_68MEV_BC501A_T025_FE080,JAERI_68MEV_PEAK_4.77E9_N_SR_UC,80.0,4.77,4770000000.0
BC501A,68,25,20,41,42,225.0,5.7,JAERI_68MEV_BC501A_T025_FE080,JAERI_68MEV_PEAK_4.77E9_N_SR_UC,80.0,4.77,4770000000.0
BC501A,68,25,20,40,41,225.0,5.9,JAERI_68MEV_BC501A_T025_FE080,JAERI_68MEV_PEAK_4.77E9_N_SR_UC,80.0,4.77,4770000000.0
BC501A,68,25,20,39,40,225.0,6.4,JAERI_68MEV_BC501A_T025_FE080,JAERI_68MEV_PEAK_4.77E9_N_SR_UC,80.0,4.77,4770000000.0
BC501A,68,25,20,38,39,225.0,6.8,JAERI_68MEV_BC501A_T025_FE080,JAERI_68MEV_PEAK_4.77E9_N_SR_UC,80.0,4.77,4770000000.0
BC501A,68,25,20,37,38,227.0,6.9,JAERI_68MEV_BC501A_T025_FE080,JAERI_68MEV_PEAK_4.77E9_N_SR_UC,80.0,4.77,4770000000.0
BC501A,68,25,20,36,37,228.0,6.6,JAERI_68MEV_BC501A_T025_FE080,JAERI_68MEV_PEAK_4.77E9_N_SR_UC,80.0,4.77,4770000000.0
BC501A,68,25,20,35,36,230.0,6.3,JAERI_68MEV_BC501A_T025_FE080,JAERI_68MEV_PEAK_4.77E9_N_SR_UC,80.0,4.77,4770000000.0
BC501A,68,25,20,34,35,231.0,5.9,JAERI_68MEV_BC501A_T025_FE080,JAERI_68MEV_PEAK_4.77E9_N_SR_UC,80.0,4.77,4770000000.0
BC501A,68,25,20,33,34,230.0,5.8,JAERI_68MEV_BC501A_T025_FE080,JAERI_68MEV_PEAK_4.77E9_N_SR_UC,80.0,4.77,4770000000.0
BC501A,68,25,20,32,33,228.0,6.2,JAERI_68MEV_BC501A_T025_FE080,JAERI_68MEV_PEAK_4.77E9_N_SR_UC,80.0,4.77,4770000000.0
BC501A,68,25,20,31,32,223.0,6.7,JAERI_68MEV_BC501A_T025_FE080,JAERI_68MEV_PEAK_4.77E9_N_SR_UC,80.0,4.77,4770000000.0
BC501A,68,25,20,30,31,216.0,6.9,JAERI_68MEV_BC501A_T025_FE080,JAERI_68MEV_PEAK_4.77E9_N_SR_UC,80.0,4.77,4770000000.0
BC501A,68,25,20,29,30,208.0,6.3,JAERI_68MEV_BC501A_T025_FE080,JAERI_68MEV_PEAK_4.77E9_N_SR_UC,80.0,4.77,4770000000.0
BC501A,68,25,20,28,29,201.0,5.7,JAERI_68MEV_BC501A_T025_FE080,JAERI_68MEV_PEAK_4.77E9_N_SR_UC,80.0,4.77,4770000000.0
BC501A,68,25,20,27,28,194.0,5.7,JAERI_68MEV_BC501A_T025_FE080,JAERI_68MEV_PEAK_4.77E9_N_SR_UC,80.0,4.77,4770000000.0
BC501A,68,25,20,26,27,187.0,7.0,JAERI_68MEV_BC501A_T025_FE080,JAERI_68MEV_PEAK_4.77E9_N_SR_UC,80.0,4.77,4770000000.0
BC501A,68,25,20,25,26,179.0,9.3,JAERI_68MEV_BC501A_T025_FE080,JAERI_68MEV_PEAK_4.77E9_N_SR_UC,80.0,4.77,4770000000.0
BC501A,68,25,20,24,25,170.0,11.0,JAERI_68MEV_BC501A_T025_FE080,JAERI_68MEV_PEAK_4.77E9_N_SR_UC,80.0,4.77,4770000000.0
BC501A,68,25,20,23,24,160.0,10.9,JAERI_68MEV_BC501A_T025_FE080,JAERI_68MEV_PEAK_4.77E9_N_SR_UC,80.0,4.77,4770000000.0
BC501A,68,25,20,22,23,150.0,9.2,JAERI_68MEV_BC501A_T025_FE080,JAERI_68MEV_PEAK_4.77E9_N_SR_UC,80.0,4.77,4770000000.0
BC501A,68,25,20,21,22,141.0,6.9,JAERI_68MEV_BC501A_T025_FE080,JAERI_68MEV_PEAK_4.77E9_N_SR_UC,80.0,4.77,4770000000.0
BC501A,68,25,20,20,21,132.0,5.1,JAERI_68MEV_BC501A_T025_FE080,JAERI_68MEV_PEAK_4.77E9_N_SR_UC,80.0,4.77,4770000000.0
BC501A,68,25,20,19,20,124.0,7.0,JAERI_68MEV_BC501A_T025_FE080,JAERI_68MEV_PEAK_4.77E9_N_SR_UC,80.0,4.77,4770000000.0
BC501A,68,25,20,18,19,115.0,11.0,JAERI_68MEV_BC501A_T025_FE080,JAERI_68MEV_PEAK_4.77E9_N_SR_UC,80.0,4.77,4770000000.0
BC501A,68,25,20,17,18,106.0,12.7,JAERI_68MEV_BC501A_T025_FE080,JAERI_68MEV_PEAK_4.77E9_N_SR_UC,80.0,4.77,4770000000.0
BC501A,68,25,20,16,17,98.2,9.7,JAERI_68MEV_BC501A_T025_FE080,JAERI_68MEV_PEAK_4.77E9_N_SR_UC,80.0,4.77,4770000000.0
BC501A,68,25,20,15,16,91.1,6.8,JAERI_68MEV_BC501A_T025_FE080,JAERI_68MEV_PEAK_4.77E9_N_SR_UC,80.0,4.77,4770000000.0
BC501A,68,25,20,14,15,85.1,8.3,JAERI_68MEV_BC501A_T025_FE080,JAERI_68MEV_PEAK_4.77E9_N_SR_UC,80.0,4.77,4770000000.0
BC501A,68,25,20,13,14,81.1,5.4,JAERI_68MEV_BC501A_T025_FE080,JAERI_68MEV_PEAK_4.77E9_N_SR_UC,80.0,4.77,4770000000.0
BC501A,68,25,20,12,13,79.8,7.2,JAERI_68MEV_BC501A_T025_FE080,JAERI_68MEV_PEAK_4.77E9_N_SR_UC,80.0,4.77,4770000000.0
BC501A,68,25,20,11,12,79.9,8.8,JAERI_68MEV_BC501A_T025_FE080,JAERI_68MEV_PEAK_4.77E9_N_SR_UC,80.0,4.77,4770000000.0
BC501A,68,25,20,10,11,80.0,7.7,JAERI_68MEV_BC501A_T025_FE080,JAERI_68MEV_PEAK_4.77E9_N_SR_UC,80.0,4.77,4770000000.0
BC501A,68,25,20,9,10,79.4,6.3,JAERI_68MEV_BC501A_T025_FE080,JAERI_68MEV_PEAK_4.77E9_N_SR_UC,80.0,4.77,4770000000.0
BC501A,68,25,20,8,9,78.9,5.5,JAERI_68MEV_BC501A_T025_FE080,JAERI_68MEV_PEAK_4.77E9_N_SR_UC,80.0,4.77,4770000000.0
BC501A,68,25,20,7,8,80.7,4.9,JAERI_68MEV_BC501A_T025_FE080,JAERI_68MEV_PEAK_4.77E9_N_SR_UC,80.0,4.77,4770000000.0
BC501A,68,25,40,68,70,5.04,13.8,JAERI_68MEV_BC501A_T025_FE080,JAERI_68MEV_PEAK_4.77E9_N_SR_UC,80.0,4.77,4770000000.0
BC501A,68,25,40,66,68,9.94,21.6,JAERI_68MEV_BC501A_T025_FE080,JAERI_68MEV_PEAK_4.77E9_N_SR_UC,80.0,4.77,4770000000.0
BC501A,68,25,40,64,66,23.6,13.7,JAERI_68MEV_BC501A_T025_FE080,JAERI_68MEV_PEAK_4.77E9_N_SR_UC,80.0,4.77,4770000000.0
BC501A,68,25,40,62,64,33.7,11.6,JAERI_68MEV_BC501A_T025_FE080,JAERI_68MEV_PEAK_4.77E9_N_SR_UC,80.0,4.77,4770000000.0
BC501A,68,25,40,60,62,21.4,18.9,JAERI_68MEV_BC501A_T025_FE080,JAERI_68MEV_PEAK_4.77E9_N_SR_UC,80.0,4.77,4770000000.0
BC501A,68,25,40,58,60,13.5,14.1,JAERI_68MEV_BC501A_T025_FE080,JAERI_68MEV_PEAK_4.77E9_N_SR_UC,80.0,4.77,4770000000.0
BC501A,68,25,40,56,58,14.1,9.0,JAERI_68MEV_BC501A_T025_FE080,JAERI_68MEV_PEAK_4.77E9_N_SR_UC,80.0,4.77,4770000000.0
BC501A,68,25,40,54,56,15.2,7.4,JAERI_68MEV_BC501A_T025_FE080,JAERI_68MEV_PEAK_4.77E9_N_SR_UC,80.0,4.77,4770000000.0
BC501A,68,25,40,52,54,15.8,5.7,JAERI_68MEV_BC501A_T025_FE080,JAERI_68MEV_PEAK_4.77E9_N_SR_UC,80.0,4.77,4770000000.0
BC501A,68,25,40,50,52,16.7,5.4,JAERI_68MEV_BC501A_T025_FE080,JAERI_68MEV_PEAK_4.77E9_N_SR_UC,80.0,4.77,4770000000.0
BC501A,68,25,40,48,50,18.6,5.5,JAERI_68MEV_BC501A_T025_FE080,JAERI_68MEV_PEAK_4.77E9_N_SR_UC,80.0,4.77,4770000000.0
BC501A,68,25,40,46,48,20.8,5.8,JAERI_68MEV_BC501A_T025_FE080,JAERI_68MEV_PEAK_4.77E9_N_SR_UC,80.0,4.77,4770000000.0
BC501A,68,25,40,44,46,22.0,5.8,JAERI_68MEV_BC501A_T025_FE080,JAERI_68MEV_PEAK_4.77E9_N_SR_UC,80.0,4.77,4770000000.0
BC501A,68,25,40,43,44,22.2,5.5,JAERI_68MEV_BC501A_T025_FE080,JAERI_68MEV_PEAK_4.77E9_N_SR_UC,80.0,4.77,4770000000.0
BC501A,68,25,40,42,43,22.3,5.3,JAERI_68MEV_BC501A_T025_FE080,JAERI_68MEV_PEAK_4.77E9_N_SR_UC,80.0,4.77,4770000000.0
BC501A,68,25,40,41,42,22.4,5.1,JAERI_68MEV_BC501A_T025_FE080,JAERI_68MEV_PEAK_4.77E9_N_SR_UC,80.0,4.77,4770000000.0
BC501A,68,25,40,40,41,22.9,5.3,JAERI_68MEV_BC501A_T025_FE080,JAERI_68MEV_PEAK_4.77E9_N_SR_UC,80.0,4.77,4770000000.0
BC501A,68,25,40,39,40,23.5,5.7,JAERI_68MEV_BC501A_T025_FE080,JAERI_68MEV_PEAK_4.77E9_N_SR_UC,80.0,4.77,4770000000.0
BC501A,68,25,40,38,39,24.3,5.9,JAERI_68MEV_BC501A_T025_FE080,JAERI_68MEV_PEAK_4.77E9_N_SR_UC,80.0,4.77,4770000000.0
BC501A,68,25,40,37,38,25.3,5.8,JAERI_68MEV_BC501A_T025_FE080,JAERI_68MEV_PEAK_4.77E9_N_SR_UC,80.0,4.77,4770000000.0
BC501A,68,25,40,36,37,26.4,5.7,JAERI_68MEV_BC501A_T025_FE080,JAERI_68MEV_PEAK_4.77E9_N_SR_UC,80.0,4.77,4770000000.0
BC501A,68,25,40,35,36,27.4,5.3,JAERI_68MEV_BC501A_T025_FE080,JAERI_68MEV_PEAK_4.77E9_N_SR_UC,80.0,4.77,4770000000.0
BC501A,68,25,40,34,35,28.3,5.2,JAERI_68MEV_BC501A_T025_FE080,JAERI_68MEV_PEAK_4.77E9_N_SR_UC,80.0,4.77,4770000000.0
BC501A,68,25,40,33,34,28.8,5.3,JAERI_68MEV_BC501A_T025_FE080,JAERI_68MEV_PEAK_4.77E9_N_SR_UC,80.0,4.77,4770000000.0
BC501A,68,25,40,32,33,28.7,5.7,JAERI_68MEV_BC501A_T025_FE080,JAERI_68MEV_PEAK_4.77E9_N_SR_UC,80.0,4.77,4770000000.0
BC501A,68,25,40,31,32,28.1,6.3,JAERI_68MEV_BC501A_T025_FE080,JAERI_68MEV_PEAK_4.77E9_N_SR_UC,80.0,4.77,4770000000.0
BC501A,68,25,40,30,31,27.2,6.3,JAERI_68MEV_BC501A_T025_FE080,JAERI_68MEV_PEAK_4.77E9_N_SR_UC,80.0,4.77,4770000000.0
BC501A,68,25,40,29,30,26.3,5.7,JAERI_68MEV_BC501A_T025_FE080,JAERI_68MEV_PEAK_4.77E9_N_SR_UC,80.0,4.77,4770000000.0
BC501A,68,25,40,28,29,25.7,5.1,JAERI_68MEV_BC501A_T025_FE080,JAERI_68MEV_PEAK_4.77E9_N_SR_UC,80.0,4.77,4770000000.0
BC501A,68,25,40,27,28,25.3,5.2,JAERI_68MEV_BC501A_T025_FE080,JAERI_68MEV_PEAK_4.77E9_N_SR_UC,80.0,4.77,4770000000.0
BC501A,68,25,40,26,27,25.2,6.4,JAERI_68MEV_BC501A_T025_FE080,JAERI_68MEV_PEAK_4.77E9_N_SR_UC,80.0,4.77,4770000000.0
BC501A,68,25,40,25,26,25.1,8.8,JAERI_68MEV_BC501A_T025_FE080,JAERI_68MEV_PEAK_4.77E9_N_SR_UC,80.0,4.77,4770000000.0
BC501A,68,25,40,24,25,24.8,10.3,JAERI_68MEV_BC501A_T025_FE080,JAERI_68MEV_PEAK_4.77E9_N_SR_UC,80.0,4.77,4770000000.0
BC501A,68,25,40,23,24,24.2,9.9,JAERI_68MEV_BC501A_T025_FE080,JAERI_68MEV_PEAK_4.77E9_N_SR_UC,80.0,4.77,4770000000.0
BC501A,68,25,40,22,23,23.2,8.2,JAERI_68MEV_BC501A_T025_FE080,JAERI_68MEV_PEAK_4.77E9_N_SR_UC,80.0,4.77,4770000000.0
BC501A,68,25,40,21,22,22.0,6.1,JAERI_68MEV_BC501A_T025_FE080,JAERI_68MEV_PEAK_4.77E9_N_SR_UC,80.0,4.77,4770000000.0
BC501A,68,25,40,20,21,20.4,4.6,JAERI_68MEV_BC501A_T025_FE080,JAERI_68MEV_PEAK_4.77E9_N_SR_UC,80.0,4.77,4770000000.0
BC501A,68,25,40,19,20,18.8,6.1,JAERI_68MEV_BC501A_T025_FE080,JAERI_68MEV_PEAK_4.77E9_N_SR_UC,80.0,4.77,4770000000.0
BC501A,68,25,40,18,19,17.4,9.5,JAERI_68MEV_BC501A_T025_FE080,JAERI_68MEV_PEAK_4.77E9_N_SR_UC,80.0,4.77,4770000000.0
BC501A,68,25,40,17,18,16.6,10.6,JAERI_68MEV_BC501A_T025_FE080,JAERI_68MEV_PEAK_4.77E9_N_SR_UC,80.0,4.77,4770000000.0
BC501A,68,25,40,16,17,16.2,7.3,JAERI_68MEV_BC501A_T025_FE080,JAERI_68MEV_PEAK_4.77E9_N_SR_UC,80.0,4.77,4770000000.0
BC501A,68,25,40,15,16,15.9,5.2,JAERI_68MEV_BC501A_T025_FE080,JAERI_68MEV_PEAK_4.77E9_N_SR_UC,80.0,4.77,4770000000.0
BC501A,68,25,40,14,15,15.5,6.6,JAERI_68MEV_BC501A_T025_FE080,JAERI_68MEV_PEAK_4.77E9_N_SR_UC,80.0,4.77,4770000000.0
BC501A,68,25,40,13,14,14.9,4.8,JAERI_68MEV_BC501A_T025_FE080,JAERI_68MEV_PEAK_4.77E9_N_SR_UC,80.0,4.77,4770000000.0
BC501A,68,25,40,12,13,14.4,5.9,JAERI_68MEV_BC501A_T025_FE080,JAERI_68MEV_PEAK_4.77E9_N_SR_UC,80.0,4.77,4770000000.0
BC501A,68,25,40,11,12,14.4,7.3,JAERI_68MEV_BC501A_T025_FE080,JAERI_68MEV_PEAK_4.77E9_N_SR_UC,80.0,4.77,4770000000.0
BC501A,68,25,40,10,11,14.6,6.4,JAERI_68MEV_BC501A_T025_FE080,JAERI_68MEV_PEAK_4.77E9_N_SR_UC,80.0,4.77,4770000000.0
BC501A,68,25,40,9,10,14.7,5.4,JAERI_68MEV_BC501A_T025_FE080,JAERI_68MEV_PEAK_4.77E9_N_SR_UC,80.0,4.77,4770000000.0
BC501A,68,25,40,8,9,14.8,4.9,JAERI_68MEV_BC501A_T025_FE080,JAERI_68MEV_PEAK_4.77E9_N_SR_UC,80.0,4.77,4770000000.0
BC501A,68,25,40,7,8,15.4,4.5,JAERI_68MEV_BC501A_T025_FE080,JAERI_68MEV_PEAK_4.77E9_N_SR_UC,80.0,4.77,4770000000.0
BC501A,68,50,0,68,70,3120.0,5.0,JAERI_68MEV_BC501A_T050_FE080,JAERI_68MEV_PEAK_4.77E9_N_SR_UC,80.0,4.77,4770000000.0
BC501A,68,50,0,66,68,6410.0,4.8,JAERI_68MEV_BC501A_T050_FE080,JAERI_68MEV_PEAK_4.77E9_N_SR_UC,80.0,4.77,4770000000.0
BC501A,68,50,0,64,66,9060.0,4.5,JAERI_68MEV_BC501A_T050_FE080,JAERI_68MEV_PEAK_4.77E9_N_SR_UC,80.0,4.77,4770000000.0
BC501A,68,50,0,62,64,9240.0,4.4,JAERI_68MEV_BC501A_T050_FE080,JAERI_68MEV_PEAK_4.77E9_N_SR_UC,80.0,4.77,4770000000.0
BC501A,68,50,0,60,62,6950.0,4.8,JAERI_68MEV_BC501A_T050_FE080,JAERI_68MEV_PEAK_4.77E9_N_SR_UC,80.0,4.77,4770000000.0
BC501A,68,50,0,58,60,3920.0,5.2,JAERI_68MEV_BC501A_T050_FE080,JAERI_68MEV_PEAK_4.77E9_N_SR_UC,80.0,4.77,4770000000.0
BC501A,68,50,0,56,58,1790.0,5.1,JAERI_68MEV_BC501A_T050_FE080,JAERI_68MEV_PEAK_4.77E9_N_SR_UC,80.0,4.77,4770000000.0
BC501A,68,50,0,54,56,930.0,6.3,JAERI_68MEV_BC501A_T050_FE080,JAERI_68MEV_PEAK_4.77E9_N_SR_UC,80.0,4.77,4770000000.0
BC501A,68,50,0,52,54,846.0,7.6,JAERI_68MEV_BC501A_T050_FE080,JAERI_68MEV_PEAK_4.77E9_N_SR_UC,80.0,4.77,4770000000.0
BC501A,68,50,0,50,52,985.0,6.3,JAERI_68MEV_BC501A_T050_FE080,JAERI_68MEV_PEAK_4.77E9_N_SR_UC,80.0,4.77,4770000000.0
BC501A,68,50,0,48,50,1070.0,5.6,JAERI_68MEV_BC501A_T050_FE080,JAERI_68MEV_PEAK_4.77E9_N_SR_UC,80.0,4.77,4770000000.0
BC501A,68,50,0,46,48,1050.0,5.3,JAERI_68MEV_BC501A_T050_FE080,JAERI_68MEV_PEAK_4.77E9_N_SR_UC,80.0,4.77,4770000000.0
BC501A,68,50,0,44,46,953.0,5.2,JAERI_68MEV_BC501A_T050_FE080,JAERI_68MEV_PEAK_4.77E9_N_SR_UC,80.0,4.77,4770000000.0
BC501A,68,50,0,43,44,857.0,5.4,JAERI_68MEV_BC501A_T050_FE080,JAERI_68MEV_PEAK_4.77E9_N_SR_UC,80.0,4.77,4770000000.0
BC501A,68,50,0,42,43,793.0,5.5,JAERI_68MEV_BC501A_T050_FE080,JAERI_68MEV_PEAK_4.77E9_N_SR_UC,80.0,4.77,4770000000.0
BC501A,68,50,0,41,42,734.0,5.8,JAERI_68MEV_BC501A_T050_FE080,JAERI_68MEV_PEAK_4.77E9_N_SR_UC,80.0,4.77,4770000000.0
BC501A,68,50,0,40,41,682.0,6.3,JAERI_68MEV_BC501A_T050_FE080,JAERI_68MEV_PEAK_4.77E9_N_SR_UC,80.0,4.77,4770000000.0
BC501A,68,50,0,39,40,638.0,6.9,JAERI_68MEV_BC501A_T050_FE080,JAERI_68MEV_PEAK_4.77E9_N_SR_UC,80.0,4.77,4770000000.0
BC501A,68,50,0,38,39,598.0,7.6,JAERI_68MEV_BC501A_T050_FE080,JAERI_68MEV_PEAK_4.77E9_N_SR_UC,80.0,4.77,4770000000.0
BC501A,68,50,0,37,38,563.0,8.2,JAERI_68MEV_BC501A_T050_FE080,JAERI_68MEV_PEAK_4.77E9_N_SR_UC,80.0,4.77,4770000000.0
BC501A,68,50,0,36,37,531.0,8.8,JAERI_68MEV_BC501A_T050_FE080,JAERI_68MEV_PEAK_4.77E9_N_SR_UC,80.0,4.77,4770000000.0
BC501A,68,50,0,35,36,500.0,9.3,JAERI_68MEV_BC501A_T050_FE080,JAERI_68MEV_PEAK_4.77E9_N_SR_UC,80.0,4.77,4770000000.0
BC501A,68,50,0,34,35,471.0,9.8,JAERI_68MEV_BC501A_T050_FE080,JAERI_68MEV_PEAK_4.77E9_N_SR_UC,80.0,4.77,4770000000.0
BC501A,68,50,0,33,34,446.0,10.2,JAERI_68MEV_BC501A_T050_FE080,JAERI_68MEV_PEAK_4.77E9_N_SR_UC,80.0,4.77,4770000000.0
BC501A,68,50,0,32,33,427.0,10.5,JAERI_68MEV_BC501A_T050_FE080,JAERI_68MEV_PEAK_4.77E9_N_SR_UC,80.0,4.77,4770000000.0
BC501A,68,50,0,31,32,416.0,10.5,JAERI_68MEV_BC501A_T050_FE080,JAERI_68MEV_PEAK_4.77E9_N_SR_UC,80.0,4.77,4770000000.0
BC501A,68,50,0,30,31,412.0,10.6,JAERI_68MEV_BC501A_T050_FE080,JAERI_68MEV_PEAK_4.77E9_N_SR_UC,80.0,4.77,4770000000.0
BC501A,68,50,0,29,30,413.0,10.7,JAERI_68MEV_BC501A_T050_FE080,JAERI_68MEV_PEAK_4.77E9_N_SR_UC,80.0,4.77,4770000000.0
BC501A,68,50,0,28,29,414.0,11.1,JAERI_68MEV_BC501A_T050_FE080,JAERI_68MEV_PEAK_4.77E9_N_SR_UC,80.0,4.77,4770000000.0
BC501A,68,50,0,27,28,411.0,11.8,JAERI_68MEV_BC501A_T050_FE080,JAERI_68MEV_PEAK_4.77E9_N_SR_UC,80.0,4.77,4770000000.0
BC501A,68,50,0,26,27,399.0,12.8,JAERI_68MEV_BC501A_T050_FE080,JAERI_68MEV_PEAK_4.77E9_N_SR_UC,80.0,4.77,4770000000.0
BC501A,68,50,0,25,26,378.0,13.6,JAERI_68MEV_BC501A_T050_FE080,JAERI_68MEV_PEAK_4.77E9_N_SR_UC,80.0,4.77,4770000000.0
BC501A,68,50,0,24,25,348.0,14.2,JAERI_68MEV_BC501A_T050_FE080,JAERI_68MEV_PEAK_4.77E9_N_SR_UC,80.0,4.77,4770000000.0
BC501A,68,50,0,23,24,311.0,13.9,JAERI_68MEV_BC501A_T050_FE080,JAERI_68MEV_PEAK_4.77E9_N_SR_UC,80.0,4.77,4770000000.0
BC501A,68,50,0,22,23,270.0,12.5,JAERI_68MEV_BC501A_T050_FE080,JAERI_68MEV_PEAK_4.77E9_N_SR_UC,80.0,4.77,4770000000.0
BC501A,68,50,0,21,22,227.0,10.0,JAERI_68MEV_BC501A_T050_FE080,JAERI_68MEV_PEAK_4.77E9_N_SR_UC,80.0,4.77,4770000000.0
BC501A,68,50,0,20,21,185.0,7.3,JAERI_68MEV_BC501A_T050_FE080,JAERI_68MEV_PEAK_4.77E9_N_SR_UC,80.0,4.77,4770000000.0
BC501A,68,50,0,19,20,147.0,10.5,JAERI_68MEV_BC501A_T050_FE080,JAERI_68MEV_PEAK_4.77E9_N_SR_UC,80.0,4.77,4770000000.0
BC501A,68,50,0,18,19,116.0,17.1,JAERI_68MEV_BC501A_T050_FE080,JAERI_68MEV_PEAK_4.77E9_N_SR_UC,80.0,4.77,4770000000.0
BC501A,68,50,0,17,18,94.5,21.2,JAERI_68MEV_BC501A_T050_FE080,JAERI_68MEV_PEAK_4.77E9_N_SR_UC,80.0,4.77,4770000000.0
BC501A,68,50,0,16,17,82.2,20.8,JAERI_68MEV_BC501A_T050_FE080,JAERI_68MEV_PEAK_4.77E9_N_SR_UC,80.0,4.77,4770000000.0
BC501A,68,50,0,15,16,76.9,17.6,JAERI_68MEV_BC501A_T050_FE080,JAERI_68MEV_PEAK_4.77E9_N_SR_UC,80.0,4.77,4770000000.0
BC501A,68,50,0,14,15,75.7,15.3,JAERI_68MEV_BC501A_T050_FE080,JAERI_68MEV_PEAK_4.77E9_N_SR_UC,80.0,4.77,4770000000.0
BC501A,68,50,0,13,14,76.4,15.7,JAERI_68MEV_BC501A_T050_FE080,JAERI_68MEV_PEAK_4.77E9_N_SR_UC,80.0,4.77,4770000000.0
BC501A,68,50,0,12,13,78.2,18.4,JAERI_68MEV_BC501A_T050_FE080,JAERI_68MEV_PEAK_4.77E9_N_SR_UC,80.0,4.77,4770000000.0
BC501A,68,50,0,11,12,81.3,20.4,JAERI_68MEV_BC501A_T050_FE080,JAERI_68MEV_PEAK_4.77E9_N_SR_UC,80.0,4.77,4770000000.0
BC501A,68,50,0,10,11,85.5,18.8,JAERI_68MEV_BC501A_T050_FE080,JAERI_68MEV_PEAK_4.77E9_N_SR_UC,80.0,4.77,4770000000.0
BC501A,68,50,0,9,10,90.6,12.0,JAERI_68MEV_BC501A_T050_FE080,JAERI_68MEV_PEAK_4.77E9_N_SR_UC,80.0,4.77,4770000000.0
BC501A,68,50,0,8,9,95.6,8.4,JAERI_68MEV_BC501A_T050_FE080,JAERI_68MEV_PEAK_4.77E9_N_SR_UC,80.0,4.77,4770000000.0
BC501A,68,50,0,7,8,97.4,29.9,JAERI_68MEV_BC501A_T050_FE080,JAERI_68MEV_PEAK_4.77E9_N_SR_UC,80.0,4.77,4770000000.0
BC501A,68,50,0,6,7,90.1,55.4,JAERI_68MEV_BC501A_T050_FE080,JAERI_68MEV_PEAK_4.77E9_N_SR_UC,80.0,4.77,4770000000.0
BC501A,68,50,20,68,70,177.0,6.4,JAERI_68MEV_BC501A_T050_FE080,JAERI_68MEV_PEAK_4.77E9_N_SR_UC,80.0,4.77,4770000000.0
BC501A,68,50,20,66,68,478.0,10.0,JAERI_68MEV_BC501A_T050_FE080,JAERI_68MEV_PEAK_4.77E9_N_SR_UC,80.0,4.77,4770000000.0
BC501A,68,50,20,64,66,798.0,7.0,JAERI_68MEV_BC501A_T050_FE080,JAERI_68MEV_PEAK_4.77E9_N_SR_UC,80.0,4.77,4770000000.0
BC501A,68,50,20,62,64,749.0,6.8,JAERI_68MEV_BC501A_T050_FE080,JAERI_68MEV_PEAK_4.77E9_N_SR_UC,80.0,4.77,4770000000.0
BC501A,68,50,20,60,62,457.0,12.3,JAERI_68MEV_BC501A_T050_FE080,JAERI_68MEV_PEAK_4.77E9_N_SR_UC,80.0,4.77,4770000000.0
BC501A,68,50,20,58,60,216.0,15.6,JAERI_68MEV_BC501A_T050_FE080,JAERI_68MEV_PEAK_4.77E9_N_SR_UC,80.0,4.77,4770000000.0
BC501A,68,50,20,56,58,128.0,9.5,JAERI_68MEV_BC501A_T050_FE080,JAERI_68MEV_PEAK_4.77E9_N_SR_UC,80.0,4.77,4770000000.0
BC501A,68,50,20,54,56,132.0,12.0,JAERI_68MEV_BC501A_T050_FE080,JAERI_68MEV_PEAK_4.77E9_N_SR_UC,80.0,4.77,4770000000.0
BC501A,68,50,20,52,54,153.0,7.7,JAERI_68MEV_BC501A_T050_FE080,JAERI_68MEV_PEAK_4.77E9_N_SR_UC,80.0,4.77,4770000000.0
BC501A,68,50,20,50,52,167.0,6.2,JAERI_68MEV_BC501A_T050_FE080,JAERI_68MEV_PEAK_4.77E9_N_SR_UC,80.0,4.77,4770000000.0
BC501A,68,50,20,48,50,174.0,6.2,JAERI_68MEV_BC501A_T050_FE080,JAERI_68MEV_PEAK_4.77E9_N_SR_UC,80.0,4.77,4770000000.0
BC501A,68,50,20,46,48,175.0,6.3,JAERI_68MEV_BC501A_T050_FE080,JAERI_68MEV_PEAK_4.77E9_N_SR_UC,80.0,4.77,4770000000.0
BC501A,68,50,20,44,46,173.0,6.1,JAERI_68MEV_BC501A_T050_FE080,JAERI_68MEV_PEAK_4.77E9_N_SR_UC,80.0,4.77,4770000000.0
BC501A,68,50,20,43,44,170.0,6.1,JAERI_68MEV_BC501A_T050_FE080,JAERI_68MEV_PEAK_4.77E9_N_SR_UC,80.0,4.77,4770000000.0
BC501A,68,50,20,42,43,166.0,6.1,JAERI_68MEV_BC501A_T050_FE080,JAERI_68MEV_PEAK_4.77E9_N_SR_UC,80.0,4.77,4770000000.0
BC501A,68,50,20,41,42,163.0,6.3,JAERI_68MEV_BC501A_T050_FE080,JAERI_68MEV_PEAK_4.77E9_N_SR_UC,80.0,4.77,4770000000.0
BC501A,68,50,20,40,41,159.0,6.8,JAERI_68MEV_BC501A_T050_FE080,JAERI_68MEV_PEAK_4.77E9_N_SR_UC,80.0,4.77,4770000000.0
BC501A,68,50,20,39,40,156.0,7.4,JAERI_68MEV_BC501A_T050_FE080,JAERI_68MEV_PEAK_4.77E9_N_SR_UC,80.0,4.77,4770000000.0
BC501A,68,50,20,38,39,152.0,7.9,JAERI_68MEV_BC501A_T050_FE080,JAERI_68MEV_PEAK_4.77E9_N_SR_UC,80.0,4.77,4770000000.0
BC501A,68,50,20,37,38,148.0,8.2,JAERI_68MEV_BC501A_T050_FE080,JAERI_68MEV_PEAK_4.77E9_N_SR_UC,80.0,4.77,4770000000.0
BC501A,68,50,20,36,37,144.0,8.2,JAERI_68MEV_BC501A_T050_FE080,JAERI_68MEV_PEAK_4.77E9_N_SR_UC,80.0,4.77,4770000000.0
BC501A,68,50,20,35,36,139.0,7.9,JAERI_68MEV_BC501A_T050_FE080,JAERI_68MEV_PEAK_4.77E9_N_SR_UC,80.0,4.77,4770000000.0
BC501A,68,50,20,34,35,134.0,7.7,JAERI_68MEV_BC501A_T050_FE080,JAERI_68MEV_PEAK_4.77E9_N_SR_UC,80.0,4.77,4770000000.0
BC501A,68,50,20,33,34,128.0,7.5,JAERI_68MEV_BC501A_T050_FE080,JAERI_68MEV_PEAK_4.77E9_N_SR_UC,80.0,4.77,4770000000.0
BC501A,68,50,20,32,33,121.0,7.6,JAERI_68MEV_BC501A_T050_FE080,JAERI_68MEV_PEAK_4.77E9_N_SR_UC,80.0,4.77,4770000000.0
BC501A,68,50,20,31,32,114.0,7.7,JAERI_68MEV_BC501A_T050_FE080,JAERI_68MEV_PEAK_4.77E9_N_SR_UC,80.0,4.77,4770000000.0
BC501A,68,50,20,30,31,107.0,7.8,JAERI_68MEV_BC501A_T050_FE080,JAERI_68MEV_PEAK_4.77E9_N_SR_UC,80.0,4.77,4770000000.0
BC501A,68,50,20,29,30,101.0,7.6,JAERI_68MEV_BC501A_T050_FE080,JAERI_68MEV_PEAK_4.77E9_N_SR_UC,80.0,4.77,4770000000.0
BC501A,68,50,20,28,29,95.9,7.4,JAERI_68MEV_BC501A_T050_FE080,JAERI_68MEV_PEAK_4.77E9_N_SR_UC,80.0,4.77,4770000000.0
BC501A,68,50,20,27,28,91.7,7.7,JAERI_68MEV_BC501A_T050_FE080,JAERI_68MEV_PEAK_4.77E9_N_SR_UC,80.0,4.77,4770000000.0
BC501A,68,50,20,26,27,87.6,8.5,JAERI_68MEV_BC501A_T050_FE080,JAERI_68MEV_PEAK_4.77E9_N_SR_UC,80.0,4.77,4770000000.0
BC501A,68,50,20,25,26,83.3,9.5,JAERI_68MEV_BC501A_T050_FE080,JAERI_68MEV_PEAK_4.77E9_N_SR_UC,80.0,4.77,4770000000.0
BC501A,68,50,20,24,25,78.6,10.3,JAERI_68MEV_BC501A_T050_FE080,JAERI_68MEV_PEAK_4.77E9_N_SR_UC,80.0,4.77,4770000000.0
BC501A,68,50,20,23,24,73.7,10.3,JAERI_68MEV_BC501A_T050_FE080,JAERI_68MEV_PEAK_4.77E9_N_SR_UC,80.0,4.77,4770000000.0
BC501A,68,50,20,22,23,68.9,9.2,JAERI_68MEV_BC501A_T050_FE080,JAERI_68MEV_PEAK_4.77E9_N_SR_UC,80.0,4.77,4770000000.0
BC501A,68,50,20,21,22,64.3,7.3,JAERI_68MEV_BC501A_T050_FE080,JAERI_68MEV_PEAK_4.77E9_N_SR_UC,80.0,4.77,4770000000.0
BC501A,68,50,20,20,21,60.0,5.6,JAERI_68MEV_BC501A_T050_FE080,JAERI_68MEV_PEAK_4.77E9_N_SR_UC,80.0,4.77,4770000000.0
BC501A,68,50,20,19,20,56.1,8.1,JAERI_68MEV_BC501A_T050_FE080,JAERI_68MEV_PEAK_4.77E9_N_SR_UC,80.0,4.77,4770000000.0
BC501A,68,50,20,18,19,52.4,11.1,JAERI_68MEV_BC501A_T050_FE080,JAERI_68MEV_PEAK_4.77E9_N_SR_UC,80.0,4.77,4770000000.0
BC501A,68,50,20,17,18,48.5,12.3,JAERI_68MEV_BC501A_T050_FE080,JAERI_68MEV_PEAK_4.77E9_N_SR_UC,80.0,4.77,4770000000.0
BC501A,68,50,20,16,17,44.4,10.8,JAERI_68MEV_BC501A_T050_FE080,JAERI_68MEV_PEAK_4.77E9_N_SR_UC,80.0,4.77,4770000000.0
BC501A,68,50,20,15,16,40.5,7.6,JAERI_68MEV_BC501A_T050_FE080,JAERI_68MEV_PEAK_4.77E9_N_SR_UC,80.0,4.77,4770000000.0
BC501A,68,50,20,14,15,37.5,6.8,JAERI_68MEV_BC501A_T050_FE080,JAERI_68MEV_PEAK_4.77E9_N_SR_UC,80.0,4.77,4770000000.0
BC501A,68,50,20,13,14,35.7,5.3,JAERI_68MEV_BC501A_T050_FE080,JAERI_68MEV_PEAK_4.77E9_N_SR_UC,80.0,4.77,4770000000.0
BC501A,68,50,20,12,13,34.5,7.3,JAERI_68MEV_BC501A_T050_FE080,JAERI_68MEV_PEAK_4.77E9_N_SR_UC,80.0,4.77,4770000000.0
BC501A,68,50,20,11,12,33.4,8.8,JAERI_68MEV_BC501A_T050_FE080,JAERI_68MEV_PEAK_4.77E9_N_SR_UC,80.0,4.77,4770000000.0
BC501A,68,50,20,10,11,32.7,8.8,JAERI_68MEV_BC501A_T050_FE080,JAERI_68MEV_PEAK_4.77E9_N_SR_UC,80.0,4.77,4770000000.0
BC501A,68,50,20,9,10,32.8,7.7,JAERI_68MEV_BC501A_T050_FE080,JAERI_68MEV_PEAK_4.77E9_N_SR_UC,80.0,4.77,4770000000.0
BC501A,68,50,20,8,9,33.8,5.6,JAERI_68MEV_BC501A_T050_FE080,JAERI_68MEV_PEAK_4.77E9_N_SR_UC,80.0,4.77,4770000000.0
BC501A,68,50,20,7,8,32.2,6.8,JAERI_68MEV_BC501A_T050_FE080,JAERI_68MEV_PEAK_4.77E9_N_SR_UC,80.0,4.77,4770000000.0
BC501A,68,50,40,68,70,8.31,10.1,JAERI_68MEV_BC501A_T050_FE080,JAERI_68MEV_PEAK_4.77E9_N_SR_UC,80.0,4.77,4770000000.0
BC501A,68,50,40,66,68,29.9,13.7,JAERI_68MEV_BC501A_T050_FE080,JAERI_68MEV_PEAK_4.77E9_N_SR_UC,80.0,4.77,4770000000.0
BC501A,68,50,40,64,66,59.0,8.2,JAERI_68MEV_BC501A_T050_FE080,JAERI_68MEV_PEAK_4.77E9_N_SR_UC,80.0,4.77,4770000000.0
BC501A,68,50,40,62,64,67.4,7.2,JAERI_68MEV_BC501A_T050_FE080,JAERI_68MEV_PEAK_4.77E9_N_SR_UC,80.0,4.77,4770000000.0
BC501A,68,50,40,60,62,51.4,11.6,JAERI_68MEV_BC501A_T050_FE080,JAERI_68MEV_PEAK_4.77E9_N_SR_UC,80.0,4.77,4770000000.0
BC501A,68,50,40,58,60,30.0,12.5,JAERI_68MEV_BC501A_T050_FE080,JAERI_68MEV_PEAK_4.77E9_N_SR_UC,80.0,4.77,4770000000.0
BC501A,68,50,40,56,58,20.7,7.2,JAERI_68MEV_BC501A_T050_FE080,JAERI_68MEV_PEAK_4.77E9_N_SR_UC,80.0,4.77,4770000000.0
BC501A,68,50,40,54,56,21.0,8.9,JAERI_68MEV_BC501A_T050_FE080,JAERI_68MEV_PEAK_4.77E9_N_SR_UC,80.0,4.77,4770000000.0
BC501A,68,50,40,52,54,22.8,6.5,JAERI_68MEV_BC501A_T050_FE080,JAERI_68MEV_PEAK_4.77E9_N_SR_UC,80.0,4.77,4770000000.0
BC501A,68,50,40,50,52,24.0,5.6,JAERI_68MEV_BC501A_T050_FE080,JAERI_68MEV_PEAK_4.77E9_N_SR_UC,80.0,4.77,4770000000.0
BC501A,68,50,40,48,50,24.9,5.7,JAERI_68MEV_BC501A_T050_FE080,JAERI_68MEV_PEAK_4.77E9_N_SR_UC,80.0,4.77,4770000000.0
BC501A,68,50,40,46,48,25.4,5.9,JAERI_68MEV_BC501A_T050_FE080,JAERI_68MEV_PEAK_4.77E9_N_SR_UC,80.0,4.77,4770000000.0
BC501A,68,50,40,44,46,25.8,5.7,JAERI_68MEV_BC501A_T050_FE080,JAERI_68MEV_PEAK_4.77E9_N_SR_UC,80.0,4.77,4770000000.0
BC501A,68,50,40,43,44,26.1,5.5,JAERI_68MEV_BC501A_T050_FE080,JAERI_68MEV_PEAK_4.77E9_N_SR_UC,80.0,4.77,4770000000.0
BC501A,68,50,40,42,43,26.3,5.4,JAERI_68MEV_BC501A_T050_FE080,JAERI_68MEV_PEAK_4.77E9_N_SR_UC,80.0,4.77,4770000000.0
BC501A,68,50,40,41,42,26.7,5.5,JAERI_68MEV_BC501A_T050_FE080,JAERI_68MEV_PEAK_4.77E9_N_SR_UC,80.0,4.77,4770000000.0
BC501A,68,50,40,40,41,27.1,5.7,JAERI_68MEV_BC501A_T050_FE080,JAERI_68MEV_PEAK_4.77E9_N_SR_UC,80.0,4.77,4770000000.0
BC501A,68,50,40,39,40,27.5,6.0,JAERI_68MEV_BC501A_T050_FE080,JAERI_68MEV_PEAK_4.77E9_N_SR_UC,80.0,4.77,4770000000.0
BC501A,68,50,40,38,39,27.9,6.3,JAERI_68MEV_BC501A_T050_FE080,JAERI_68MEV_PEAK_4.77E9_N_SR_UC,80.0,4.77,4770000000.0
BC501A,68,50,40,37,38,28.1,6.3,JAERI_68MEV_BC501A_T050_FE080,JAERI_68MEV_PEAK_4.77E9_N_SR_UC,80.0,4.77,4770000000.0
BC501A,68,50,40,36,37,28.1,6.3,JAERI_68MEV_BC501A_T050_FE080,JAERI_68MEV_PEAK_4.77E9_N_SR_UC,80.0,4.77,4770000000.0
BC501A,68,50,40,35,36,27.8,6.2,JAERI_68MEV_BC501A_T050_FE080,JAERI_68MEV_PEAK_4.77E9_N_SR_UC,80.0,4.77,4770000000.0
BC501A,68,50,40,34,35,27.2,6.1,JAERI_68MEV_BC501A_T050_FE080,JAERI_68MEV_PEAK_4.77E9_N_SR_UC,80.0,4.77,4770000000.0
BC501A,68,50,40,33,34,26.4,6.1,JAERI_68MEV_BC501A_T050_FE080,JAERI_68MEV_PEAK_4.77E9_N_SR_UC,80.0,4.77,4770000000.0
BC501A,68,50,40,32,33,25.5,6.3,JAERI_68MEV_BC501A_T050_FE080,JAERI_68MEV_PEAK_4.77E9_N_SR_UC,80.0,4.77,4770000000.0
BC501A,68,50,40,31,32,24.5,6.3,JAERI_68MEV_BC501A_T050_FE080,JAERI_68MEV_PEAK_4.77E9_N_SR_UC,80.0,4.77,4770000000.0
BC501A,68,50,40,30,31,23.5,6.3,JAERI_68MEV_BC501A_T050_FE080,JAERI_68MEV_PEAK_4.77E9_N_SR_UC,80.0,4.77,4770000000.0
BC501A,68,50,40,29,30,22.5,6.1,JAERI_68MEV_BC501A_T050_FE080,JAERI_68MEV_PEAK_4.77E9_N_SR_UC,80.0,4.77,4770000000.0
BC501A,68,50,40,28,29,21.4,6.1,JAERI_68MEV_BC501A_T050_FE080,JAERI_68MEV_PEAK_4.77E9_N_SR_UC,80.0,4.77,4770000000.0
BC501A,68,50,40,27,28,20.4,6.6,JAERI_68MEV_BC501A_T050_FE080,JAERI_68MEV_PEAK_4.77E9_N_SR_UC,80.0,4.77,4770000000.0
BC501A,68,50,40,26,27,19.4,7.7,JAERI_68MEV_BC501A_T050_FE080,JAERI_68MEV_PEAK_4.77E9_N_SR_UC,80.0,4.77,4770000000.0
BC501A,68,50,40,25,26,18.4,9.0,JAERI_68MEV_BC501A_T050_FE080,JAERI_68MEV_PEAK_4.77E9_N_SR_UC,80.0,4.77,4770000000.0
BC501A,68,50,40,24,25,17.5,10.0,JAERI_68MEV_BC501A_T050_FE080,JAERI_68MEV_PEAK_4.77E9_N_SR_UC,80.0,4.77,4770000000.0
BC501A,68,50,40,23,24,16.5,9.9,JAERI_68MEV_BC501A_T050_FE080,JAERI_68MEV_PEAK_4.77E9_N_SR_UC,80.0,4.77,4770000000.0
BC501A,68,50,40,22,23,15.5,8.7,JAERI_68MEV_BC501A_T050_FE080,JAERI_68MEV_PEAK_4.77E9_N_SR_UC,80.0,4.77,4770000000.0
BC501A,68,50,40,21,22,14.5,6.7,JAERI_68MEV_BC501A_T050_FE080,JAERI_68MEV_PEAK_4.77E9_N_SR_UC,80.0,4.77,4770000000.0
BC501A,68,50,40,20,21,13.6,4.9,JAERI_68MEV_BC501A_T050_FE080,JAERI_68MEV_PEAK_4.77E9_N_SR_UC,80.0,4.77,4770000000.0
BC501A,68,50,40,19,20,12.7,6.8,JAERI_68MEV_BC501A_T050_FE080,JAERI_68MEV_PEAK_4.77E9_N_SR_UC,80.0,4.77,4770000000.0
BC501A,68,50,40,18,19,11.9,9.4,JAERI_68MEV_BC501A_T050_FE080,JAERI_68MEV_PEAK_4.77E9_N_SR_UC,80.0,4.77,4770000000.0
BC501A,68,50,40,17,18,11.0,10.0,JAERI_68MEV_BC501A_T050_FE080,JAERI_68MEV_PEAK_4.77E9_N_SR_UC,80.0,4.77,4770000000.0
BC501A,68,50,40,16,17,10.3,8.1,JAERI_68MEV_BC501A_T050_FE080,JAERI_68MEV_PEAK_4.77E9_N_SR_UC,80.0,4.77,4770000000.0
BC501A,68,50,40,15,16,9.65,5.5,JAERI_68MEV_BC501A_T050_FE080,JAERI_68MEV_PEAK_4.77E9_N_SR_UC,80.0,4.77,4770000000.0
BC501A,68,50,40,14,15,9.05,5.5,JAERI_68MEV_BC501A_T050_FE080,JAERI_68MEV_PEAK_4.77E9_N_SR_UC,80.0,4.77,4770000000.0
BC501A,68,50,40,13,14,8.57,4.7,JAERI_68MEV_BC501A_T050_FE080,JAERI_68MEV_PEAK_4.77E9_N_SR_UC,80.0,4.77,4770000000.0
BC501A,68,50,40,12,13,8.26,6.4,JAERI_68MEV_BC501A_T050_FE080,JAERI_68MEV_PEAK_4.77E9_N_SR_UC,80.0,4.77,4770000000.0
BC501A,68,50,40,11,12,8.13,7.8,JAERI_68MEV_BC501A_T050_FE080,JAERI_68MEV_PEAK_4.77E9_N_SR_UC,80.0,4.77,4770000000.0
BC501A,68,50,40,10,11,8.11,7.7,JAERI_68MEV_BC501A_T050_FE080,JAERI_68MEV_PEAK_4.77E9_N_SR_UC,80.0,4.77,4770000000.0
BC501A,68,50,40,9,10,8.22,6.7,JAERI_68MEV_BC501A_T050_FE080,JAERI_68MEV_PEAK_4.77E9_N_SR_UC,80.0,4.77,4770000000.0
BC501A,68,50,40,8,9,8.55,5.1,JAERI_68MEV_BC501A_T050_FE080,JAERI_68MEV_PEAK_4.77E9_N_SR_UC,80.0,4.77,4770000000.0
BC501A,68,50,40,7,8,8.88,6.5,JAERI_68MEV_BC501A_T050_FE080,JAERI_68MEV_PEAK_4.77E9_N_SR_UC,80.0,4.77,4770000000.0
BC501A,68,100,0,58,60,182.0,5.8,JAERI_68MEV_BC501A_T100_FE000,JAERI_68MEV_PEAK_4.00E9_N_SR_UC,0.0,4.0,4000000000.0
BC501A,68,100,0,68,70,141.0,5.5,JAERI_68MEV_BC501A_T100_FE000,JAERI_68MEV_PEAK_4.00E9_N_SR_UC,0.0,4.0,4000000000.0
BC501A,68,100,0,66,68,283.0,5.2,JAERI_68MEV_BC501A_T100_FE000,JAERI_68MEV_PEAK_4.00E9_N_SR_UC,0.0,4.0,4000000000.0
BC501A,68,100,0,64,66,399.0,4.6,JAERI_68MEV_BC501A_T100_FE000,JAERI_68MEV_PEAK_4.00E9_N_SR_UC,0.0,4.0,4000000000.0
BC501A,68,100,0,62,64,410.0,4.5,JAERI_68MEV_BC501A_T100_FE000,JAERI_68MEV_PEAK_4.00E9_N_SR_UC,0.0,4.0,4000000000.0
BC501A,68,100,0,60,62,314.0,5.1,JAERI_68MEV_BC501A_T100_FE000,JAERI_68MEV_PEAK_4.00E9_N_SR_UC,0.0,4.0,4000000000.0
BC501A,68,100,0,56,58,86.4,5.5,JAERI_68MEV_BC501A_T100_FE000,JAERI_68MEV_PEAK_4.00E9_N_SR_UC,0.0,4.0,4000000000.0
BC501A,68,100,0,54,56,46.9,7.7,JAERI_68MEV_BC501A_T100_FE000,JAERI_68MEV_PEAK_4.00E9_N_SR_UC,0.0,4.0,4000000000.0
BC501A,68,100,0,52,54,43.1,9.1,JAERI_68MEV_BC501A_T100_FE000,JAERI_68MEV_PEAK_4.00E9_N_SR_UC,0.0,4.0,4000000000.0
BC501A,68,100,0,50,52,49.7,7.3,JAERI_68MEV_BC501A_T100_FE000,JAERI_68MEV_PEAK_4.00E9_N_SR_UC,0.0,4.0,4000000000.0
BC501A,68,100,0,48,50,53.9,6.5,JAERI_68MEV_BC501A_T100_FE000,JAERI_68MEV_PEAK_4.00E9_N_SR_UC,0.0,4.0,4000000000.0
BC501A,68,100,0,46,48,52.4,6.4,JAERI_68MEV_BC501A_T100_FE000,JAERI_68MEV_PEAK_4.00E9_N_SR_UC,0.0,4.0,4000000000.0
BC501A,68,100,0,44,46,46.6,6.5,JAERI_68MEV_BC501A_T100_FE000,JAERI_68MEV_PEAK_4.00E9_N_SR_UC,0.0,4.0,4000000000.0
BC501A,68,100,0,43,44,41.5,6.8,JAERI_68MEV_BC501A_T100_FE000,JAERI_68MEV_PEAK_4.00E9_N_SR_UC,0.0,4.0,4000000000.0
BC501A,68,100,0,42,43,38.4,7.2,JAERI_68MEV_BC501A_T100_FE000,JAERI_68MEV_PEAK_4.00E9_N_SR_UC,0.0,4.0,4000000000.0
BC501A,68,100,0,41,42,36.0,7.7,JAERI_68MEV_BC501A_T100_FE000,JAERI_68MEV_PEAK_4.00E9_N_SR_UC,0.0,4.0,4000000000.0
BC501A,68,100,0,40,41,34.2,8.5,JAERI_68MEV_BC501A_T100_FE000,JAERI_68MEV_PEAK_4.00E9_N_SR_UC,0.0,4.0,4000000000.0
BC501A,68,100,0,39,40,33.0,9.5,JAERI_68MEV_BC501A_T100_FE000,JAERI_68MEV_PEAK_4.00E9_N_SR_UC,0.0,4.0,4000000000.0
BC501A,68,100,0,38,39,32.0,10.2,JAERI_68MEV_BC501A_T100_FE000,JAERI_68MEV_PEAK_4.00E9_N_SR_UC,0.0,4.0,4000000000.0
BC501A,68,100,0,37,38,31.0,10.7,JAERI_68MEV_BC501A_T100_FE000,JAERI_68MEV_PEAK_4.00E9_N_SR_UC,0.0,4.0,4000000000.0
BC501A,68,100,0,36,37,29.8,11.0,JAERI_68MEV_BC501A_T100_FE000,JAERI_68MEV_PEAK_4.00E9_N_SR_UC,0.0,4.0,4000000000.0
BC501A,68,100,0,35,36,28.2,11.3,JAERI_68MEV_BC501A_T100_FE000,JAERI_68MEV_PEAK_4.00E9_N_SR_UC,0.0,4.0,4000000000.0
BC501A,68,100,0,34,35,26.2,11.6,JAERI_68MEV_BC501A_T100_FE000,JAERI_68MEV_PEAK_4.00E9_N_SR_UC,0.0,4.0,4000000000.0
BC501A,68,100,0,33,34,23.9,12.2,JAERI_68MEV_BC501A_T100_FE000,JAERI_68MEV_PEAK_4.00E9_N_SR_UC,0.0,4.0,4000000000.0
BC501A,68,100,0,32,33,21.8,12.8,JAERI_68MEV_BC501A_T100_FE000,JAERI_68MEV_PEAK_4.00E9_N_SR_UC,0.0,4.0,4000000000.0
BC501A,68,100,0,31,32,20.2,13.0,JAERI_68MEV_BC501A_T100_FE000,JAERI_68MEV_PEAK_4.00E9_N_SR_UC,0.0,4.0,4000000000.0
BC501A,68,100,0,30,31,19.3,13.0,JAERI_68MEV_BC501A_T100_FE000,JAERI_68MEV_PEAK_4.00E9_N_SR_UC,0.0,4.0,4000000000.0
BC501A,68,100,0,29,30,19.1,12.6,JAERI_68MEV_BC501A_T100_FE000,JAERI_68MEV_PEAK_4.00E9_N_SR_UC,0.0,4.0,4000000000.0
BC501A,68,100,0,28,29,19.3,12.5,JAERI_68MEV_BC501A_T100_FE000,JAERI_68MEV_PEAK_4.00E9_N_SR_UC,0.0,4.0,4000000000.0
BC501A,68,100,0,27,28,19.3,12.9,JAERI_68MEV_BC501A_T100_FE000,JAERI_68MEV_PEAK_4.00E9_N_SR_UC,0.0,4.0,4000000000.0
BC501A,68,100,0,26,27,19.0,13.9,JAERI_68MEV_BC501A_T100_FE000,JAERI_68MEV_PEAK_4.00E9_N_SR_UC,0.0,4.0,4000000000.0
BC501A,68,100,0,25,26,18.0,15.2,JAERI_68MEV_BC501A_T100_FE000,JAERI_68MEV_PEAK_4.00E9_N_SR_UC,0.0,4.0,4000000000.0
BC501A,68,100,0,24,25,16.6,16.5,JAERI_68MEV_BC501A_T100_FE000,JAERI_68MEV_PEAK_4.00E9_N_SR_UC,0.0,4.0,4000000000.0
BC501A,68,100,0,23,24,14.9,16.7,JAERI_68MEV_BC501A_T100_FE000,JAERI_68MEV_PEAK_4.00E9_N_SR_UC,0.0,4.0,4000000000.0
BC501A,68,100,0,22,23,13.2,15.1,JAERI_68MEV_BC501A_T100_FE000,JAERI_68MEV_PEAK_4.00E9_N_SR_UC,0.0,4.0,4000000000.0
BC501A,68,100,0,21,22,11.6,11.9,JAERI_68MEV_BC501A_T100_FE000,JAERI_68MEV_PEAK_4.00E9_N_SR_UC,0.0,4.0,4000000000.0
BC501A,68,100,0,20,21,9.98,8.3,JAERI_68MEV_BC501A_T100_FE000,JAERI_68MEV_PEAK_4.00E9_N_SR_UC,0.0,4.0,4000000000.0
BC501A,68,100,0,19,20,8.44,14.8,JAERI_68MEV_BC501A_T100_FE000,JAERI_68MEV_PEAK_4.00E9_N_SR_UC,0.0,4.0,4000000000.0
BC501A,68,100,0,18,19,7.07,22.8,JAERI_68MEV_BC501A_T100_FE000,JAERI_68MEV_PEAK_4.00E9_N_SR_UC,0.0,4.0,4000000000.0
BC501A,68,100,0,17,18,6.04,26.7,JAERI_68MEV_BC501A_T100_FE000,JAERI_68MEV_PEAK_4.00E9_N_SR_UC,0.0,4.0,4000000000.0
BC501A,68,100,0,16,17,5.5,23.5,JAERI_68MEV_BC501A_T100_FE000,JAERI_68MEV_PEAK_4.00E9_N_SR_UC,0.0,4.0,4000000000.0
BC501A,68,100,0,15,16,5.42,16.2,JAERI_68MEV_BC501A_T100_FE000,JAERI_68MEV_PEAK_4.00E9_N_SR_UC,0.0,4.0,4000000000.0
BC501A,68,100,0,14,15,5.63,10.6,JAERI_68MEV_BC501A_T100_FE000,JAERI_68MEV_PEAK_4.00E9_N_SR_UC,0.0,4.0,4000000000.0
BC501A,68,100,0,13,14,5.87,9.9,JAERI_68MEV_BC501A_T100_FE000,JAERI_68MEV_PEAK_4.00E9_N_SR_UC,0.0,4.0,4000000000.0
BC501A,68,100,0,12,13,6.05,12.6,JAERI_68MEV_BC501A_T100_FE000,JAERI_68MEV_PEAK_4.00E9_N_SR_UC,0.0,4.0,4000000000.0
BC501A,68,100,0,11,12,6.2,15.0,JAERI_68MEV_BC501A_T100_FE000,JAERI_68MEV_PEAK_4.00E9_N_SR_UC,0.0,4.0,4000000000.0
BC501A,68,100,0,10,11,6.4,14.9,JAERI_68MEV_BC501A_T100_FE000,JAERI_68MEV_PEAK_4.00E9_N_SR_UC,0.0,4.0,4000000000.0
BC501A,68,100,0,9,10,6.73,11.6,JAERI_68MEV_BC501A_T100_FE000,JAERI_68MEV_PEAK_4.00E9_N_SR_UC,0.0,4.0,4000000000.0
BC501A,68,100,0,8,9,7.12,5.5,JAERI_68MEV_BC501A_T100_FE000,JAERI_68MEV_PEAK_4.00E9_N_SR_UC,0.0,4.0,4000000000.0
BC501A,68,100,0,7,8,7.19,16.8,JAERI_68MEV_BC501A_T100_FE000,JAERI_68MEV_PEAK_4.00E9_N_SR_UC,0.0,4.0,4000000000.0
BC501A,68,100,0,6,7,6.38,38.1,JAERI_68MEV_BC501A_T100_FE000,JAERI_68MEV_PEAK_4.00E9_N_SR_UC,0.0,4.0,4000000000.0
BC501A,68,150,0,58,60,12.1,5.3,JAERI_68MEV_BC501A_T150_FE000,JAERI_68MEV_PEAK_4.00E9_N_SR_UC,0.0,4.0,4000000000.0
BC501A,68,150,0,68,70,4.22,6.8,JAERI_68MEV_BC501A_T150_FE000,JAERI_68MEV_PEAK_4.00E9_N_SR_UC,0.0,4.0,4000000000.0
BC501A,68,150,0,66,68,9.86,5.8,JAERI_68MEV_BC501A_T150_FE000,JAERI_68MEV_PEAK_4.00E9_N_SR_UC,0.0,4.0,4000000000.0
BC501A,68,150,0,64,66,16.8,4.7,JAERI_68MEV_BC501A_T150_FE000,JAERI_68MEV_PEAK_4.00E9_N_SR_UC,0.0,4.0,4000000000.0
BC501A,68,150,0,62,64,20.7,4.6,JAERI_68MEV_BC501A_T150_FE000,JAERI_68MEV_PEAK_4.00E9_N_SR_UC,0.0,4.0,4000000000.0
BC501A,68,150,0,60,62,18.4,5.0,JAERI_68MEV_BC501A_T150_FE000,JAERI_68MEV_PEAK_4.00E9_N_SR_UC,0.0,4.0,4000000000.0
BC501A,68,150,0,56,58,6.54,5.0,JAERI_68MEV_BC501A_T150_FE000,JAERI_68MEV_PEAK_4.00E9_N_SR_UC,0.0,4.0,4000000000.0
BC501A,68,150,0,54,56,4.04,6.5,JAERI_68MEV_BC501A_T150_FE000,JAERI_68MEV_PEAK_4.00E9_N_SR_UC,0.0,4.0,4000000000.0
BC501A,68,150,0,52,54,3.65,6.9,JAERI_68MEV_BC501A_T150_FE000,JAERI_68MEV_PEAK_4.00E9_N_SR_UC,0.0,4.0,4000000000.0
BC501A,68,150,0,50,52,3.85,6.3,JAERI_68MEV_BC501A_T150_FE000,JAERI_68MEV_PEAK_4.00E9_N_SR_UC,0.0,4.0,4000000000.0
BC501A,68,150,0,48,50,3.88,6.3,JAERI_68MEV_BC501A_T150_FE000,JAERI_68MEV_PEAK_4.00E9_N_SR_UC,0.0,4.0,4000000000.0
BC501A,68,150,0,46,48,3.55,6.9,JAERI_68MEV_BC501A_T150_FE000,JAERI_68MEV_PEAK_4.00E9_N_SR_UC,0.0,4.0,4000000000.0
BC501A,68,150,0,44,46,2.96,7.5,JAERI_68MEV_BC501A_T150_FE000,JAERI_68MEV_PEAK_4.00E9_N_SR_UC,0.0,4.0,4000000000.0
BC501A,68,150,0,43,44,2.51,8.2,JAERI_68MEV_BC501A_T150_FE000,JAERI_68MEV_PEAK_4.00E9_N_SR_UC,0.0,4.0,4000000000.0
BC501A,68,150,0,42,43,2.29,8.7,JAERI_68MEV_BC501A_T150_FE000,JAERI_68MEV_PEAK_4.00E9_N_SR_UC,0.0,4.0,4000000000.0
BC501A,68,150,0,41,42,2.15,9.3,JAERI_68MEV_BC501A_T150_FE000,JAERI_68MEV_PEAK_4.00E9_N_SR_UC,0.0,4.0,4000000000.0
BC501A,68,150,0,40,41,2.11,10.2,JAERI_68MEV_BC501A_T150_FE000,JAERI_68MEV_PEAK_4.00E9_N_SR_UC,0.0,4.0,4000000000.0
BC501A,68,150,0,39,40,2.12,11.2,JAERI_68MEV_BC501A_T150_FE000,JAERI_68MEV_PEAK_4.00E9_N_SR_UC,0.0,4.0,4000000000.0
BC501A,68,150,0,38,39,2.14,11.7,JAERI_68MEV_BC501A_T150_FE000,JAERI_68MEV_PEAK_4.00E9_N_SR_UC,0.0,4.0,4000000000.0
BC501A,68,150,0,37,38,2.15,11.9,JAERI_68MEV_BC501A_T150_FE000,JAERI_68MEV_PEAK_4.00E9_N_SR_UC,0.0,4.0,4000000000.0
BC501A,68,150,0,36,37,2.12,11.7,JAERI_68MEV_BC501A_T150_FE000,JAERI_68MEV_PEAK_4.00E9_N_SR_UC,0.0,4.0,4000000000.0
BC501A,68,150,0,35,36,2.03,11.5,JAERI_68MEV_BC501A_T150_FE000,JAERI_68MEV_PEAK_4.00E9_N_SR_UC,0.0,4.0,4000000000.0
BC501A,68,150,0,34,35,1.89,11.3,JAERI_68MEV_BC501A_T150_FE000,JAERI_68MEV_PEAK_4.00E9_N_SR_UC,0.0,4.0,4000000000.0
BC501A,68,150,0,33,34,1.72,11.6,JAERI_68MEV_BC501A_T150_FE000,JAERI_68MEV_PEAK_4.00E9_N_SR_UC,0.0,4.0,4000000000.0
BC501A,68,150,0,32,33,1.55,12.4,JAERI_68MEV_BC501A_T150_FE000,JAERI_68MEV_PEAK_4.00E9_N_SR_UC,0.0,4.0,4000000000.0
BC501A,68,150,0,31,32,1.42,13.1,JAERI_68MEV_BC501A_T150_FE000,JAERI_68MEV_PEAK_4.00E9_N_SR_UC,0.0,4.0,4000000000.0
BC501A,68,150,0,30,31,1.34,13.1,JAERI_68MEV_BC501A_T150_FE000,JAERI_68MEV_PEAK_4.00E9_N_SR_UC,0.0,4.0,4000000000.0
BC501A,68,150,0,29,30,1.34,12.2,JAERI_68MEV_BC501A_T150_FE000,JAERI_68MEV_PEAK_4.00E9_N_SR_UC,0.0,4.0,4000000000.0
BC501A,68,150,0,28,29,1.37,11.4,JAERI_68MEV_BC501A_T150_FE000,JAERI_68MEV_PEAK_4.00E9_N_SR_UC,0.0,4.0,4000000000.0
BC501A,68,150,0,27,28,1.4,11.6,JAERI_68MEV_BC501A_T150_FE000,JAERI_68MEV_PEAK_4.00E9_N_SR_UC,0.0,4.0,4000000000.0
BC501A,68,150,0,26,27,1.38,13.0,JAERI_68MEV_BC501A_T150_FE000,JAERI_68MEV_PEAK_4.00E9_N_SR_UC,0.0,4.0,4000000000.0
BC501A,68,150,0,25,26,1.31,15.2,JAERI_68MEV_BC501A_T150_FE000,JAERI_68MEV_PEAK_4.00E9_N_SR_UC,0.0,4.0,4000000000.0
BC501A,68,150,0,24,25,1.21,17.3,JAERI_68MEV_BC501A_T150_FE000,JAERI_68MEV_PEAK_4.00E9_N_SR_UC,0.0,4.0,4000000000.0
BC501A,68,150,0,23,24,1.1,17.6,JAERI_68MEV_BC501A_T150_FE000,JAERI_68MEV_PEAK_4.00E9_N_SR_UC,0.0,4.0,4000000000.0
BC501A,68,150,0,22,23,1.01,15.7,JAERI_68MEV_BC501A_T150_FE000,JAERI_68MEV_PEAK_4.00E9_N_SR_UC,0.0,4.0,4000000000.0
BC501A,68,150,0,21,22,0.919,11.7,JAERI_68MEV_BC501A_T150_FE000,JAERI_68MEV_PEAK_4.00E9_N_SR_UC,0.0,4.0,4000000000.0
BC501A,68,150,0,20,21,0.83,7.5,JAERI_68MEV_BC501A_T150_FE000,JAERI_68MEV_PEAK_4.00E9_N_SR_UC,0.0,4.0,4000000000.0
BC501A,68,150,0,19,20,0.735,13.8,JAERI_68MEV_BC501A_T150_FE000,JAERI_68MEV_PEAK_4.00E9_N_SR_UC,0.0,4.0,4000000000.0
BC501A,68,150,0,18,19,0.632,22.1,JAERI_68MEV_BC501A_T150_FE000,JAERI_68MEV_PEAK_4.00E9_N_SR_UC,0.0,4.0,4000000000.0
BC501A,68,150,0,17,18,0.532,26.9,JAERI_68MEV_BC501A_T150_FE000,JAERI_68MEV_PEAK_4.00E9_N_SR_UC,0.0,4.0,4000000000.0
BC501A,68,150,0,16,17,0.461,23.7,JAERI_68MEV_BC501A_T150_FE000,JAERI_68MEV_PEAK_4.00E9_N_SR_UC,0.0,4.0,4000000000.0
BC501A,68,150,0,15,16,0.434,13.7,JAERI_68MEV_BC501A_T150_FE000,JAERI_68MEV_PEAK_4.00E9_N_SR_UC,0.0,4.0,4000000000.0
BC501A,68,150,0,14,15,0.447,11.1,JAERI_68MEV_BC501A_T150_FE000,JAERI_68MEV_PEAK_4.00E9_N_SR_UC,0.0,4.0,4000000000.0
BC501A,68,150,0,13,14,0.473,6.6,JAERI_68MEV_BC501A_T150_FE000,JAERI_68MEV_PEAK_4.00E9_N_SR_UC,0.0,4.0,4000000000.0
BC501A,68,150,0,12,13,0.492,11.4,JAERI_68MEV_BC501A_T150_FE000,JAERI_68MEV_PEAK_4.00E9_N_SR_UC,0.0,4.0,4000000000.0
BC501A,68,150,0,11,12,0.498,14.3,JAERI_68MEV_BC501A_T150_FE000,JAERI_68MEV_PEAK_4.00E9_N_SR_UC,0.0,4.0,4000000000.0
BC501A,68,150,0,10,11,0.501,14.0,JAERI_68MEV_BC501A_T150_FE000,JAERI_68MEV_PEAK_4.00E9_N_SR_UC,0.0,4.0,4000000000.0
BC501A,68,150,0,9,10,0.514,11.4,JAERI_68MEV_BC501A_T150_FE000,JAERI_68MEV_PEAK_4.00E9_N_SR_UC,0.0,4.0,4000000000.0
BC501A,68,150,0,8,9,0.551,7.1,JAERI_68MEV_BC501A_T150_FE000,JAERI_68MEV_PEAK_4.00E9_N_SR_UC,0.0,4.0,4000000000.0
BC501A,68,150,0,7,8,0.592,10.3,JAERI_68MEV_BC501A_T150_FE000,JAERI_68MEV_PEAK_4.00E9_N_SR_UC,0.0,4.0,4000000000.0
BC501A,68,150,0,6,7,0.573,28.0,JAERI_68MEV_BC501A_T150_FE000,JAERI_68MEV_PEAK_4.00E9_N_SR_UC,0.0,4.0,4000000000.0
BC501A,68,200,0,58,60,1.71,6.5,JAERI_68MEV_BC501A_T200_FE000,JAERI_68MEV_PEAK_4.00E9_N_SR_UC,0.0,4.0,4000000000.0
BC501A,68,200,0,68,70,0.535,9.6,JAERI_68MEV_BC501A_T200_FE000,JAERI_68MEV_PEAK_4.00E9_N_SR_UC,0.0,4.0,4000000000.0
BC501A,68,200,0,66,68,1.24,7.5,JAERI_68MEV_BC501A_T200_FE000,JAERI_68MEV_PEAK_4.00E9_N_SR_UC,0.0,4.0,4000000000.0
BC501A,68,200,0,64,66,2.1,5.2,JAERI_68MEV_BC501A_T200_FE000,JAERI_68MEV_PEAK_4.00E9_N_SR_UC,0.0,4.0,4000000000.0
BC501A,68,200,0,62,64,2.62,5.0,JAERI_68MEV_BC501A_T200_FE000,JAERI_68MEV_PEAK_4.00E9_N_SR_UC,0.0,4.0,4000000000.0
BC501A,68,200,0,60,62,2.42,6.1,JAERI_68MEV_BC501A_T200_FE000,JAERI_68MEV_PEAK_4.00E9_N_SR_UC,0.0,4.0,4000000000.0
BC501A,68,200,0,56,58,1.04,5.5,JAERI_68MEV_BC501A_T200_FE000,JAERI_68MEV_PEAK_4.00E9_N_SR_UC,0.0,4.0,4000000000.0
BC501A,68,200,0,54,56,0.685,7.7,JAERI_68MEV_BC501A_T200_FE000,JAERI_68MEV_PEAK_4.00E9_N_SR_UC,0.0,4.0,4000000000.0
BC501A,68,200,0,52,54,0.588,8.6,JAERI_68MEV_BC501A_T200_FE000,JAERI_68MEV_PEAK_4.00E9_N_SR_UC,0.0,4.0,4000000000.0
BC501A,68,200,0,50,52,0.584,7.8,JAERI_68MEV_BC501A_T200_FE000,JAERI_68MEV_PEAK_4.00E9_N_SR_UC,0.0,4.0,4000000000.0
BC501A,68,200,0,48,50,0.582,8.1,JAERI_68MEV_BC501A_T200_FE000,JAERI_68MEV_PEAK_4.00E9_N_SR_UC,0.0,4.0,4000000000.0
BC501A,68,200,0,46,48,0.555,8.8,JAERI_68MEV_BC501A_T200_FE000,JAERI_68MEV_PEAK_4.00E9_N_SR_UC,0.0,4.0,4000000000.0
BC501A,68,200,0,44,46,0.499,9.3,JAERI_68MEV_BC501A_T200_FE000,JAERI_68MEV_PEAK_4.00E9_N_SR_UC,0.0,4.0,4000000000.0
BC501A,68,200,0,43,44,0.454,9.6,JAERI_68MEV_BC501A_T200_FE000,JAERI_68MEV_PEAK_4.00E9_N_SR_UC,0.0,4.0,4000000000.0
BC501A,68,200,0,42,43,0.432,9.9,JAERI_68MEV_BC501A_T200_FE000,JAERI_68MEV_PEAK_4.00E9_N_SR_UC,0.0,4.0,4000000000.0
BC501A,68,200,0,41,42,0.421,10.5,JAERI_68MEV_BC501A_T200_FE000,JAERI_68MEV_PEAK_4.00E9_N_SR_UC,0.0,4.0,4000000000.0
BC501A,68,200,0,40,41,0.42,11.5,JAERI_68MEV_BC501A_T200_FE000,JAERI_68MEV_PEAK_4.00E9_N_SR_UC,0.0,4.0,4000000000.0
BC501A,68,200,0,39,40,0.426,12.5,JAERI_68MEV_BC501A_T200_FE000,JAERI_68MEV_PEAK_4.00E9_N_SR_UC,0.0,4.0,4000000000.0
BC501A,68,200,0,38,39,0.432,13.1,JAERI_68MEV_BC501A_T200_FE000,JAERI_68MEV_PEAK_4.00E9_N_SR_UC,0.0,4.0,4000000000.0
BC501A,68,200,0,37,38,0.434,13.4,JAERI_68MEV_BC501A_T200_FE000,JAERI_68MEV_PEAK_4.00E9_N_SR_UC,0.0,4.0,4000000000.0
BC501A,68,200,0,36,37,0.425,13.2,JAERI_68MEV_BC501A_T200_FE000,JAERI_68MEV_PEAK_4.00E9_N_SR_UC,0.0,4.0,4000000000.0
BC501A,68,200,0,35,36,0.404,12.9,JAERI_68MEV_BC501A_T200_FE000,JAERI_68MEV_PEAK_4.00E9_N_SR_UC,0.0,4.0,4000000000.0
BC501A,68,200,0,34,35,0.374,12.7,JAERI_68MEV_BC501A_T200_FE000,JAERI_68MEV_PEAK_4.00E9_N_SR_UC,0.0,4.0,4000000000.0
BC501A,68,200,0,33,34,0.338,12.8,JAERI_68MEV_BC501A_T200_FE000,JAERI_68MEV_PEAK_4.00E9_N_SR_UC,0.0,4.0,4000000000.0
BC501A,68,200,0,32,33,0.302,13.3,JAERI_68MEV_BC501A_T200_FE000,JAERI_68MEV_PEAK_4.00E9_N_SR_UC,0.0,4.0,4000000000.0
BC501A,68,200,0,31,32,0.272,14.1,JAERI_68MEV_BC501A_T200_FE000,JAERI_68MEV_PEAK_4.00E9_N_SR_UC,0.0,4.0,4000000000.0
BC501A,68,200,0,30,31,0.25,14.3,JAERI_68MEV_BC501A_T200_FE000,JAERI_68MEV_PEAK_4.00E9_N_SR_UC,0.0,4.0,4000000000.0
BC501A,68,200,0,29,30,0.236,13.7,JAERI_68MEV_BC501A_T200_FE000,JAERI_68MEV_PEAK_4.00E9_N_SR_UC,0.0,4.0,4000000000.0
BC501A,68,200,0,28,29,0.225,13.2,JAERI_68MEV_BC501A_T200_FE000,JAERI_68MEV_PEAK_4.00E9_N_SR_UC,0.0,4.0,4000000000.0
BC501A,68,200,0,27,28,0.213,13.9,JAERI_68MEV_BC501A_T200_FE000,JAERI_68MEV_PEAK_4.00E9_N_SR_UC,0.0,4.0,4000000000.0
BC501A,68,200,0,26,27,0.2,15.7,JAERI_68MEV_BC501A_T200_FE000,JAERI_68MEV_PEAK_4.00E9_N_SR_UC,0.0,4.0,4000000000.0
BC501A,68,200,0,25,26,0.187,18.2,JAERI_68MEV_BC501A_T200_FE000,JAERI_68MEV_PEAK_4.00E9_N_SR_UC,0.0,4.0,4000000000.0
BC501A,68,200,0,24,25,0.176,20.1,JAERI_68MEV_BC501A_T200_FE000,JAERI_68MEV_PEAK_4.00E9_N_SR_UC,0.0,4.0,4000000000.0
BC501A,68,200,0,23,24,0.165,20.0,JAERI_68MEV_BC501A_T200_FE000,JAERI_68MEV_PEAK_4.00E9_N_SR_UC,0.0,4.0,4000000000.0
BC501A,68,200,0,22,23,0.154,17.5,JAERI_68MEV_BC501A_T200_FE000,JAERI_68MEV_PEAK_4.00E9_N_SR_UC,0.0,4.0,4000000000.0
BC501A,68,200,0,21,22,0.142,13.5,JAERI_68MEV_BC501A_T200_FE000,JAERI_68MEV_PEAK_4.00E9_N_SR_UC,0.0,4.0,4000000000.0
BC501A,68,200,0,20,21,0.13,9.5,JAERI_68MEV_BC501A_T200_FE000,JAERI_68MEV_PEAK_4.00E9_N_SR_UC,0.0,4.0,4000000000.0
BC501A,68,200,0,19,20,0.119,16.7,JAERI_68MEV_BC501A_T200_FE000,JAERI_68MEV_PEAK_4.00E9_N_SR_UC,0.0,4.0,4000000000.0
BC501A,68,200,0,18,19,0.11,24.5,JAERI_68MEV_BC501A_T200_FE000,JAERI_68MEV_PEAK_4.00E9_N_SR_UC,0.0,4.0,4000000000.0
BC501A,68,200,0,17,18,0.102,27.6,JAERI_68MEV_BC501A_T200_FE000,JAERI_68MEV_PEAK_4.00E9_N_SR_UC,0.0,4.0,4000000000.0
BC501A,68,200,0,16,17,0.0963,23.8,JAERI_68MEV_BC501A_T200_FE000,JAERI_68MEV_PEAK_4.00E9_N_SR_UC,0.0,4.0,4000000000.0
BC501A,68,200,0,15,16,0.0914,15.3,JAERI_68MEV_BC501A_T200_FE000,JAERI_68MEV_PEAK_4.00E9_N_SR_UC,0.0,4.0,4000000000.0
BC501A,68,200,0,14,15,0.0872,12.0,JAERI_68MEV_BC501A_T200_FE000,JAERI_68MEV_PEAK_4.00E9_N_SR_UC,0.0,4.0,4000000000.0
BC501A,68,200,0,13,14,0.0851,7.7,JAERI_68MEV_BC501A_T200_FE000,JAERI_68MEV_PEAK_4.00E9_N_SR_UC,0.0,4.0,4000000000.0
BC501A,68,200,0,12,13,0.0861,12.0,JAERI_68MEV_BC501A_T200_FE000,JAERI_68MEV_PEAK_4.00E9_N_SR_UC,0.0,4.0,4000000000.0
BC501A,68,200,0,11,12,0.0888,14.1,JAERI_68MEV_BC501A_T200_FE000,JAERI_68MEV_PEAK_4.00E9_N_SR_UC,0.0,4.0,4000000000.0
BC501A,68,200,0,10,11,0.0901,13.7,JAERI_68MEV_BC501A_T200_FE000,JAERI_68MEV_PEAK_4.00E9_N_SR_UC,0.0,4.0,4000000000.0
BC501A,68,200,0,9,10,0.0911,11.5,JAERI_68MEV_BC501A_T200_FE000,JAERI_68MEV_PEAK_4.00E9_N_SR_UC,0.0,4.0,4000000000.0
BC501A,68,200,0,8,9,0.0962,7.3,JAERI_68MEV_BC501A_T200_FE000,JAERI_68MEV_PEAK_4.00E9_N_SR_UC,0.0,4.0,4000000000.0
BC501A,68,200,0,7,8,0.104,8.8,JAERI_68MEV_BC501A_T200_FE000,JAERI_68MEV_PEAK_4.00E9_N_SR_UC,0.0,4.0,4000000000.0
BC501A,68,200,0,6,7,0.11,11.9,JAERI_68MEV_BC501A_T200_FE000,JAERI_68MEV_PEAK_4.00E9_N_SR_UC,0.0,4.0,4000000000.0
